hybam,hybam,hybam,hybam,hybam,hybam,grdc,grdc,grdc,grdc,grdc,,,,,
id_station,nom,date,valeur,origine,qualite,YYYY-MM-DD,hh:mm, Original, Calculated, Flag,DATE,,ERROR,,
 , , ,(m3/s), , ,1968-01-01,--:--,-999,"110741,9",100,,,,,
17050001,Obidos,16/02/1968 00:00,,,,1968-02-01,--:--,-999,#N/A,28,16/02/1968 00:00,#VALUE!,,,
17050001,Obidos,16/03/1968 00:00,"155400,0",L,,1968-03-01,--:--,-999,"154785,1",100,16/03/1968 00:00,"614,9","0,40%",,
17050001,Obidos,16/04/1968 00:00,"174900,0",L,,1968-04-01,--:--,-999,"173914,0",100,16/04/1968 00:00,"986,0","0,56%",,
17050001,Obidos,16/05/1968 00:00,"205200,0",L,,1968-05-01,--:--,-999,"197792,4",100,16/05/1968 00:00,"7407,6","3,61%",,
17050001,Obidos,16/06/1968 00:00,"203800,0",L,,1968-06-01,--:--,-999,"196796,3",100,16/06/1968 00:00,"7003,7","3,44%",,
17050001,Obidos,16/07/1968 00:00,"181100,0",L,,1968-07-01,--:--,-999,"179328,5",100,16/07/1968 00:00,"1771,5","0,98%",,
17050001,Obidos,16/08/1968 00:00,"158200,0",L,,1968-08-01,--:--,-999,"157694,3",100,16/08/1968 00:00,"505,7","0,32%",,
17050001,Obidos,16/09/1968 00:00,"140400,0",L,,1968-09-01,--:--,-999,"138373,5",100,16/09/1968 00:00,"2026,5","1,44%",,
17050001,Obidos,16/10/1968 00:00,"129900,0",L,,1968-10-01,--:--,-999,"126982,7",100,16/10/1968 00:00,"2917,3","2,25%",,
17050001,Obidos,16/11/1968 00:00,"120700,0",L,,1968-11-01,--:--,-999,"117262,2",100,16/11/1968 00:00,"3437,8","2,85%",,
17050001,Obidos,16/12/1968 00:00,"121400,0",L,,1968-12-01,--:--,-999,"118056,3",100,16/12/1968 00:00,"3343,7","2,75%",,
17050001,Obidos,16/01/1969 00:00,"136600,0",L,,1969-01-01,--:--,-999,#N/A,0,16/01/1969 00:00,#VALUE!,,,
17050001,Obidos,16/02/1969 00:00,"149400,0",L,,1969-02-01,--:--,-999,#N/A,0,16/02/1969 00:00,#VALUE!,,,
17050001,Obidos,16/03/1969 00:00,"164900,0",L,,1969-03-01,--:--,-999,#N/A,0,16/03/1969 00:00,#VALUE!,,,
17050001,Obidos,16/04/1969 00:00,"193300,0",L,,1969-04-01,--:--,-999,#N/A,0,16/04/1969 00:00,#VALUE!,,,
17050001,Obidos,16/05/1969 00:00,"218600,0",L,,1969-05-01,--:--,-999,#N/A,0,16/05/1969 00:00,#VALUE!,,,
17050001,Obidos,16/06/1969 00:00,"207900,0",L,,1969-06-01,--:--,-999,#N/A,0,16/06/1969 00:00,#VALUE!,,,
17050001,Obidos,16/07/1969 00:00,"186500,0",L,,1969-07-01,--:--,-999,#N/A,0,16/07/1969 00:00,#VALUE!,,,
17050001,Obidos,16/08/1969 00:00,"158000,0",L,,1969-08-01,--:--,-999,#N/A,0,16/08/1969 00:00,#VALUE!,,,
17050001,Obidos,16/09/1969 00:00,"129300,0",L,,1969-09-01,--:--,-999,#N/A,0,16/09/1969 00:00,#VALUE!,,,
17050001,Obidos,16/10/1969 00:00,"102000,0",L,,1969-10-01,--:--,-999,#N/A,0,16/10/1969 00:00,#VALUE!,,,
17050001,Obidos,16/11/1969 00:00,"93060,0",L,,1969-11-01,--:--,-999,#N/A,0,16/11/1969 00:00,#VALUE!,,,
17050001,Obidos,16/12/1969 00:00,"95770,0",L,,1969-12-01,--:--,-999,#N/A,0,16/12/1969 00:00,#VALUE!,,,
17050001,Obidos,16/01/1970 00:00,"114800,0",L,,1970-01-01,--:--,-999,"111497,7",100,16/01/1970 00:00,"3302,3","2,88%",,
17050001,Obidos,16/02/1970 00:00,"141000,0",L,,1970-02-01,--:--,-999,"139064,7",100,16/02/1970 00:00,"1935,3","1,37%",,
17050001,Obidos,16/03/1970 00:00,"172500,0",L,,1970-03-01,--:--,-999,"171539,8",100,16/03/1970 00:00,"960,2","0,56%",,
17050001,Obidos,16/04/1970 00:00,"203200,0",L,,1970-04-01,--:--,-999,"196309,1",100,16/04/1970 00:00,"6890,9","3,39%",,
17050001,Obidos,16/05/1970 00:00,"228400,0",L,,1970-05-01,--:--,-999,"213704,5",100,16/05/1970 00:00,"14695,5","6,43%",,
17050001,Obidos,16/06/1970 00:00,"228500,0",L,,1970-06-01,--:--,-999,"213748,0",100,16/06/1970 00:00,"14752,0","6,46%",,
17050001,Obidos,16/07/1970 00:00,"216000,0",L,,1970-07-01,--:--,-999,"205370,8",100,16/07/1970 00:00,"10629,2","4,92%",,
17050001,Obidos,16/08/1970 00:00,"191200,0",L,,1970-08-01,--:--,-999,"187348,6",100,16/08/1970 00:00,"3851,4","2,01%",,
17050001,Obidos,16/09/1970 00:00,"156000,0",L,,1970-09-01,--:--,-999,"155242,7",100,16/09/1970 00:00,"757,3","0,49%",,
17050001,Obidos,16/10/1970 00:00,"124300,0",L,,1970-10-01,--:--,-999,"121119,2",100,16/10/1970 00:00,"3180,8","2,56%",,
17050001,Obidos,16/11/1970 00:00,"99960,0",L,,1970-11-01,--:--,-999,"97499,6",100,16/11/1970 00:00,"2460,4","2,46%",,
17050001,Obidos,16/12/1970 00:00,"97980,0",L,,1970-12-01,--:--,-999,"94948,1",100,16/12/1970 00:00,"3031,9","3,09%",,
17050001,Obidos,16/01/1971 00:00,"116500,0",L,,1971-01-01,--:--,-999,"113225,4",100,16/01/1971 00:00,"3274,6","2,81%",,
17050001,Obidos,16/02/1971 00:00,"152700,0",L,,1971-02-01,--:--,-999,"151856,4",100,16/02/1971 00:00,"843,6","0,55%",,
17050001,Obidos,16/03/1971 00:00,"186700,0",L,,1971-03-01,--:--,-999,"183793,8",100,16/03/1971 00:00,"2906,2","1,56%",,
17050001,Obidos,16/04/1971 00:00,"225900,0",L,,1971-04-01,--:--,-999,"211922,8",100,16/04/1971 00:00,"13977,2","6,19%",,
17050001,Obidos,16/05/1971 00:00,"247200,0",L,,1971-05-01,--:--,-999,"225843,7",100,16/05/1971 00:00,"21356,3","8,64%",,
17050001,Obidos,16/06/1971 00:00,"253200,0",L,,1971-06-01,--:--,-999,"229665,3",100,16/06/1971 00:00,"23534,7","9,29%",,
17050001,Obidos,16/07/1971 00:00,"242000,0",L,,1971-07-01,--:--,-999,"222508,6",100,16/07/1971 00:00,"19491,4","8,05%",,
17050001,Obidos,16/08/1971 00:00,"214600,0",L,,1971-08-01,--:--,-999,"204313,9",100,16/08/1971 00:00,"10286,1","4,79%",,
17050001,Obidos,16/09/1971 00:00,"176500,0",L,,1971-09-01,--:--,-999,"175032,3",100,16/09/1971 00:00,"1467,7","0,83%",,
17050001,Obidos,16/10/1971 00:00,"139700,0",L,,1971-10-01,--:--,-999,"137589,5",100,16/10/1971 00:00,"2110,5","1,51%",,
17050001,Obidos,16/11/1971 00:00,"125700,0",L,,1971-11-01,--:--,-999,"122611,6",100,16/11/1971 00:00,"3088,4","2,46%",,
17050001,Obidos,16/12/1971 00:00,"131500,0",L,,1971-12-01,--:--,-999,"128677,9",100,16/12/1971 00:00,"2822,1","2,15%",,
17050001,Obidos,16/01/1972 00:00,"134700,0",L,,1972-01-01,--:--,-999,"132154,5",100,16/01/1972 00:00,"2545,5","1,89%",,
17050001,Obidos,16/02/1972 00:00,"168300,0",L,,1972-02-01,--:--,-999,"167595,9",100,16/02/1972 00:00,"704,1","0,42%",,
17050001,Obidos,16/03/1972 00:00,"203900,0",L,,1972-03-01,--:--,-999,"196814,5",100,16/03/1972 00:00,"7085,5","3,47%",,
17050001,Obidos,16/04/1972 00:00,"223800,0",L,,1972-04-01,--:--,-999,"210609,4",100,16/04/1972 00:00,"13190,6","5,89%",,
17050001,Obidos,16/05/1972 00:00,"242800,0",L,,1972-05-01,--:--,-999,"223108,1",100,16/05/1972 00:00,"19691,9","8,11%",,
17050001,Obidos,16/06/1972 00:00,"243500,0",L,,1972-06-01,--:--,-999,"223495,3",100,16/06/1972 00:00,"20004,7","8,22%",,
17050001,Obidos,16/07/1972 00:00,"228400,0",L,,1972-07-01,--:--,-999,"213668,1",100,16/07/1972 00:00,"14731,9","6,45%",,
17050001,Obidos,16/08/1972 00:00,"199300,0",L,,1972-08-01,--:--,-999,"193345,6",100,16/08/1972 00:00,"5954,4","2,99%",,
17050001,Obidos,16/09/1972 00:00,"166700,0",L,,1972-09-01,--:--,-999,"166340,2",100,16/09/1972 00:00,"359,8","0,22%",,
17050001,Obidos,16/10/1972 00:00,"137100,0",L,,1972-10-01,--:--,-999,"134821,5",100,16/10/1972 00:00,"2278,5","1,66%",,
17050001,Obidos,16/11/1972 00:00,"114500,0",L,,1972-11-01,--:--,-999,"111012,3",100,16/11/1972 00:00,"3487,7","3,05%",,
17050001,Obidos,16/12/1972 00:00,"121300,0",L,,1972-12-01,--:--,-999,"118047,1",100,16/12/1972 00:00,"3252,9","2,68%",,
17050001,Obidos,16/01/1973 00:00,"139800,0",L,,1973-01-01,--:--,-999,"137766,3",100,16/01/1973 00:00,"2033,7","1,45%",,
17050001,Obidos,16/02/1973 00:00,"150900,0",L,,1973-02-01,--:--,-999,"149919,4",100,16/02/1973 00:00,"980,6","0,65%",,
17050001,Obidos,16/03/1973 00:00,"171500,0",L,,1973-03-01,--:--,-999,"171003,1",100,16/03/1973 00:00,"496,9","0,29%",,
17050001,Obidos,16/04/1973 00:00,"196100,0",L,,1973-04-01,--:--,-999,"191107,4",100,16/04/1973 00:00,"4992,6","2,55%",,
17050001,Obidos,16/05/1973 00:00,"225400,0",L,,1973-05-01,--:--,-999,"211706,1",100,16/05/1973 00:00,"13693,9","6,08%",,
17050001,Obidos,16/06/1973 00:00,"238900,0",L,,1973-06-01,--:--,-999,"220576,1",100,16/06/1973 00:00,"18323,9","7,67%",,
17050001,Obidos,16/07/1973 00:00,"231000,0",L,,1973-07-01,--:--,-999,"215424,8",100,16/07/1973 00:00,"15575,2","6,74%",,
17050001,Obidos,16/08/1973 00:00,"212300,0",L,,1973-08-01,--:--,-999,"202745,6",100,16/08/1973 00:00,"9554,4","4,50%",,
17050001,Obidos,16/09/1973 00:00,"182700,0",L,,1973-09-01,--:--,-999,"180523,2",100,16/09/1973 00:00,"2176,8","1,19%",,
17050001,Obidos,16/10/1973 00:00,"155500,0",L,,1973-10-01,--:--,-999,"154875,5",100,16/10/1973 00:00,"624,5","0,40%",,
17050001,Obidos,16/11/1973 00:00,"135100,0",L,,1973-11-01,--:--,-999,"132536,5",100,16/11/1973 00:00,"2563,5","1,90%",,
17050001,Obidos,16/12/1973 00:00,"139400,0",L,,1973-12-01,--:--,-999,"137395,7",100,16/12/1973 00:00,"2004,3","1,44%",,
17050001,Obidos,16/01/1974 00:00,"154000,0",L,,1974-01-01,--:--,-999,"153294,7",100,16/01/1974 00:00,"705,3","0,46%",,
17050001,Obidos,16/02/1974 00:00,"181300,0",L,,1974-02-01,--:--,-999,"179367,1",100,16/02/1974 00:00,"1932,9","1,07%",,
17050001,Obidos,16/03/1974 00:00,"208400,0",L,,1974-03-01,--:--,-999,"200067,9",100,16/03/1974 00:00,"8332,1","4,00%",,
17050001,Obidos,16/04/1974 00:00,"233100,0",L,,1974-04-01,--:--,-999,"216786,0",100,16/04/1974 00:00,"16314,0","7,00%",,
17050001,Obidos,16/05/1974 00:00,"249600,0",L,,1974-05-01,--:--,-999,"227363,4",100,16/05/1974 00:00,"22236,6","8,91%",,
17050001,Obidos,16/06/1974 00:00,"248800,0",L,,1974-06-01,--:--,-999,"226867,0",100,16/06/1974 00:00,"21933,0","8,82%",,
17050001,Obidos,16/07/1974 00:00,"234600,0",L,,1974-07-01,--:--,-999,"217710,0",100,16/07/1974 00:00,"16890,0","7,20%",,
17050001,Obidos,16/08/1974 00:00,"210900,0",L,,1974-08-01,--:--,-999,"201766,2",100,16/08/1974 00:00,"9133,8","4,33%",,
17050001,Obidos,16/09/1974 00:00,"178500,0",L,,1974-09-01,--:--,-999,"176909,5",100,16/09/1974 00:00,"1590,5","0,89%",,
17050001,Obidos,16/10/1974 00:00,"147500,0",L,,1974-10-01,--:--,-999,"146177,2",100,16/10/1974 00:00,"1322,8","0,90%",,
17050001,Obidos,16/11/1974 00:00,"134700,0",L,,1974-11-01,--:--,-999,"132199,8",100,16/11/1974 00:00,"2500,2","1,86%",,
17050001,Obidos,16/12/1974 00:00,"135100,0",L,,1974-12-01,--:--,-999,"132515,4",100,16/12/1974 00:00,"2584,6","1,91%",,
17050001,Obidos,16/01/1975 00:00,"150400,0",L,,1975-01-01,--:--,-999,"149356,4",100,16/01/1975 00:00,"1043,6","0,69%",,
17050001,Obidos,16/02/1975 00:00,"175700,0",L,,1975-02-01,--:--,-999,"174716,5",100,16/02/1975 00:00,"983,5","0,56%",,
17050001,Obidos,16/03/1975 00:00,"203800,0",L,,1975-03-01,--:--,-999,"196726,9",100,16/03/1975 00:00,"7073,1","3,47%",,
17050001,Obidos,16/04/1975 00:00,"235000,0",L,,1975-04-01,--:--,-999,"218041,8",100,16/04/1975 00:00,"16958,2","7,22%",,
17050001,Obidos,16/05/1975 00:00,"255100,0",L,,1975-05-01,--:--,-999,"230835,7",100,16/05/1975 00:00,"24264,3","9,51%",,
17050001,Obidos,16/06/1975 00:00,"259900,0",L,,1975-06-01,--:--,-999,"233813,6",100,16/06/1975 00:00,"26086,4","10,04%",,
17050001,Obidos,16/07/1975 00:00,"246400,0",L,,1975-07-01,--:--,-999,"225305,2",100,16/07/1975 00:00,"21094,8","8,56%",,
17050001,Obidos,16/08/1975 00:00,"224400,0",L,,1975-08-01,--:--,-999,"210982,1",100,16/08/1975 00:00,"13417,9","5,98%",,
17050001,Obidos,16/09/1975 00:00,"191600,0",L,,1975-09-01,--:--,-999,"187481,4",100,16/09/1975 00:00,"4118,6","2,15%",,
17050001,Obidos,16/10/1975 00:00,"150900,0",L,,1975-10-01,--:--,-999,"149756,7",100,16/10/1975 00:00,"1143,3","0,76%",,
17050001,Obidos,16/11/1975 00:00,"117000,0",L,,1975-11-01,--:--,-999,"113621,0",100,16/11/1975 00:00,"3379,0","2,89%",,
17050001,Obidos,16/12/1975 00:00,"116400,0",L,,1975-12-01,--:--,-999,"113055,4",100,16/12/1975 00:00,"3344,6","2,87%",,
17050001,Obidos,16/01/1976 00:00,"139800,0",L,,1976-01-01,--:--,-999,"137729,9",100,16/01/1976 00:00,"2070,1","1,48%",,
17050001,Obidos,16/02/1976 00:00,"173700,0",L,,1976-02-01,--:--,-999,"172823,9",100,16/02/1976 00:00,"876,1","0,50%",,
17050001,Obidos,16/03/1976 00:00,"202000,0",L,,1976-03-01,--:--,-999,"195348,2",100,16/03/1976 00:00,"6651,8","3,29%",,
17050001,Obidos,16/04/1976 00:00,"239800,0",L,,1976-04-01,--:--,-999,"221059,3",100,16/04/1976 00:00,"18740,7","7,82%",,
17050001,Obidos,16/05/1976 00:00,"265400,0",L,,1976-05-01,--:--,-999,"237236,8",100,16/05/1976 00:00,"28163,2","10,61%",,
17050001,Obidos,16/06/1976 00:00,"265400,0",L,,1976-06-01,--:--,-999,"237210,7",100,16/06/1976 00:00,"28189,3","10,62%",,
17050001,Obidos,16/07/1976 00:00,"249900,0",L,,1976-07-01,--:--,-999,"227536,3",100,16/07/1976 00:00,"22363,7","8,95%",,
17050001,Obidos,16/08/1976 00:00,"212100,0",L,,1976-08-01,--:--,-999,"202393,0",100,16/08/1976 00:00,"9707,0","4,58%",,
17050001,Obidos,16/09/1976 00:00,"163700,0",L,,1976-09-01,--:--,-999,"162660,4",100,16/09/1976 00:00,"1039,6","0,64%",,
17050001,Obidos,16/10/1976 00:00,"118700,0",L,,1976-10-01,--:--,-999,"115489,6",100,16/10/1976 00:00,"3210,4","2,70%",,
17050001,Obidos,16/11/1976 00:00,"99930,0",L,,1976-11-01,--:--,-999,"96814,1",100,16/11/1976 00:00,"3115,9","3,12%",,
17050001,Obidos,16/12/1976 00:00,"110100,0",L,,1976-12-01,--:--,-999,"106729,4",100,16/12/1976 00:00,"3370,6","3,06%",,
17050001,Obidos,16/01/1977 00:00,"134600,0",L,,1977-01-01,--:--,-999,"132216,8",100,16/01/1977 00:00,"2383,2","1,77%",,
17050001,Obidos,16/02/1977 00:00,"148900,0",L,,1977-02-01,--:--,-999,"147613,3",100,16/02/1977 00:00,"1286,7","0,86%",,
17050001,Obidos,16/03/1977 00:00,"166600,0",L,,1977-03-01,--:--,-999,"165998,6",100,16/03/1977 00:00,"601,4","0,36%",,
17050001,Obidos,16/04/1977 00:00,"201800,0",L,,1977-04-01,--:--,-999,"195175,8",100,16/04/1977 00:00,"6624,2","3,28%",,
17050001,Obidos,16/05/1977 00:00,"237700,0",L,,1977-05-01,--:--,-999,"219794,3",100,16/05/1977 00:00,"17905,7","7,53%",,
17050001,Obidos,16/06/1977 00:00,"246100,0",L,,1977-06-01,--:--,-999,"225144,3",100,16/06/1977 00:00,"20955,7","8,52%",,
17050001,Obidos,16/07/1977 00:00,"232300,0",L,,1977-07-01,--:--,-999,"216218,2",100,16/07/1977 00:00,"16081,8","6,92%",,
17050001,Obidos,16/08/1977 00:00,"198400,0",L,,1977-08-01,--:--,-999,"192583,4",100,16/08/1977 00:00,"5816,6","2,93%",,
17050001,Obidos,16/09/1977 00:00,"155200,0",L,,1977-09-01,--:--,-999,"154202,4",100,16/09/1977 00:00,"997,6","0,64%",,
17050001,Obidos,16/10/1977 00:00,"124600,0",L,,1977-10-01,--:--,-999,"121310,5",100,16/10/1977 00:00,"3289,5","2,64%",,
17050001,Obidos,16/11/1977 00:00,"128100,0",L,,1977-11-01,--:--,-999,"125120,6",100,16/11/1977 00:00,"2979,4","2,33%",,
17050001,Obidos,16/12/1977 00:00,"139800,0",L,,1977-12-01,--:--,-999,"137732,0",100,16/12/1977 00:00,"2068,0","1,48%",,
17050001,Obidos,16/01/1978 00:00,"164700,0",L,,1978-01-01,--:--,-999,"164349,8",100,16/01/1978 00:00,"350,2","0,21%",,
17050001,Obidos,16/02/1978 00:00,"173900,0",L,,1978-02-01,--:--,-999,"173281,9",100,16/02/1978 00:00,"618,1","0,36%",,
17050001,Obidos,16/03/1978 00:00,"194600,0",L,,1978-03-01,--:--,-999,"189963,6",100,16/03/1978 00:00,"4636,4","2,38%",,
17050001,Obidos,16/04/1978 00:00,"216400,0",L,,1978-04-01,--:--,-999,"205589,6",100,16/04/1978 00:00,"10810,4","5,00%",,
17050001,Obidos,16/05/1978 00:00,"236600,0",L,,1978-05-01,--:--,-999,"219088,8",100,16/05/1978 00:00,"17511,3","7,40%",,
17050001,Obidos,16/06/1978 00:00,"238200,0",L,,1978-06-01,--:--,-999,"220099,3",100,16/06/1978 00:00,"18100,7","7,60%",,
17050001,Obidos,16/07/1978 00:00,"222200,0",L,,1978-07-01,--:--,-999,"209568,8",100,16/07/1978 00:00,"12631,2","5,68%",,
17050001,Obidos,16/08/1978 00:00,"191900,0",L,,1978-08-01,--:--,-999,"187666,3",100,16/08/1978 00:00,"4233,7","2,21%",,
17050001,Obidos,16/09/1978 00:00,"151800,0",L,,1978-09-01,--:--,-999,"150748,0",100,16/09/1978 00:00,"1052,0","0,69%",,
17050001,Obidos,16/10/1978 00:00,"120700,0",L,,1978-10-01,--:--,-999,"117298,4",100,16/10/1978 00:00,"3401,6","2,82%",,
17050001,Obidos,16/11/1978 00:00,"117700,0",L,,1978-11-01,--:--,-999,"114321,7",100,16/11/1978 00:00,"3378,3","2,87%",,
17050001,Obidos,16/12/1978 00:00,"124700,0",L,,1978-12-01,--:--,-999,"121633,9",100,16/12/1978 00:00,"3066,1","2,46%",,
17050001,Obidos,16/01/1979 00:00,"155000,0",L,,1979-01-01,--:--,-999,"154457,7",100,16/01/1979 00:00,"542,3","0,35%",,
17050001,Obidos,16/02/1979 00:00,"168800,0",L,,1979-02-01,--:--,-999,"168767,9",100,16/02/1979 00:00,"32,1","0,02%",,
17050001,Obidos,16/03/1979 00:00,"184100,0",L,,1979-03-01,--:--,-999,"181793,0",100,16/03/1979 00:00,"2307,0","1,25%",,
17050001,Obidos,16/04/1979 00:00,"214700,0",L,,1979-04-01,--:--,-999,"204447,8",100,16/04/1979 00:00,"10252,2","4,78%",,
17050001,Obidos,16/05/1979 00:00,"240400,0",L,,1979-05-01,--:--,-999,"221537,3",100,16/05/1979 00:00,"18862,7","7,85%",,
17050001,Obidos,16/06/1979 00:00,"243700,0",L,,1979-06-01,--:--,-999,"223647,8",100,16/06/1979 00:00,"20052,2","8,23%",,
17050001,Obidos,16/07/1979 00:00,"221600,0",L,,1979-07-01,--:--,-999,"209061,4",100,16/07/1979 00:00,"12538,6","5,66%",,
17050001,Obidos,16/08/1979 00:00,"177200,0",L,,1979-08-01,--:--,-999,"175272,1",100,16/08/1979 00:00,"1927,9","1,09%",,
17050001,Obidos,16/09/1979 00:00,"131500,0",L,,1979-09-01,--:--,-999,"128831,0",100,16/09/1979 00:00,"2669,0","2,03%",,
17050001,Obidos,16/10/1979 00:00,"98590,0",L,,1979-10-01,--:--,-999,"95489,1",100,16/10/1979 00:00,"3100,9","3,15%",,
17050001,Obidos,16/11/1979 00:00,"97640,0",L,,1979-11-01,--:--,-999,"94654,9",100,16/11/1979 00:00,"2985,1","3,06%",,
17050001,Obidos,16/12/1979 00:00,"104600,0",L,,1979-12-01,--:--,-999,"101435,5",100,16/12/1979 00:00,"3164,5","3,03%",,
17050001,Obidos,16/01/1980 00:00,"128500,0",L,,1980-01-01,--:--,-999,"125546,7",100,16/01/1980 00:00,"2953,3","2,30%",,
17050001,Obidos,16/02/1980 00:00,"143500,0",L,,1980-02-01,--:--,-999,"141886,4",100,16/02/1980 00:00,"1613,6","1,12%",,
17050001,Obidos,16/03/1980 00:00,"151300,0",L,,1980-03-01,--:--,-999,"150256,9",100,16/03/1980 00:00,"1043,1","0,69%",,
17050001,Obidos,16/04/1980 00:00,"169200,0",L,,1980-04-01,--:--,-999,"168765,6",100,16/04/1980 00:00,"434,4","0,26%",,
17050001,Obidos,16/05/1980 00:00,"183500,0",L,,1980-05-01,--:--,-999,"181414,8",100,16/05/1980 00:00,"2085,2","1,14%",,
17050001,Obidos,16/06/1980 00:00,"187800,0",L,,1980-06-01,--:--,-999,"184876,6",100,16/06/1980 00:00,"2923,4","1,56%",,
17050001,Obidos,16/07/1980 00:00,"178300,0",L,,1980-07-01,--:--,-999,"177003,2",100,16/07/1980 00:00,"1296,8","0,73%",,
17050001,Obidos,16/08/1980 00:00,"151200,0",L,,1980-08-01,--:--,-999,"150218,2",100,16/08/1980 00:00,"981,8","0,65%",,
17050001,Obidos,16/09/1980 00:00,"114700,0",L,,1980-09-01,--:--,-999,"111394,5",100,16/09/1980 00:00,"3305,5","2,88%",,
17050001,Obidos,16/10/1980 00:00,"95840,0",L,,1980-10-01,--:--,-999,"92847,2",100,16/10/1980 00:00,"2992,8","3,12%",,
17050001,Obidos,16/11/1980 00:00,"108800,0",L,,1980-11-01,--:--,-999,"105504,3",100,16/11/1980 00:00,"3295,7","3,03%",,
17050001,Obidos,16/12/1980 00:00,"119800,0",L,,1980-12-01,--:--,-999,"116381,8",100,16/12/1980 00:00,"3418,2","2,85%",,
17050001,Obidos,16/01/1981 00:00,"131100,0",L,,1981-01-01,--:--,-999,"128259,9",100,16/01/1981 00:00,"2840,1","2,17%",,
17050001,Obidos,16/02/1981 00:00,"150600,0",L,,1981-02-01,--:--,-999,"149625,6",100,16/02/1981 00:00,"974,4","0,65%",,
17050001,Obidos,16/03/1981 00:00,"169700,0",L,,1981-03-01,--:--,-999,"169240,5",100,16/03/1981 00:00,"459,5","0,27%",,
17050001,Obidos,16/04/1981 00:00,"195400,0",L,,1981-04-01,--:--,-999,"190658,9",100,16/04/1981 00:00,"4741,1","2,43%",,
17050001,Obidos,16/05/1981 00:00,"203100,0",L,,1981-05-01,--:--,-999,"196318,9",100,16/05/1981 00:00,"6781,1","3,34%",,
17050001,Obidos,16/06/1981 00:00,"200200,0",L,,1981-06-01,--:--,-999,"194275,4",100,16/06/1981 00:00,"5924,6","2,96%",,
17050001,Obidos,16/07/1981 00:00,"191800,0",L,,1981-07-01,--:--,-999,"187916,7",100,16/07/1981 00:00,"3883,3","2,02%",,
17050001,Obidos,16/08/1981 00:00,"169600,0",L,,1981-08-01,--:--,-999,"169043,9",100,16/08/1981 00:00,"556,1","0,33%",,
17050001,Obidos,16/09/1981 00:00,"132200,0",L,,1981-09-01,--:--,-999,"129675,6",100,16/09/1981 00:00,"2524,4","1,91%",,
17050001,Obidos,16/10/1981 00:00,"97970,0",L,,1981-10-01,--:--,-999,"94881,2",100,16/10/1981 00:00,"3088,8","3,15%",,
17050001,Obidos,16/11/1981 00:00,"92830,0",L,,1981-11-01,--:--,-999,"89976,0",100,16/11/1981 00:00,"2854,0","3,07%",,
17050001,Obidos,16/12/1981 00:00,"104200,0",L,,1981-12-01,--:--,-999,"100998,8",100,16/12/1981 00:00,"3201,2","3,07%",,
17050001,Obidos,16/01/1982 00:00,"140800,0",L,,1982-01-01,--:--,-999,"138997,8",100,16/01/1982 00:00,"1802,2","1,28%",,
17050001,Obidos,16/02/1982 00:00,"178400,0",L,,1982-02-01,--:--,-999,"176956,0",100,16/02/1982 00:00,"1444,0","0,81%",,
17050001,Obidos,16/03/1982 00:00,"205300,0",L,,1982-03-01,--:--,-999,"197955,1",100,16/03/1982 00:00,"7344,9","3,58%",,
17050001,Obidos,16/04/1982 00:00,"230400,0",L,,1982-04-01,--:--,-999,"215014,0",100,16/04/1982 00:00,"15386,0","6,68%",,
17050001,Obidos,16/05/1982 00:00,"257200,0",L,,1982-05-01,--:--,-999,"232150,2",100,16/05/1982 00:00,"25049,8","9,74%",,
17050001,Obidos,16/06/1982 00:00,"256900,0",L,,1982-06-01,--:--,-999,"231956,9",100,16/06/1982 00:00,"24943,1","9,71%",,
17050001,Obidos,16/07/1982 00:00,"235900,0",L,,1982-07-01,--:--,-999,"218557,9",100,16/07/1982 00:00,"17342,1","7,35%",,
17050001,Obidos,16/08/1982 00:00,"197400,0",L,,1982-08-01,--:--,-999,"191797,2",100,16/08/1982 00:00,"5602,8","2,84%",,
17050001,Obidos,16/09/1982 00:00,"153800,0",L,,1982-09-01,--:--,-999,"152812,2",100,16/09/1982 00:00,"987,8","0,64%",,
17050001,Obidos,16/10/1982 00:00,"114700,0",L,,1982-10-01,--:--,-999,"111375,8",100,16/10/1982 00:00,"3324,2","2,90%",,
17050001,Obidos,16/11/1982 00:00,"103200,0",L,,1982-11-01,--:--,-999,"100045,8",100,16/11/1982 00:00,"3154,2","3,06%",,
17050001,Obidos,16/12/1982 00:00,"120100,0",L,,1982-12-01,--:--,-999,"116886,0",100,16/12/1982 00:00,"3214,0","2,68%",,
17050001,Obidos,16/01/1983 00:00,"142100,0",L,,1983-01-01,--:--,-999,"140253,2",100,16/01/1983 00:00,"1846,8","1,30%",,
17050001,Obidos,16/02/1983 00:00,"154700,0",L,,1983-02-01,--:--,-999,"154130,1",100,16/02/1983 00:00,"569,9","0,37%",,
17050001,Obidos,16/03/1983 00:00,"160100,0",L,,1983-03-01,--:--,-999,"160129,5",100,16/03/1983 00:00,"29,5","0,02%",,
17050001,Obidos,16/04/1983 00:00,"178300,0",L,,1983-04-01,--:--,-999,"177110,3",100,16/04/1983 00:00,"1189,7","0,67%",,
17050001,Obidos,16/05/1983 00:00,"189200,0",L,,1983-05-01,--:--,-999,"185937,7",100,16/05/1983 00:00,"3262,3","1,72%",,
17050001,Obidos,16/06/1983 00:00,"190800,0",L,,1983-06-01,--:--,-999,"187199,3",100,16/06/1983 00:00,"3600,7","1,89%",,
17050001,Obidos,16/07/1983 00:00,"172300,0",L,,1983-07-01,--:--,-999,"171603,0",100,16/07/1983 00:00,"697,0","0,40%",,
17050001,Obidos,16/08/1983 00:00,"135800,0",L,,1983-08-01,--:--,-999,"133510,6",100,16/08/1983 00:00,"2289,4","1,69%",,
17050001,Obidos,16/09/1983 00:00,"104100,0",L,,1983-09-01,--:--,-999,"100798,4",100,16/09/1983 00:00,"3301,6","3,17%",,
17050001,Obidos,16/10/1983 00:00,"92430,0",L,,1983-10-01,--:--,-999,"89527,9",100,16/10/1983 00:00,"2902,1","3,14%",,
17050001,Obidos,16/11/1983 00:00,"94510,0",L,,1983-11-01,--:--,-999,"91635,8",100,16/11/1983 00:00,"2874,2","3,04%",,
17050001,Obidos,16/12/1983 00:00,"109900,0",L,,1983-12-01,--:--,-999,"106582,5",100,16/12/1983 00:00,"3317,5","3,02%",,
17050001,Obidos,16/01/1984 00:00,"136800,0",L,,1984-01-01,--:--,-999,"134583,3",100,16/01/1984 00:00,"2216,7","1,62%",,
17050001,Obidos,16/02/1984 00:00,"160300,0",L,,1984-02-01,--:--,-999,"160033,8",100,16/02/1984 00:00,"266,2","0,17%",,
17050001,Obidos,16/03/1984 00:00,"190100,0",L,,1984-03-01,--:--,-999,"186509,3",100,16/03/1984 00:00,"3590,7","1,89%",,
17050001,Obidos,16/04/1984 00:00,"217500,0",L,,1984-04-01,--:--,-999,"206362,7",100,16/04/1984 00:00,"11137,3","5,12%",,
17050001,Obidos,16/05/1984 00:00,"240900,0",L,,1984-05-01,--:--,-999,"221883,2",100,16/05/1984 00:00,"19016,8","7,89%",,
17050001,Obidos,16/06/1984 00:00,"236500,0",L,,1984-06-01,--:--,-999,"219019,5",100,16/06/1984 00:00,"17480,5","7,39%",,
17050001,Obidos,16/07/1984 00:00,"221000,0",L,,1984-07-01,--:--,-999,"208728,9",100,16/07/1984 00:00,"12271,1","5,55%",,
17050001,Obidos,16/08/1984 00:00,"191800,0",L,,1984-08-01,--:--,-999,"187678,3",100,16/08/1984 00:00,"4121,7","2,15%",,
17050001,Obidos,16/09/1984 00:00,"155000,0",L,,1984-09-01,--:--,-999,"154271,6",100,16/09/1984 00:00,"728,4","0,47%",,
17050001,Obidos,16/10/1984 00:00,"121500,0",L,,1984-10-01,--:--,-999,"118239,7",100,16/10/1984 00:00,"3260,3","2,68%",,
17050001,Obidos,16/11/1984 00:00,"112700,0",L,,1984-11-01,--:--,-999,"109259,1",100,16/11/1984 00:00,"3441,0","3,05%",,
17050001,Obidos,16/12/1984 00:00,"121300,0",L,,1984-12-01,--:--,-999,"118080,4",100,16/12/1984 00:00,"3219,6","2,65%",,
17050001,Obidos,16/01/1985 00:00,"150600,0",L,,1985-01-01,--:--,-999,"149413,2",100,16/01/1985 00:00,"1186,8","0,79%",,
17050001,Obidos,16/02/1985 00:00,"178300,0",L,,1985-02-01,--:--,-999,"177096,9",100,16/02/1985 00:00,"1203,1","0,67%",,
17050001,Obidos,16/03/1985 00:00,"180700,0",L,,1985-03-01,--:--,-999,"179074,2",100,16/03/1985 00:00,"1625,8","0,90%",,
17050001,Obidos,16/04/1985 00:00,"184200,0",L,,1985-04-01,--:--,-999,"181956,8",100,16/04/1985 00:00,"2243,2","1,22%",,
17050001,Obidos,16/05/1985 00:00,"197300,0",L,,1985-05-01,--:--,-999,"192023,4",100,16/05/1985 00:00,"5276,6","2,67%",,
17050001,Obidos,16/06/1985 00:00,"202800,0",L,,1985-06-01,--:--,-999,"196091,9",100,16/06/1985 00:00,"6708,1","3,31%",,
17050001,Obidos,16/07/1985 00:00,"192100,0",L,,1985-07-01,--:--,-999,"188105,9",100,16/07/1985 00:00,"3994,1","2,08%",,
17050001,Obidos,16/08/1985 00:00,"170700,0",L,,1985-08-01,--:--,-999,"170266,5",100,16/08/1985 00:00,"433,5","0,25%",,
17050001,Obidos,16/09/1985 00:00,"148700,0",L,,1985-09-01,--:--,-999,"147458,2",100,16/09/1985 00:00,"1241,8","0,84%",,
17050001,Obidos,16/10/1985 00:00,"124000,0",L,,1985-10-01,--:--,-999,"120740,7",100,16/10/1985 00:00,"3259,3","2,63%",,
17050001,Obidos,16/11/1985 00:00,"117100,0",L,,1985-11-01,--:--,-999,"113648,7",100,16/11/1985 00:00,"3451,3","2,95%",,
17050001,Obidos,16/12/1985 00:00,"129100,0",L,,1985-12-01,--:--,-999,"126253,6",100,16/12/1985 00:00,"2846,4","2,20%",,
17050001,Obidos,16/01/1986 00:00,"149600,0",L,,1986-01-01,--:--,-999,"148333,9",100,16/01/1986 00:00,"1266,1","0,85%",,
17050001,Obidos,16/02/1986 00:00,"163400,0",L,,1986-02-01,--:--,-999,"163286,3",100,16/02/1986 00:00,"113,7","0,07%",,
17050001,Obidos,16/03/1986 00:00,"190100,0",L,,1986-03-01,--:--,-999,"186551,1",100,16/03/1986 00:00,"3548,9","1,87%",,
17050001,Obidos,16/04/1986 00:00,"218900,0",L,,1986-04-01,--:--,-999,"207334,2",100,16/04/1986 00:00,"11565,8","5,28%",,
17050001,Obidos,16/05/1986 00:00,"234700,0",L,,1986-05-01,--:--,-999,"217888,5",100,16/05/1986 00:00,"16811,5","7,16%",,
17050001,Obidos,16/06/1986 00:00,"234100,0",L,,1986-06-01,--:--,-999,"217487,2",100,16/06/1986 00:00,"16612,8","7,10%",,
17050001,Obidos,16/07/1986 00:00,"230300,0",L,,1986-07-01,--:--,-999,"214968,2",100,16/07/1986 00:00,"15331,8","6,66%",,
17050001,Obidos,16/08/1986 00:00,"206700,0",L,,1986-08-01,--:--,-999,"198692,9",100,16/08/1986 00:00,"8007,1","3,87%",,
17050001,Obidos,16/09/1986 00:00,"162700,0",L,,1986-09-01,--:--,-999,"161866,3",100,16/09/1986 00:00,"833,7","0,51%",,
17050001,Obidos,16/10/1986 00:00,"132800,0",L,,1986-10-01,--:--,-999,"130026,2",100,16/10/1986 00:00,"2773,8","2,09%",,
17050001,Obidos,16/11/1986 00:00,"135900,0",L,,1986-11-01,--:--,-999,"133402,5",100,16/11/1986 00:00,"2497,5","1,84%",,
17050001,Obidos,16/12/1986 00:00,"145400,0",L,,1986-12-01,--:--,-999,"143982,5",100,16/12/1986 00:00,"1417,5","0,97%",,
17050001,Obidos,16/01/1987 00:00,"157900,0",L,,1987-01-01,--:--,-999,"157639,0",100,16/01/1987 00:00,"261,0","0,17%",,
17050001,Obidos,16/02/1987 00:00,"172500,0",L,,1987-02-01,--:--,-999,"171972,8",100,16/02/1987 00:00,"527,2","0,31%",,
17050001,Obidos,16/03/1987 00:00,"196700,0",L,,1987-03-01,--:--,-999,"191567,0",100,16/03/1987 00:00,"5133,0","2,61%",,
17050001,Obidos,16/04/1987 00:00,"216800,0",L,,1987-04-01,--:--,-999,"205915,0",100,16/04/1987 00:00,"10885,0","5,02%",,
17050001,Obidos,16/05/1987 00:00,"230300,0",L,,1987-05-01,--:--,-999,"214966,9",100,16/05/1987 00:00,"15333,1","6,66%",,
17050001,Obidos,16/06/1987 00:00,"222700,0",L,,1987-06-01,--:--,-999,"209898,9",100,16/06/1987 00:00,"12801,1","5,75%",,
17050001,Obidos,16/07/1987 00:00,"200900,0",L,,1987-07-01,--:--,-999,"194541,5",100,16/07/1987 00:00,"6358,5","3,17%",,
17050001,Obidos,16/08/1987 00:00,"166000,0",L,,1987-08-01,--:--,-999,"165279,3",100,16/08/1987 00:00,"720,8","0,43%",,
17050001,Obidos,16/09/1987 00:00,"129600,0",L,,1987-09-01,--:--,-999,"126818,0",100,16/09/1987 00:00,"2782,0","2,15%",,
17050001,Obidos,16/10/1987 00:00,"100500,0",L,,1987-10-01,--:--,-999,"97323,7",100,16/10/1987 00:00,"3176,3","3,16%",,
17050001,Obidos,16/11/1987 00:00,"96730,0",L,,1987-11-01,--:--,-999,"93710,1",100,16/11/1987 00:00,"3019,9","3,12%",,
17050001,Obidos,16/12/1987 00:00,"111100,0",L,,1987-12-01,--:--,-999,"107764,4",100,16/12/1987 00:00,"3335,6","3,00%",,
17050001,Obidos,16/01/1988 00:00,"135500,0",L,,1988-01-01,--:--,-999,"133152,9",100,16/01/1988 00:00,"2347,1","1,73%",,
17050001,Obidos,16/02/1988 00:00,"161500,0",L,,1988-02-01,--:--,-999,"161079,2",100,16/02/1988 00:00,"420,8","0,26%",,
17050001,Obidos,16/03/1988 00:00,"191500,0",L,,1988-03-01,--:--,-999,"187639,6",100,16/03/1988 00:00,"3860,4","2,02%",,
17050001,Obidos,16/04/1988 00:00,"205100,0",L,,1988-04-01,--:--,-999,"197787,4",100,16/04/1988 00:00,"7312,6","3,57%",,
17050001,Obidos,16/05/1988 00:00,"223900,0",L,,1988-05-01,--:--,-999,"210744,5",100,16/05/1988 00:00,"13155,5","5,88%",,
17050001,Obidos,16/06/1988 00:00,"228900,0",L,,1988-06-01,--:--,-999,"214063,5",100,16/06/1988 00:00,"14836,5","6,48%",,
17050001,Obidos,16/07/1988 00:00,"216900,0",L,,1988-07-01,--:--,-999,"205945,5",100,16/07/1988 00:00,"10954,5","5,05%",,
17050001,Obidos,16/08/1988 00:00,"184900,0",L,,1988-08-01,--:--,-999,"182085,1",100,16/08/1988 00:00,"2814,9","1,52%",,
17050001,Obidos,16/09/1988 00:00,"136600,0",L,,1988-09-01,--:--,-999,"134448,3",100,16/09/1988 00:00,"2151,7","1,58%",,
17050001,Obidos,16/10/1988 01:00,"98140,0",L,,1988-10-01,--:--,-999,"95029,6",100,16/10/1988 01:00,"3110,4","3,17%",,
17050001,Obidos,16/11/1988 00:00,"100200,0",L,,1988-11-01,--:--,-999,"97112,5",100,16/11/1988 00:00,"3087,5","3,08%",,
17050001,Obidos,16/12/1988 00:00,"125700,0",L,,1988-12-01,--:--,-999,"122772,2",100,16/12/1988 00:00,"2927,8","2,33%",,
17050001,Obidos,16/01/1989 00:00,"146300,0",L,,1989-01-01,--:--,-999,"144861,9",100,16/01/1989 00:00,"1438,1","0,98%",,
17050001,Obidos,16/02/1989 00:00,"175600,0",L,,1989-02-01,--:--,-999,"174041,1",100,16/02/1989 00:00,"1558,9","0,89%",,
17050001,Obidos,16/03/1989 00:00,"217400,0",L,,1989-03-01,--:--,-999,"206199,4",100,16/03/1989 00:00,"11200,6","5,15%",,
17050001,Obidos,16/04/1989 00:00,"249600,0",L,,1989-04-01,--:--,-999,"227354,2",100,16/04/1989 00:00,"22245,8","8,91%",,
17050001,Obidos,16/05/1989 00:00,"266400,0",L,,1989-05-01,--:--,-999,"237865,6",100,16/05/1989 00:00,"28534,4","10,71%",,
17050001,Obidos,16/06/1989 00:00,"271200,0",L,,1989-06-01,--:--,-999,"240839,6",100,16/06/1989 00:00,"30360,4","11,19%",,
17050001,Obidos,16/07/1989 00:00,"257500,0",L,,1989-07-01,--:--,-999,"232305,3",100,16/07/1989 00:00,"25194,7","9,78%",,
17050001,Obidos,16/08/1989 00:00,"227100,0",L,,1989-08-01,--:--,-999,"212716,5",100,16/08/1989 00:00,"14383,5","6,33%",,
17050001,Obidos,16/09/1989 00:00,"182400,0",L,,1989-09-01,--:--,-999,"179829,5",100,16/09/1989 00:00,"2570,5","1,41%",,
17050001,Obidos,16/10/1989 00:00,"136300,0",L,,1989-10-01,--:--,-999,"133989,7",100,16/10/1989 00:00,"2310,3","1,69%",,
17050001,Obidos,16/11/1989 00:00,"129500,0",L,,1989-11-01,--:--,-999,"126552,7",100,16/11/1989 00:00,"2947,3","2,28%",,
17050001,Obidos,16/12/1989 00:00,"129300,0",L,,1989-12-01,--:--,-999,"126264,6",100,16/12/1989 00:00,"3035,4","2,35%",,
17050001,Obidos,16/01/1990 00:00,"125100,0",L,,1990-01-01,--:--,-999,"121882,5",100,16/01/1990 00:00,"3217,5","2,57%",,
17050001,Obidos,16/02/1990 00:00,"151200,0",L,,1990-02-01,--:--,-999,"150115,9",100,16/02/1990 00:00,"1084,1","0,72%",,
17050001,Obidos,16/03/1990 00:00,"194200,0",L,,1990-03-01,--:--,-999,"189612,9",100,16/03/1990 00:00,"4587,1","2,36%",,
17050001,Obidos,16/04/1990 00:00,"215700,0",L,,1990-04-01,--:--,-999,"205147,3",100,16/04/1990 00:00,"10552,7","4,89%",,
17050001,Obidos,16/05/1990 00:00,"230100,0",L,,1990-05-01,--:--,-999,"214830,7",100,16/05/1990 00:00,"15269,3","6,64%",,
17050001,Obidos,16/06/1990 00:00,"229900,0",L,,1990-06-01,--:--,-999,"214697,4",100,16/06/1990 00:00,"15202,6","6,61%",,
17050001,Obidos,16/07/1990 00:00,"217600,0",L,,1990-07-01,--:--,-999,"206469,4",100,16/07/1990 00:00,"11130,6","5,12%",,
17050001,Obidos,16/08/1990 00:00,"192300,0",L,,1990-08-01,--:--,-999,"188041,9",100,16/08/1990 00:00,"4258,1","2,21%",,
17050001,Obidos,16/09/1990 00:00,"152600,0",L,,1990-09-01,--:--,-999,"151619,4",100,16/09/1990 00:00,"980,6","0,64%",,
17050001,Obidos,16/10/1990 00:00,"105600,0",L,,1990-10-01,--:--,-999,"102418,1",100,16/10/1990 00:00,"3181,9","3,01%",,
17050001,Obidos,16/11/1990 00:00,"92080,0",L,,1990-11-01,--:--,-999,"89195,4",100,16/11/1990 00:00,"2884,6","3,13%",,
17050001,Obidos,16/12/1990 00:00,"116600,0",L,,1990-12-01,--:--,-999,"113346,8",100,16/12/1990 00:00,"3253,2","2,79%",,
17050001,Obidos,16/01/1991 00:00,"148800,0",L,,1991-01-01,--:--,-999,"147565,3",100,16/01/1991 00:00,"1234,7","0,83%",,
17050001,Obidos,16/02/1991 00:00,"175900,0",L,,1991-02-01,--:--,-999,"175162,6",100,16/02/1991 00:00,"737,4","0,42%",,
17050001,Obidos,16/03/1991 00:00,"182200,0",L,,1991-03-01,--:--,-999,"180263,2",100,16/03/1991 00:00,"1936,8","1,06%",,
17050001,Obidos,16/04/1991 00:00,"210300,0",L,,1991-04-01,--:--,-999,"201346,2",100,16/04/1991 00:00,"8953,8","4,26%",,
17050001,Obidos,16/05/1991 00:00,"232500,0",L,,1991-05-01,--:--,-999,"216429,6",100,16/05/1991 00:00,"16070,4","6,91%",,
17050001,Obidos,16/06/1991 00:00,"238100,0",L,,1991-06-01,--:--,-999,"220063,8",100,16/06/1991 00:00,"18036,2","7,58%",,
17050001,Obidos,16/07/1991 00:00,"222900,0",L,,1991-07-01,--:--,-999,"209980,7",100,16/07/1991 00:00,"12919,3","5,80%",,
17050001,Obidos,16/08/1991 00:00,"198700,0",L,,1991-08-01,--:--,-999,"192913,2",100,16/08/1991 00:00,"5786,8","2,91%",,
17050001,Obidos,16/09/1991 00:00,"156100,0",L,,1991-09-01,--:--,-999,"155025,6",100,16/09/1991 00:00,"1074,4","0,69%",,
17050001,Obidos,16/10/1991 00:00,"106100,0",L,,1991-10-01,--:--,-999,"102834,6",100,16/10/1991 00:00,"3265,4","3,08%",,
17050001,Obidos,16/11/1991 00:00,"86600,0",L,,1991-11-01,--:--,-999,"83720,8",100,16/11/1991 00:00,"2879,2","3,32%",,
17050001,Obidos,16/12/1991 00:00,"98770,0",L,,1991-12-01,--:--,-999,"95725,4",100,16/12/1991 00:00,"3044,6","3,08%",,
17050001,Obidos,16/01/1992 00:00,"111900,0",L,,1992-01-01,--:--,-999,"108588,0",100,16/01/1992 00:00,"3312,0","2,96%",,
17050001,Obidos,16/02/1992 00:00,"127200,0",L,,1992-02-01,--:--,-999,"124164,3",100,16/02/1992 00:00,"3035,7","2,39%",,
17050001,Obidos,16/03/1992 00:00,"145900,0",L,,1992-03-01,--:--,-999,"144466,3",100,16/03/1992 00:00,"1433,7","0,98%",,
17050001,Obidos,16/04/1992 00:00,"182800,0",L,,1992-04-01,--:--,-999,"180718,1",100,16/04/1992 00:00,"2081,9","1,14%",,
17050001,Obidos,16/05/1992 00:00,"192100,0",L,,1992-05-01,--:--,-999,"188217,5",100,16/05/1992 00:00,"3882,5","2,02%",,
17050001,Obidos,16/06/1992 00:00,"178900,0",L,,1992-06-01,--:--,-999,"177507,3",100,16/06/1992 00:00,"1392,7","0,78%",,
17050001,Obidos,16/07/1992 00:00,"157500,0",L,,1992-07-01,--:--,-999,"157059,4",100,16/07/1992 00:00,"440,6","0,28%",,
17050001,Obidos,16/08/1992 00:00,"136900,0",L,,1992-08-01,--:--,-999,"134555,4",100,16/08/1992 00:00,"2344,6","1,71%",,
17050001,Obidos,16/09/1992 00:00,"117300,0",L,,1992-09-01,--:--,-999,"113818,4",100,16/09/1992 00:00,"3481,6","2,97%",,
17050001,Obidos,16/10/1992 00:00,"106200,0",L,,1992-10-01,--:--,-999,"102910,3",100,16/10/1992 00:00,"3289,7","3,10%",,
17050001,Obidos,16/11/1992 00:00,"96230,0",L,,1992-11-01,--:--,-999,"93185,1",100,16/11/1992 00:00,"3044,9","3,16%",,
17050001,Obidos,16/12/1992 00:00,"116200,0",L,,1992-12-01,--:--,-999,"112994,5",100,16/12/1992 00:00,"3205,5","2,76%",,
17050001,Obidos,16/01/1993 00:00,"146700,0",L,,1993-01-01,--:--,-999,"145308,5",100,16/01/1993 00:00,"1391,5","0,95%",,
17050001,Obidos,16/02/1993 00:00,"169100,0",L,,1993-02-01,--:--,-999,"168676,2",100,16/02/1993 00:00,"423,8","0,25%",,
17050001,Obidos,16/03/1993 00:00,"200700,0",L,,1993-03-01,--:--,-999,"194421,5",100,16/03/1993 00:00,"6278,5","3,13%",,
17050001,Obidos,16/04/1993 00:00,"230200,0",L,,1993-04-01,--:--,-999,"214889,8",100,16/04/1993 00:00,"15310,2","6,65%",,
17050001,Obidos,16/05/1993 00:00,"244300,0",L,,1993-05-01,--:--,-999,"224030,1",100,16/05/1993 00:00,"20269,9","8,30%",,
17050001,Obidos,16/06/1993 00:00,"240100,0",L,,1993-06-01,--:--,-999,"221311,4",100,16/06/1993 00:00,"18788,6","7,83%",,
17050001,Obidos,16/07/1993 00:00,"223100,0",L,,1993-07-01,--:--,-999,"210123,0",100,16/07/1993 00:00,"12977,0","5,82%",,
17050001,Obidos,16/08/1993 00:00,"190800,0",L,,1993-08-01,--:--,-999,"186813,1",100,16/08/1993 00:00,"3986,9","2,09%",,
17050001,Obidos,16/09/1993 00:00,"151100,0",L,,1993-09-01,--:--,-999,"149982,6",100,16/09/1993 00:00,"1117,4","0,74%",,
17050001,Obidos,16/10/1993 00:00,"119800,0",L,,1993-10-01,--:--,-999,"116513,9",100,16/10/1993 00:00,"3286,1","2,74%",,
17050001,Obidos,16/11/1993 00:00,"114900,0",L,,1993-11-01,--:--,-999,"111538,4",100,16/11/1993 00:00,"3361,6","2,93%",,
17050001,Obidos,16/12/1993 00:00,"140400,0",L,,1993-12-01,--:--,-999,"138401,2",100,16/12/1993 00:00,"1998,8","1,42%",,
17050001,Obidos,16/01/1994 00:00,"171400,0",L,,1994-01-01,--:--,-999,"170702,9",100,16/01/1994 00:00,"697,1","0,41%",,
17050001,Obidos,16/02/1994 00:00,"198100,0",L,,1994-02-01,--:--,-999,"192623,1",100,16/02/1994 00:00,"5476,9","2,76%",,
17050001,Obidos,16/03/1994 00:00,"225300,0",L,,1994-03-01,--:--,-999,"211647,4",100,16/03/1994 00:00,"13652,7","6,06%",,
17050001,Obidos,16/04/1994 00:00,"243500,0",L,,1994-04-01,--:--,-999,"223530,8",100,16/04/1994 00:00,"19969,2","8,20%",,
17050001,Obidos,16/05/1994 00:00,"254600,0",L,,1994-05-01,--:--,-999,"230535,0",100,16/05/1994 00:00,"24065,0","9,45%",,
17050001,Obidos,16/06/1994 00:00,"255000,0",L,,1994-06-01,--:--,-999,"230638,1",100,16/06/1994 00:00,"24361,9","9,55%",,
17050001,Obidos,16/07/1994 00:00,"245000,0",L,,1994-07-01,--:--,-999,"224449,9",100,16/07/1994 00:00,"20550,1","8,39%",,
17050001,Obidos,16/08/1994 00:00,"214700,0",L,,1994-08-01,--:--,-999,"204312,2",100,16/08/1994 00:00,"10387,8","4,84%",,
17050001,Obidos,16/09/1994 00:00,"176100,0",L,,1994-09-01,--:--,-999,"174683,4",100,16/09/1994 00:00,"1416,6","0,80%",,
17050001,Obidos,16/10/1994 01:00,"139300,0",L,,1994-10-01,--:--,-999,"137121,4",100,16/10/1994 01:00,"2178,6","1,56%",,
17050001,Obidos,16/11/1994 00:00,"115100,0",L,,1994-11-01,--:--,-999,"111652,9",100,16/11/1994 00:00,"3447,1","2,99%",,
17050001,Obidos,16/12/1994 00:00,"119700,0",L,,1994-12-01,--:--,-999,"116452,9",100,16/12/1994 00:00,"3247,1","2,71%",,
17050001,Obidos,16/01/1995 00:00,"143700,0",L,,1995-01-01,--:--,-999,"142011,4",100,16/01/1995 00:00,"1688,6","1,18%",,
17050001,Obidos,16/02/1995 00:00,"153000,0",L,,1995-02-01,--:--,-999,"152196,9",100,16/02/1995 00:00,"803,1","0,52%",,
17050001,Obidos,16/03/1995 00:00,"163900,0",L,,1995-03-01,--:--,-999,"163881,8",100,16/03/1995 00:00,"18,2","0,01%",,
17050001,Obidos,16/04/1995 00:00,"188000,0",L,,1995-04-01,--:--,-999,"184751,1",100,16/04/1995 00:00,"3248,9","1,73%",,
17050001,Obidos,16/05/1995 00:00,"217000,0",L,,1995-05-01,--:--,-999,"206057,0",100,16/05/1995 00:00,"10943,0","5,04%",,
17050001,Obidos,16/06/1995 00:00,"223200,0",L,,1995-06-01,--:--,-999,"210311,8",100,16/06/1995 00:00,"12888,2","5,77%",,
17050001,Obidos,16/07/1995 00:00,"206500,0",L,,1995-07-01,--:--,-999,"198653,0",100,16/07/1995 00:00,"7847,0","3,80%",,
17050001,Obidos,16/08/1995 00:00,"171900,0",L,,1995-08-01,--:--,-999,"170717,5",100,16/08/1995 00:00,"1182,5","0,69%",,
17050001,Obidos,16/09/1995 00:00,"113900,0",L,,1995-09-01,--:--,-999,"110954,1",100,16/09/1995 00:00,"2945,9","2,59%",,
17050001,Obidos,16/10/1995 00:00,"79910,0",L,,1995-10-01,--:--,-999,"76565,6",100,16/10/1995 00:00,"3344,4","4,19%",,
17050001,Obidos,16/11/1995 00:00,"83340,0",L,,1995-11-01,--:--,-999,"80163,0",100,16/11/1995 00:00,"3177,0","3,81%",,
17050001,Obidos,16/12/1995 00:00,"114100,0",L,,1995-12-01,--:--,-999,"110819,0",100,16/12/1995 00:00,"3281,0","2,88%",,
17050001,Obidos,16/01/1996 00:00,"139500,0",L,,1996-01-01,--:--,-999,"137373,9",100,16/01/1996 00:00,"2126,1","1,52%",,
17050001,Obidos,16/02/1996 00:00,"164100,0",L,,1996-02-01,--:--,-999,"163814,6",100,16/02/1996 00:00,"285,4","0,17%",,
17050001,Obidos,16/03/1996 00:00,"199800,0",L,,1996-03-01,--:--,-999,"193612,6",100,16/03/1996 00:00,"6187,4","3,10%",,
17050001,Obidos,16/04/1996 00:00,"232200,0",L,,1996-04-01,--:--,-999,"216217,2",100,16/04/1996 00:00,"15982,8","6,88%",,
17050001,Obidos,16/05/1996 00:00,"247600,0",L,,1996-05-01,--:--,-999,"226097,5",100,16/05/1996 00:00,"21502,5","8,68%",,
17050001,Obidos,16/06/1996 00:00,"246800,0",L,,1996-06-01,--:--,-999,"225645,7",100,16/06/1996 00:00,"21154,3","8,57%",,
17050001,Obidos,16/07/1996 00:00,"229500,0",L,,1996-07-01,--:--,-999,"214370,5",100,16/07/1996 00:00,"15129,5","6,59%",,
17050001,Obidos,16/08/1996 00:00,"197500,0",L,,1996-08-01,--:--,-999,"191934,6",100,16/08/1996 00:00,"5565,4","2,82%",,
17050001,Obidos,16/09/1996 00:00,"154200,0",L,,1996-09-01,--:--,-999,"153335,3",100,16/09/1996 00:00,"864,7","0,56%",,
17050001,Obidos,16/10/1996 00:00,"114100,0",L,,1996-10-01,--:--,-999,"110739,2",100,16/10/1996 00:00,"3360,8","2,95%",,
17050001,Obidos,16/11/1996 00:00,"111800,0",L,,1996-11-01,--:--,-999,"108330,7",100,16/11/1996 00:00,"3469,3","3,10%",,
17050001,Obidos,16/12/1996 00:00,"124900,0",L,,1996-12-01,--:--,-999,"121664,7",100,16/12/1996 00:00,"3235,3","2,59%",,
17050001,Obidos,16/01/1997 00:00,"140700,0",L,,1997-01-01,--:--,-999,"138680,0",100,16/01/1997 00:00,"2020,0","1,44%",,
17050001,Obidos,16/02/1997 00:00,"161400,0",L,,1997-02-01,--:--,-999,"161276,7",100,16/02/1997 00:00,"123,3","0,08%",,
17050001,Obidos,16/03/1997 00:00,"192600,0",L,,1997-03-01,--:--,-999,"188222,9",100,16/03/1997 00:00,"4377,1","2,27%",,
17050001,Obidos,16/04/1997 00:00,"239300,0",L,,1997-04-01,--:--,-999,"220733,6",100,16/04/1997 00:00,"18566,4","7,76%",,
17050001,Obidos,16/05/1997 00:00,"262400,0",L,,1997-05-01,--:--,-999,"235363,4",100,16/05/1997 00:00,"27036,7","10,30%",,
17050001,Obidos,16/06/1997 00:00,"253800,0",L,,1997-06-01,--:--,-999,"229964,0",100,16/06/1997 00:00,"23836,0","9,39%",,
17050001,Obidos,16/07/1997 00:00,"225000,0",L,,1997-07-01,--:--,-999,"211346,9",100,16/07/1997 00:00,"13653,1","6,07%",,
17050001,Obidos,16/08/1997 00:00,"182200,0",L,,1997-08-01,--:--,-999,"179678,0",100,16/08/1997 00:00,"2522,0","1,38%",,
17050001,Obidos,16/09/1997 00:00,"127200,0",L,,1997-09-01,--:--,-999,"124595,4",100,16/09/1997 00:00,"2604,6","2,05%",,
17050001,Obidos,16/10/1997 00:00,"80550,0",L,,1997-10-01,--:--,-999,"77189,3",100,16/10/1997 00:00,"3360,7","4,17%",,
17050001,Obidos,16/11/1997 00:00,"76390,0",L,,1997-11-01,--:--,-999,"72500,5",100,16/11/1997 00:00,"3889,5","5,09%",,
17050001,Obidos,16/12/1997 00:00,"94700,0",L,,1997-12-01,--:--,-999,"91783,4",100,16/12/1997 00:00,"2916,6","3,08%",,
17050001,Obidos,16/01/1998 00:00,"118700,0",L,,1998-01-01,--:--,-999,"115416,5",100,16/01/1998 00:00,"3283,5","2,77%",,
17050001,Obidos,16/02/1998 00:00,"134000,0",L,,1998-02-01,--:--,-999,"131383,5",100,16/02/1998 00:00,"2616,5","1,95%",,
17050001,Obidos,16/03/1998 00:00,"153200,0",L,,1998-03-01,--:--,-999,"152515,5",100,16/03/1998 00:00,"684,5","0,45%",,
17050001,Obidos,16/04/1998 00:00,"175400,0",L,,1998-04-01,--:--,-999,"174568,2",100,16/04/1998 00:00,"831,8","0,47%",,
17050001,Obidos,16/05/1998 00:00,"200000,0",L,,1998-05-01,--:--,-999,"193998,8",100,16/05/1998 00:00,"6001,2","3,00%",,
17050001,Obidos,16/06/1998 00:00,"210000,0",L,,1998-06-01,--:--,-999,"201291,1",100,16/06/1998 00:00,"8708,9","4,15%",,
17050001,Obidos,16/07/1998 00:00,"204300,0",L,,1998-07-01,--:--,-999,"197176,4",100,16/07/1998 00:00,"7123,6","3,49%",,
17050001,Obidos,16/08/1998 00:00,"177300,0",L,,1998-08-01,--:--,-999,"175723,0",100,16/08/1998 00:00,"1577,0","0,89%",,
17050001,Obidos,16/09/1998 00:00,"130700,0",L,,1998-09-01,--:--,-999,"128179,8",100,16/09/1998 00:00,"2520,2","1,93%",,
17050001,Obidos,16/10/1998 00:00,"86710,0",L,,1998-10-01,--:--,-999,"83588,1",100,16/10/1998 00:00,"3121,9","3,60%",,
17050001,Obidos,16/11/1998 00:00,"88090,0",L,,1998-11-01,--:--,-999,"85062,3",100,16/11/1998 00:00,"3027,7","3,44%",,
17050001,Obidos,16/12/1998 00:00,"116000,0",L,,1998-12-01,--:--,-999,"112590,0",100,16/12/1998 00:00,"3410,0","2,94%",,
17050001,Obidos,16/01/1999 00:00,"133000,0",L,,1999-01-01,--:--,-999,"130448,3",100,16/01/1999 00:00,"2551,7","1,92%",,
17050001,Obidos,16/02/1999 00:00,"166500,0",L,,1999-02-01,--:--,-999,"165966,5",100,16/02/1999 00:00,"533,5","0,32%",,
17050001,Obidos,16/03/1999 00:00,"208600,0",L,,1999-03-01,--:--,-999,"200097,2",100,16/03/1999 00:00,"8502,8","4,08%",,
17050001,Obidos,16/04/1999 00:00,"235200,0",L,,1999-04-01,--:--,-999,"218181,4",100,16/04/1999 00:00,"17018,6","7,24%",,
17050001,Obidos,16/05/1999 00:00,"256400,0",L,,1999-05-01,--:--,-999,"231611,2",100,16/05/1999 00:00,"24788,8","9,67%",,
17050001,Obidos,16/06/1999 00:00,"265400,0",L,,1999-06-01,--:--,-999,"237262,6",100,16/06/1999 00:00,"28137,4","10,60%",,
17050001,Obidos,16/07/1999 00:00,"249300,0",L,,1999-07-01,--:--,-999,"227182,3",100,16/07/1999 00:00,"22117,7","8,87%",,
17050001,Obidos,16/08/1999 00:00,"220800,0",L,,1999-08-01,--:--,-999,"208533,5",100,16/08/1999 00:00,"12266,5","5,56%",,
17050001,Obidos,16/09/1999 00:00,"177300,0",L,,1999-09-01,--:--,-999,"175116,0",100,16/09/1999 00:00,"2184,0","1,23%",,
17050001,Obidos,16/10/1999 00:00,"123100,0",L,,1999-10-01,--:--,-999,"119945,9",100,16/10/1999 00:00,"3154,1","2,56%",,
17050001,Obidos,16/11/1999 00:00,"96840,0",L,,1999-11-01,--:--,-999,"93802,0",100,16/11/1999 00:00,"3038,0","3,14%",,
17050001,Obidos,16/12/1999 00:00,"98560,0",L,,1999-12-01,--:--,-999,"95512,1",100,16/12/1999 00:00,"3047,9","3,09%",,
17050001,Obidos,16/01/2000 00:00,"129500,0",L,,2000-01-01,--:--,-999,"126725,9",100,16/01/2000 00:00,"2774,1","2,14%",,
17050001,Obidos,16/02/2000 00:00,"154100,0",L,,2000-02-01,--:--,-999,"153439,5",100,16/02/2000 00:00,"660,5","0,43%",,
17050001,Obidos,16/03/2000 00:00,"183600,0",L,,2000-03-01,--:--,-999,"181099,4",100,16/03/2000 00:00,"2500,6","1,36%",,
17050001,Obidos,16/04/2000 00:00,"220900,0",L,,2000-04-01,--:--,-999,"208660,1",100,16/04/2000 00:00,"12239,9","5,54%",,
17050001,Obidos,16/05/2000 00:00,"249100,0",L,,2000-05-01,--:--,-999,"227073,1",100,16/05/2000 00:00,"22026,9","8,84%",,
17050001,Obidos,16/06/2000 00:00,"250200,0",L,,2000-06-01,--:--,-999,"227745,4",100,16/06/2000 00:00,"22454,6","8,97%",,
17050001,Obidos,16/07/2000 00:00,"238400,0",L,,2000-07-01,--:--,-999,"220240,7",100,16/07/2000 00:00,"18159,3","7,62%",,
17050001,Obidos,16/08/2000 00:00,"214500,0",L,,2000-08-01,--:--,-999,"204246,4",100,16/08/2000 00:00,"10253,6","4,78%",,
17050001,Obidos,16/09/2000 00:00,"175500,0",L,,2000-09-01,--:--,-999,"174013,9",100,16/09/2000 00:00,"1486,1","0,85%",,
17050001,Obidos,16/10/2000 00:00,"136300,0",L,,2000-10-01,--:--,-999,"133905,2",100,16/10/2000 00:00,"2394,8","1,76%",,
17050001,Obidos,16/11/2000 00:00,"118200,0",L,,2000-11-01,--:--,-999,"114717,1",100,16/11/2000 00:00,"3482,9","2,95%",,
17050001,Obidos,16/12/2000 00:00,"113000,0",L,,2000-12-01,--:--,-999,"109532,1",100,16/12/2000 00:00,"3467,9","3,07%",,
17050001,Obidos,16/01/2001 00:00,"134400,0",L,,2001-01-01,--:--,-999,"131942,8",100,16/01/2001 00:00,"2457,2","1,83%",,
17050001,Obidos,16/02/2001 00:00,"168800,0",L,,2001-02-01,--:--,-999,"168334,2",100,16/02/2001 00:00,"465,8","0,28%",,
17050001,Obidos,16/03/2001 00:00,"202000,0",L,,2001-03-01,--:--,-999,"195429,7",100,16/03/2001 00:00,"6570,3","3,25%",,
17050001,Obidos,16/04/2001 00:00,"236400,0",L,,2001-04-01,--:--,-999,"218934,8",100,16/04/2001 00:00,"17465,2","7,39%",,
17050001,Obidos,16/05/2001 00:00,"246300,0",L,,2001-05-01,--:--,-999,"225291,6",100,16/05/2001 00:00,"21008,4","8,53%",,
17050001,Obidos,16/06/2001 00:00,"242200,0",L,,2001-06-01,--:--,-999,"222683,3",100,16/06/2001 00:00,"19516,7","8,06%",,
17050001,Obidos,16/07/2001 00:00,"226300,0",L,,2001-07-01,--:--,-999,"212124,7",100,16/07/2001 00:00,"14175,3","6,26%",,
17050001,Obidos,16/08/2001 00:00,"190000,0",L,,2001-08-01,--:--,-999,"186212,1",100,16/08/2001 00:00,"3787,9","1,99%",,
17050001,Obidos,16/09/2001 00:00,"147700,0",L,,2001-09-01,--:--,-999,"146360,9",100,16/09/2001 00:00,"1339,1","0,91%",,
17050001,Obidos,16/10/2001 00:00,"108200,0",L,,2001-10-01,--:--,-999,"104969,1",100,16/10/2001 00:00,"3230,9","2,99%",,
17050001,Obidos,16/11/2001 00:00,"93670,0",L,,2001-11-01,--:--,-999,"90676,0",100,16/11/2001 00:00,"2994,0","3,20%",,
17050001,Obidos,16/12/2001 00:00,"107700,0",L,,2001-12-01,--:--,-999,"104055,1",100,16/12/2001 00:00,"3644,9","3,38%",,
17050001,Obidos,16/01/2002 00:00,"145600,0",L,,2002-01-01,--:--,-999,"143649,4",100,16/01/2002 00:00,"1950,6","1,34%",,
17050001,Obidos,16/02/2002 00:00,"159400,0",L,,2002-02-01,--:--,-999,"158893,5",100,16/02/2002 00:00,"506,5","0,32%",,
17050001,Obidos,16/03/2002 00:00,"186300,0",L,,2002-03-01,--:--,-999,"183255,5",100,16/03/2002 00:00,"3044,5","1,63%",,
17050001,Obidos,16/04/2002 00:00,"214100,0",L,,2002-04-01,--:--,-999,"203689,2",100,16/04/2002 00:00,"10410,8","4,86%",,
17050001,Obidos,16/05/2002 00:00,"232300,0",L,,2002-05-01,--:--,-999,"216142,0",100,16/05/2002 00:00,"16158,0","6,96%",,
17050001,Obidos,16/06/2002 00:00,"241600,0",L,,2002-06-01,--:--,-999,"222286,9",100,16/06/2002 00:00,"19313,1","7,99%",,
17050001,Obidos,16/07/2002 00:00,"234300,0",L,,2002-07-01,--:--,-999,"217530,3",100,16/07/2002 00:00,"16769,7","7,16%",,
17050001,Obidos,16/08/2002 00:00,"208300,0",L,,2002-08-01,--:--,-999,"199831,9",100,16/08/2002 00:00,"8468,1","4,07%",,
17050001,Obidos,16/09/2002 00:00,"168700,0",L,,2002-09-01,--:--,-999,"167808,0",100,16/09/2002 00:00,"892,0","0,53%",,
17050001,Obidos,16/10/2002 00:00,"121400,0",L,,2002-10-01,--:--,-999,"118513,6",100,16/10/2002 00:00,"2886,4","2,38%",,
17050001,Obidos,16/11/2002 00:00,"101400,0",L,,2002-11-01,--:--,-999,"98215,7",100,16/11/2002 00:00,"3184,3","3,14%",,
17050001,Obidos,16/12/2002 00:00,"121100,0",L,,2002-12-01,--:--,-999,"117836,5",100,16/12/2002 00:00,"3263,5","2,69%",,
17050001,Obidos,16/01/2003 00:00,"139600,0",L,,2003-01-01,--:--,-999,"137618,7",100,16/01/2003 00:00,"1981,3","1,42%",,
17050001,Obidos,16/02/2003 00:00,"153800,0",L,,2003-02-01,--:--,-999,"153168,0",100,16/02/2003 00:00,"632,0","0,41%",,
17050001,Obidos,16/03/2003 00:00,"169900,0",L,,2003-03-01,--:--,-999,"169645,8",100,16/03/2003 00:00,"254,2","0,15%",,
17050001,Obidos,16/04/2003 00:00,"202000,0",L,,2003-04-01,--:--,-999,"195367,2",100,16/04/2003 00:00,"6632,8","3,28%",,
17050001,Obidos,16/05/2003 00:00,"226100,0",L,,2003-05-01,--:--,-999,"212205,8",100,16/05/2003 00:00,"13894,2","6,15%",,
17050001,Obidos,16/06/2003 00:00,"230400,0",L,,2003-06-01,--:--,-999,"214964,0",100,16/06/2003 00:00,"15436,0","6,70%",,
17050001,Obidos,16/07/2003 00:00,"220500,0",L,,2003-07-01,--:--,-999,"208432,5",100,16/07/2003 00:00,"12067,5","5,47%",,
17050001,Obidos,16/08/2003 00:00,"197800,0",L,,2003-08-01,--:--,-999,"192303,3",100,16/08/2003 00:00,"5496,7","2,78%",,
17050001,Obidos,16/09/2003 00:00,"163700,0",L,,2003-09-01,--:--,-999,"163007,4",100,16/09/2003 00:00,"692,6","0,42%",,
17050001,Obidos,16/10/2003 00:00,"122200,0",L,,2003-10-01,--:--,-999,"119053,7",100,16/10/2003 00:00,"3146,3","2,57%",,
17050001,Obidos,16/11/2003 00:00,"108200,0",L,,2003-11-01,--:--,-999,"104878,3",100,16/11/2003 00:00,"3321,7","3,07%",,
17050001,Obidos,16/12/2003 00:00,"110400,0",L,,2003-12-01,--:--,-999,"106985,6",100,16/12/2003 00:00,"3414,4","3,09%",,
17050001,Obidos,16/01/2004 00:00,"129700,0",L,,2004-01-01,--:--,-999,"127021,2",100,16/01/2004 00:00,"2678,8","2,07%",,
17050001,Obidos,16/02/2004 00:00,"156700,0",L,,2004-02-01,--:--,-999,"156280,1",100,16/02/2004 00:00,"419,9","0,27%",,
17050001,Obidos,16/03/2004 00:00,"176600,0",L,,2004-03-01,--:--,-999,"175425,2",100,16/03/2004 00:00,"1174,8","0,67%",,
17050001,Obidos,16/04/2004 00:00,"205800,0",L,,2004-04-01,--:--,-999,"198193,2",100,16/04/2004 00:00,"7606,8","3,70%",,
17050001,Obidos,16/05/2004 00:00,"222200,0",L,,2004-05-01,--:--,-999,"209576,2",100,16/05/2004 00:00,"12623,8","5,68%",,
17050001,Obidos,16/06/2004 00:00,"214700,0",L,,2004-06-01,--:--,-999,"204456,3",100,16/06/2004 00:00,"10243,7","4,77%",,
17050001,Obidos,16/07/2004 00:00,"196300,0",L,,2004-07-01,--:--,-999,"191269,5",100,16/07/2004 00:00,"5030,5","2,56%",,
17050001,Obidos,16/08/2004 00:00,"174600,0",L,,2004-08-01,--:--,-999,"173754,4",100,16/08/2004 00:00,"845,6","0,48%",,
17050001,Obidos,16/09/2004 00:00,"147300,0",L,,2004-09-01,--:--,-999,"145934,5",100,16/09/2004 00:00,"1365,5","0,93%",,
17050001,Obidos,16/10/2004 00:00,"120900,0",L,,2004-10-01,--:--,-999,"117544,1",100,16/10/2004 00:00,"3355,9","2,78%",,
17050001,Obidos,16/11/2004 00:00,"109300,0",L,,2004-11-01,--:--,-999,"105943,0",100,16/11/2004 00:00,"3357,0","3,07%",,
17050001,Obidos,16/12/2004 00:00,"117800,0",L,,2004-12-01,--:--,-999,"114438,3",100,16/12/2004 00:00,"3361,7","2,85%",,
17050001,Obidos,16/01/2005 00:00,"135700,0",L,,2005-01-01,--:--,-999,"133292,0",100,16/01/2005 00:00,"2408,0","1,77%",,
17050001,Obidos,16/02/2005 00:00,"151100,0",L,,2005-02-01,--:--,-999,"150195,4",100,16/02/2005 00:00,"904,6","0,60%",,
17050001,Obidos,16/03/2005 00:00,"191500,0",L,,2005-03-01,--:--,-999,"187138,5",100,16/03/2005 00:00,"4361,5","2,28%",,
17050001,Obidos,16/04/2005 00:00,"229600,0",L,,2005-04-01,--:--,-999,"214503,4",100,16/04/2005 00:00,"15096,6","6,58%",,
17050001,Obidos,16/05/2005 00:00,"244500,0",L,,2005-05-01,--:--,-999,"224148,0",100,16/05/2005 00:00,"20352,0","8,32%",,
17050001,Obidos,16/06/2005 00:00,"233300,0",L,,2005-06-01,--:--,-999,"216783,9",100,16/06/2005 00:00,"16516,1","7,08%",,
17050001,Obidos,16/07/2005 00:00,"203800,0",L,,2005-07-01,--:--,-999,"196669,3",100,16/07/2005 00:00,"7130,7","3,50%",,
17050001,Obidos,16/08/2005 00:00,"159500,0",L,,2005-08-01,--:--,-999,"158472,1",100,16/08/2005 00:00,"1027,9","0,64%",,
17050001,Obidos,16/09/2005 00:00,"108700,0",L,,2005-09-01,--:--,-999,"105488,9",100,16/09/2005 00:00,"3211,1","2,95%",,
17050001,Obidos,16/10/2005 01:00,"79480,0",L,,2005-10-01,--:--,-999,"76012,4",100,16/10/2005 01:00,"3467,6","4,36%",,
17050001,Obidos,16/11/2005 00:00,"87900,0",L,,2005-11-01,--:--,-999,"84954,1",100,16/11/2005 00:00,"2945,9","3,35%",,
17050001,Obidos,16/12/2005 00:00,"115000,0",L,,2005-12-01,--:--,-999,"111752,8",100,16/12/2005 00:00,"3247,2","2,82%",,
17050001,Obidos,16/01/2006 00:00,"147700,0",L,,2006-01-01,--:--,-999,"146497,0",100,16/01/2006 00:00,"1203,0","0,81%",,
17050001,Obidos,16/02/2006 00:00,"181300,0",L,,2006-02-01,--:--,-999,"179251,8",100,16/02/2006 00:00,"2048,2","1,13%",,
17050001,Obidos,16/03/2006 00:00,"222100,0",L,,2006-03-01,--:--,-999,"209490,4",100,16/03/2006 00:00,"12609,6","5,68%",,
17050001,Obidos,16/04/2006 00:00,"245700,0",L,,2006-04-01,--:--,-999,"224882,6",100,16/04/2006 00:00,"20817,4","8,47%",,
17050001,Obidos,16/05/2006 00:00,"271400,0",L,,2006-05-01,--:--,-999,"240950,1",100,16/05/2006 00:00,"30449,9","11,22%",,
17050001,Obidos,16/06/2006 00:00,"268500,0",L,,2006-06-01,--:--,-999,"239117,7",100,16/06/2006 00:00,"29382,3","10,94%",,
17050001,Obidos,16/07/2006 00:00,"236300,0",L,,2006-07-01,--:--,-999,"218771,2",100,16/07/2006 00:00,"17528,8","7,42%",,
17050001,Obidos,16/08/2006 00:00,"188200,0",R,,2006-08-01,--:--,-999,"184523,3",100,16/08/2006 00:00,"3676,7","1,95%",,
17050001,Obidos,16/09/2006 00:00,"136900,0",L,,2006-09-01,--:--,-999,"134626,7",100,16/09/2006 00:00,"2273,3","1,66%",,
17050001,Obidos,16/10/2006 00:00,"97820,0",L,,2006-10-01,--:--,-999,"94755,0",100,16/10/2006 00:00,"3065,0","3,13%",,
17050001,Obidos,16/11/2006 00:00,"97090,0",L,,2006-11-01,--:--,-999,"94099,0",100,16/11/2006 00:00,"2991,0","3,08%",,
17050001,Obidos,16/12/2006 00:00,"121200,0",L,,2006-12-01,--:--,-999,"118041,4",100,16/12/2006 00:00,"3158,6","2,61%",,
17050001,Obidos,16/01/2007 00:00,"146400,0",L,,2007-01-01,--:--,-999,"145041,8",100,16/01/2007 00:00,"1358,2","0,93%",,
17050001,Obidos,16/02/2007 00:00,"168300,0",L,,2007-02-01,--:--,-999,"168112,7",100,16/02/2007 00:00,"187,3","0,11%",,
17050001,Obidos,16/03/2007 00:00,"185800,0",L,,2007-03-01,--:--,-999,"183245,3",100,16/03/2007 00:00,"2554,7","1,37%",,
17050001,Obidos,16/04/2007 00:00,"208500,0",L,,2007-04-01,--:--,-999,"200068,2",100,16/04/2007 00:00,"8431,8","4,04%",,
17050001,Obidos,16/05/2007 00:00,"237300,0",L,,2007-05-01,--:--,-999,"219549,0",100,16/05/2007 00:00,"17751,0","7,48%",,
17050001,Obidos,16/06/2007 00:00,"246300,0",L,,2007-06-01,--:--,-999,"225289,7",100,16/06/2007 00:00,"21010,3","8,53%",,
17050001,Obidos,16/07/2007 00:00,"227700,0",L,,2007-07-01,--:--,-999,"213171,3",100,16/07/2007 00:00,"14528,7","6,38%",,
17050001,Obidos,16/08/2007 00:00,"194900,0",L,,2007-08-01,--:--,-999,"189911,3",100,16/08/2007 00:00,"4988,7","2,56%",,
17050001,Obidos,16/09/2007 00:00,"144300,0",L,,2007-09-01,--:--,-999,"142565,2",100,16/09/2007 00:00,"1734,8","1,20%",,
17050001,Obidos,16/10/2007 00:00,"103900,0",L,,2007-10-01,--:--,-999,"100609,6",100,16/10/2007 00:00,"3290,4","3,17%",,
17050001,Obidos,16/11/2007 00:00,"101900,0",L,,2007-11-01,--:--,-999,"98733,6",100,16/11/2007 00:00,"3166,4","3,11%",,
17050001,Obidos,16/12/2007 00:00,"121900,0",L,,2007-12-01,--:--,-999,"118803,6",100,16/12/2007 00:00,"3096,4","2,54%",,
17050001,Obidos,16/01/2008 00:00,"164900,0",L,,2008-01-01,--:--,-999,"149988,9",100,16/01/2008 00:00,"14911,1","9,04%",,
17050001,Obidos,16/02/2008 00:00,"196300,0",L,,2008-02-01,--:--,-999,"182777,0",100,16/02/2008 00:00,"13523,0","6,89%",,
17050001,Obidos,16/03/2008 00:00,"225000,0",L,,2008-03-01,--:--,-999,"209258,5",100,16/03/2008 00:00,"15741,5","7,00%",,
17050001,Obidos,16/04/2008 00:00,"238500,0",L,,2008-04-01,--:--,-999,"227441,5",100,16/04/2008 00:00,"11058,5","4,64%",,
17050001,Obidos,16/05/2008 00:00,"246100,0",L,,2008-05-01,--:--,-999,"236454,4",100,16/05/2008 00:00,"9645,6","3,92%",,
17050001,Obidos,16/06/2008 00:00,"254800,0",R,,2008-06-01,--:--,-999,"236908,7",100,16/06/2008 00:00,"17891,3","7,02%",,
17050001,Obidos,16/07/2008 00:00,"253600,0",R,,2008-07-01,--:--,-999,"221866,2",100,16/07/2008 00:00,"31733,8","12,51%",,
17050001,Obidos,16/08/2008 00:00,"221400,0",L,,2008-08-01,--:--,-999,"191587,0",100,16/08/2008 00:00,"29813,0","13,47%",,
17050001,Obidos,16/09/2008 00:00,"158900,0",L,,2008-09-01,--:--,-999,"144832,7",100,16/09/2008 00:00,"14067,3","8,85%",,
17050001,Obidos,16/10/2008 00:00,"111900,0",L,,2008-10-01,--:--,-999,"107532,5",100,16/10/2008 00:00,"4367,5","3,90%",,
17050001,Obidos,16/11/2008 00:00,"107600,0",L,,2008-11-01,--:--,-999,"107259,6",100,16/11/2008 00:00,"340,4","0,32%",,
17050001,Obidos,16/12/2008 00:00,"134400,0",L,,2008-12-01,--:--,-999,"126340,9",100,16/12/2008 00:00,"8059,1","6,00%",,
17050001,Obidos,16/01/2009 00:00,"178000,0",L,,2009-01-01,--:--,-999,"158028,4",100,16/01/2009 00:00,"19971,6","11,22%",,
17050001,Obidos,16/02/2009 00:00,"211600,0",L,,2009-02-01,--:--,-999,"192246,5",100,16/02/2009 00:00,"19353,5","9,15%",,
17050001,Obidos,16/03/2009 00:00,"238800,0",L,,2009-03-01,--:--,-999,"223244,3",100,16/03/2009 00:00,"15555,7","6,51%",,
17050001,Obidos,16/04/2009 00:00,"242600,0",L,,2009-04-01,--:--,-999,"242856,8",100,16/04/2009 00:00,"256,8","0,11%",,
17050001,Obidos,16/05/2009 00:00,"241200,0",L,,2009-05-01,--:--,-999,"255950,2",100,16/05/2009 00:00,"14750,2","6,12%",,
17050001,Obidos,16/06/2009 00:00,"248700,0",L,,2009-06-01,--:--,-999,"255416,1",100,16/06/2009 00:00,"6716,1","2,70%",,
17050001,Obidos,16/07/2009 00:00,"256500,0",L,,2009-07-01,--:--,-999,"244155,9",100,16/07/2009 00:00,"12344,1","4,81%",,
17050001,Obidos,16/08/2009 00:00,"254600,0",L,,2009-08-01,--:--,-999,"219998,4",100,16/08/2009 00:00,"34601,6","13,59%",,
17050001,Obidos,16/09/2009 00:00,"202400,0",L,,2009-09-01,--:--,-999,"177794,3",100,16/09/2009 00:00,"24605,7","12,16%",,
17050001,Obidos,16/10/2009 00:00,"122200,0",L,,2009-10-01,--:--,-999,"116084,0",100,16/10/2009 00:00,"6116,0","5,00%",,
17050001,Obidos,16/11/2009 00:00,"89640,0",L,,2009-11-01,--:--,-999,"92100,4",100,16/11/2009 00:00,"2460,4","2,74%",,
17050001,Obidos,16/12/2009 00:00,"94390,0",L,,2009-12-01,--:--,-999,"95935,1",100,16/12/2009 00:00,"1545,1","1,64%",,
17050001,Obidos,16/01/2010 00:00,"142500,0",L,,2010-01-01,--:--,-999,"136007,3",100,16/01/2010 00:00,"6492,7","4,56%",,
17050001,Obidos,16/02/2010 00:00,"166300,0",L,,2010-02-01,--:--,-999,"161130,6",100,16/02/2010 00:00,"5169,4","3,11%",,
17050001,Obidos,16/03/2010 00:00,"183000,0",L,,2010-03-01,--:--,-999,"175584,5",100,16/03/2010 00:00,"7415,5","4,05%",,
17050001,Obidos,16/04/2010 00:00,"218200,0",L,,2010-04-01,--:--,-999,"200825,9",100,16/04/2010 00:00,"17374,1","7,96%",,
17050001,Obidos,16/05/2010 00:00,"249800,0",L,,2010-05-01,--:--,-999,"221364,3",100,16/05/2010 00:00,"28435,7","11,38%",,
17050001,Obidos,16/06/2010 00:00,"252800,0",L,,2010-06-01,--:--,-999,"221063,0",100,16/06/2010 00:00,"31737,0","12,55%",,
17050001,Obidos,16/07/2010 00:00,"239100,0",L,,2010-07-01,--:--,-999,"203776,5",100,16/07/2010 00:00,"35323,5","14,77%",,
17050001,Obidos,16/08/2010 00:00,"195800,0",L,,2010-08-01,--:--,-999,"173701,0",100,16/08/2010 00:00,"22099,0","11,29%",,
17050001,Obidos,16/09/2010 00:00,"123500,0",L,,2010-09-01,--:--,-999,"116984,8",100,16/09/2010 00:00,"6515,2","5,28%",,
17050001,Obidos,16/10/2010 00:00,"66220,0",L,,2010-10-01,--:--,-999,"81910,3",100,16/10/2010 00:00,"15690,3","23,69%",,
17050001,Obidos,16/11/2010 00:00,"61870,0",L,,2010-11-01,--:--,-999,"78864,2",100,16/11/2010 00:00,"16994,2","27,47%",,
17050001,Obidos,16/12/2010 00:00,"92690,0",L,,2010-12-01,--:--,-999,"94128,5",100,16/12/2010 00:00,"1438,5","1,55%",,
17050001,Obidos,16/01/2011 00:00,"122600,0",L,,2011-01-01,--:--,-999,"119044,3",100,16/01/2011 00:00,"3555,7","2,90%",,
17050001,Obidos,16/02/2011 00:00,"156700,0",L,,2011-02-01,--:--,-999,"153668,5",100,16/02/2011 00:00,"3031,5","1,93%",,
17050001,Obidos,16/03/2011 00:00,"194900,0",L,,2011-03-01,--:--,-999,"187756,9",100,16/03/2011 00:00,"7143,1","3,67%",,
17050001,Obidos,16/04/2011 00:00,"227800,0",L,,2011-04-01,--:--,-999,"217065,2",100,16/04/2011 00:00,"10734,8","4,71%",,
17050001,Obidos,16/05/2011 00:00,"244800,0",L,,2011-05-01,--:--,-999,"234324,7",100,16/05/2011 00:00,"10475,3","4,28%",,
17050001,Obidos,16/06/2011 00:00,"255100,0",L,,2011-06-01,--:--,-999,"234512,5",100,16/06/2011 00:00,"20587,5","8,07%",,
17050001,Obidos,16/07/2011 00:00,"253500,0",L,,2011-07-01,--:--,-999,"220514,4",100,16/07/2011 00:00,"32985,6","13,01%",,
17050001,Obidos,16/08/2011 00:00,"222300,0",L,,2011-08-01,--:--,-999,"192700,9",100,16/08/2011 00:00,"29599,1","13,31%",,
17050001,Obidos,16/09/2011 00:00,"145400,0",L,,2011-09-01,--:--,-999,"137087,9",100,16/09/2011 00:00,"8312,1","5,72%",,
17050001,Obidos,16/10/2011 00:00,"90240,0",L,,2011-10-01,--:--,-999,"91972,2",100,16/10/2011 00:00,"1732,2","1,92%",,
17050001,Obidos,16/11/2011 00:00,"91990,0",L,,2011-11-01,--:--,-999,"94724,0",100,16/11/2011 00:00,"2734,0","2,97%",,
17050001,Obidos,16/12/2011 00:00,"109700,0",L,,2011-12-01,--:--,-999,"107232,1",100,16/12/2011 00:00,"2467,9","2,25%",,
17050001,Obidos,16/01/2012 00:00,"150900,0",L,,2012-01-01,--:--,-999,"144029,5",100,16/01/2012 00:00,"6870,5","4,55%",,
17050001,Obidos,16/02/2012 00:00,"195900,0",L,,2012-02-01,--:--,-999,"188654,3",100,16/02/2012 00:00,"7245,7","3,70%",,
17050001,Obidos,16/03/2012 00:00,"231000,0",L,,2012-03-01,--:--,-999,"222964,8",100,16/03/2012 00:00,"8035,2","3,48%",,
17050001,Obidos,16/04/2012 00:00,"240200,0",L,,2012-04-01,--:--,-999,"241543,4",100,16/04/2012 00:00,"1343,4","0,56%",,
17050001,Obidos,16/05/2012 00:00,"247600,0",L,,2012-05-01,--:--,-999,"251642,9",100,16/05/2012 00:00,"4042,9","1,63%",,
17050001,Obidos,16/06/2012 00:00,"254500,0",L,,2012-06-01,--:--,-999,"244342,6",100,16/06/2012 00:00,"10157,4","3,99%",,
17050001,Obidos,16/07/2012 00:00,"258300,0",L,,2012-07-01,--:--,-999,"227559,9",100,16/07/2012 00:00,"30740,1","11,90%",,
17050001,Obidos,16/08/2012 00:00,"231200,0",L,,2012-08-01,--:--,-999,"199560,7",100,16/08/2012 00:00,"31639,3","13,68%",,
17050001,Obidos,16/09/2012 00:00,"157100,0",L,,2012-09-01,--:--,-999,"145301,1",100,16/09/2012 00:00,"11798,9","7,51%",,
17050001,Obidos,16/10/2012 00:00,"93460,0",L,,2012-10-01,--:--,-999,"95172,6",100,16/10/2012 00:00,"1712,6","1,83%",,
17050001,Obidos,16/11/2012 00:00,"80860,0",L,,2012-11-01,--:--,-999,"85281,7",100,16/11/2012 00:00,"4421,7","5,47%",,
17050001,Obidos,16/12/2012 00:00,"90490,0",L,,2012-12-01,--:--,-999,"94149,0",100,16/12/2012 00:00,"3659,0","4,04%",,
17050001,Obidos,16/01/2013 00:00,"133600,0",L,,2013-01-01,--:--,-999,"127927,4",100,16/01/2013 00:00,"5672,6","4,25%",,
17050001,Obidos,16/02/2013 00:00,"168000,0",L,,2013-02-01,--:--,-999,"166479,3",100,16/02/2013 00:00,"1520,7","0,91%",,
17050001,Obidos,16/03/2013 00:00,"213100,0",L,,2013-03-01,--:--,-999,"203900,1",100,16/03/2013 00:00,"9199,9","4,32%",,
17050001,Obidos,16/04/2013 00:00,"233400,0",L,,2013-04-01,--:--,-999,"230026,3",100,16/04/2013 00:00,"3373,7","1,45%",,
17050001,Obidos,16/05/2013 00:00,"242300,0",L,,2013-05-01,--:--,-999,"243734,8",100,16/05/2013 00:00,"1434,8","0,59%",,
17050001,Obidos,16/06/2013 00:00,"252500,0",L,,2013-06-01,--:--,-999,"241498,8",100,16/06/2013 00:00,"11001,2","4,36%",,
17050001,Obidos,16/07/2013 00:00,"254000,0",L,,2013-07-01,--:--,-999,"225936,2",100,16/07/2013 00:00,"28063,8","11,05%",,
17050001,Obidos,16/08/2013 00:00,"229600,0",L,,2013-08-01,--:--,-999,"200781,4",100,16/08/2013 00:00,"28818,6","12,55%",,
17050001,Obidos,16/09/2013 00:00,"187300,0",L,,2013-09-01,--:--,-999,"169938,5",100,16/09/2013 00:00,"17361,5","9,27%",,
17050001,Obidos,16/10/2013 00:00,"138700,0",L,,2013-10-01,--:--,-999,"129439,3",100,16/10/2013 00:00,"9260,7","6,68%",,
17050001,Obidos,16/11/2013 00:00,"121500,0",L,,2013-11-01,--:--,-999,"116130,9",100,16/11/2013 00:00,"5369,1","4,42%",,
17050001,Obidos,16/12/2013 00:00,"140900,0",L,,2013-12-01,--:--,-999,"133775,9",100,16/12/2013 00:00,"7124,1","5,06%",,
17050001,Obidos,16/01/2014 00:00,"161400,0",L,,2014-01-01,--:--,-999,"156076,3",100,16/01/2014 00:00,"5323,7","3,30%",,
17050001,Obidos,16/02/2014 00:00,"181800,0",L,,2014-02-01,--:--,-999,"179695,4",100,16/02/2014 00:00,"2104,6","1,16%",,
17050001,Obidos,16/03/2014 00:00,"212100,0",L,,2014-03-01,--:--,-999,"211783,0",100,16/03/2014 00:00,"317,0","0,15%",,
17050001,Obidos,16/04/2014 00:00,"229700,0",L,,2014-04-01,--:--,-999,"237989,9",100,16/04/2014 00:00,"8289,9","3,61%",,
17050001,Obidos,16/05/2014 00:00,"237900,0",L,,2014-05-01,--:--,-999,"251361,8",100,16/05/2014 00:00,"13461,8","5,66%",,
17050001,Obidos,16/06/2014 00:00,"245300,0",L,,2014-06-01,--:--,-999,"250293,6",100,16/06/2014 00:00,"4993,6","2,04%",,
17050001,Obidos,16/07/2014 00:00,"250200,0",L,,2014-07-01,--:--,-999,"239984,3",100,16/07/2014 00:00,"10215,7","4,08%",,
17050001,Obidos,16/08/2014 00:00,"245600,0",L,,2014-08-01,--:--,-999,"219937,9",100,16/08/2014 00:00,"25662,1","10,45%",,
17050001,Obidos,16/09/2014 00:00,"201600,0",L,,2014-09-01,--:--,-999,"183240,3",100,16/09/2014 00:00,"18359,7","9,11%",,
17050001,Obidos,16/10/2014 00:00,"142100,0",L,,2014-10-01,--:--,-999,"134109,1",100,16/10/2014 00:00,"7990,9","5,62%",,
17050001,Obidos,16/11/2014 00:00,"119500,0",L,,2014-11-01,--:--,-999,"114898,2",100,16/11/2014 00:00,"4601,8","3,85%",,
17050001,Obidos,16/12/2014 00:00,"133400,0",L,,2014-12-01,--:--,-999,"127115,5",100,16/12/2014 00:00,"6284,5","4,71%",,
17050001,Obidos,16/01/2015 00:00,"152000,0",L,,2015-01-01,--:--,-999,"143713,6",100,16/01/2015 00:00,"8286,4","5,45%",,
17050001,Obidos,16/02/2015 00:00,"179400,0",L,,2015-02-01,--:--,-999,"173118,2",100,16/02/2015 00:00,"6281,8","3,50%",,
17050001,Obidos,16/03/2015 00:00,"210500,0",L,,2015-03-01,--:--,-999,"204811,2",100,16/03/2015 00:00,"5688,8","2,70%",,
17050001,Obidos,16/04/2015 00:00,"232400,0",L,,2015-04-01,--:--,-999,"237418,4",100,16/04/2015 00:00,"5018,4","2,16%",,
17050001,Obidos,16/05/2015 00:00,"239600,0",L,,2015-05-01,--:--,-999,"259261,1",100,16/05/2015 00:00,"19661,1","8,21%",,
17050001,Obidos,16/06/2015 00:00,"246200,0",L,,2015-06-01,--:--,-999,"262467,8",100,16/06/2015 00:00,"16267,8","6,61%",,
17050001,Obidos,16/07/2015 00:00,"250200,0",L,,2015-07-01,--:--,-999,"251044,3",100,16/07/2015 00:00,"844,3","0,34%",,
17050001,Obidos,16/08/2015 00:00,"244400,0",L,,2015-08-01,--:--,-999,"227506,9",100,16/08/2015 00:00,"16893,1","6,91%",,
17050001,Obidos,16/09/2015 00:00,"204500,0",L,,2015-09-01,--:--,-999,"187747,4",100,16/09/2015 00:00,"16752,6","8,19%",,
17050001,Obidos,16/10/2015 00:00,"118400,0",L,,2015-10-01,--:--,-999,"116030,9",100,16/10/2015 00:00,"2369,1","2,00%",,
17050001,Obidos,16/11/2015 00:00,"77580,0",L,,2015-11-01,--:--,-999,"83639,7",100,16/11/2015 00:00,"6059,7","7,81%",,
17050001,Obidos,16/12/2015 00:00,"83860,0",L,,2015-12-01,--:--,-999,"87815,9",100,16/12/2015 00:00,"3955,9","4,72%",,
17050001,Obidos,16/01/2016 00:00,"104600,0",L,,2016-01-01,--:--,-999,"102771,1",100,16/01/2016 00:00,"1828,9","1,75%",,
17050001,Obidos,16/02/2016 00:00,"123200,0",L,,2016-02-01,--:--,-999,"118814,4",100,16/02/2016 00:00,"4385,6","3,56%",,
17050001,Obidos,16/03/2016 00:00,"148400,0",L,,2016-03-01,--:--,-999,"140583,6",100,16/03/2016 00:00,"7816,4","5,27%",,
17050001,Obidos,16/04/2016 00:00,"189000,0",L,,2016-04-01,--:--,-999,"182419,1",100,16/04/2016 00:00,"6580,9","3,48%",,
17050001,Obidos,16/05/2016 00:00,"216200,0",L,,2016-05-01,--:--,-999,"200558,7",100,16/05/2016 00:00,"15641,3","7,23%",,
17050001,Obidos,16/06/2016 00:00,"223700,0",L,,2016-06-01,--:--,-999,"203407,6",100,16/06/2016 00:00,"20292,4","9,07%",,
17050001,Obidos,16/07/2016 00:00,"216100,0",L,,2016-07-01,--:--,-999,"196293,3",100,16/07/2016 00:00,"19806,7","9,17%",,
17050001,Obidos,16/08/2016 00:00,"192900,0",L,,2016-08-01,--:--,-999,"176151,5",100,16/08/2016 00:00,"16748,5","8,68%",,
17050001,Obidos,16/09/2016 00:00,"150000,0",L,,2016-09-01,--:--,-999,"138005,3",100,16/09/2016 00:00,"11994,7","8,00%",,
17050001,Obidos,16/10/2016 00:00,"98830,0",L,,2016-10-01,--:--,-999,"97988,8",100,16/10/2016 00:00,"841,2","0,85%",,
17050001,Obidos,16/11/2016 00:00,#N/A,,,2016-11-01,--:--,-999,"94371,6",100,16/11/2016 00:00,#VALUE!,,,
,,12/16/16 12:00 a.m.,#N/A,,,2016-12-01,--:--,-999,"95448,5",100,16/12/2016 00:00,#VALUE!,,,
17050001,Obidos,16/01/2017 00:00,"144600,0",L,,2017-01-01,--:--,-999,"135991,3",100,16/01/2017 00:00,"8608,7","5,95%",,
17050001,Obidos,16/02/2017 00:00,"186200,0",L,,2017-02-01,--:--,-999,"182382,9",100,16/02/2017 00:00,"3817,1","2,05%",,
17050001,Obidos,16/03/2017 00:00,"220900,0",L,,2017-03-01,--:--,-999,"219348,7",100,16/03/2017 00:00,"1551,3","0,70%",,
17050001,Obidos,16/04/2017 00:00,"233300,0",L,,2017-04-01,--:--,-999,"245187,8",100,16/04/2017 00:00,"11887,8","5,10%",,
17050001,Obidos,16/05/2017 00:00,"242500,0",L,,2017-05-01,--:--,-999,"254854,4",100,16/05/2017 00:00,"12354,4","5,09%",,
17050001,Obidos,16/06/2017 00:00,"248700,0",L,,2017-06-01,--:--,-999,"243086,0",100,16/06/2017 00:00,"5614,0","2,26%",,
17050001,Obidos,16/07/2017 00:00,"243500,0",L,,2017-07-01,--:--,-999,"223712,0",100,16/07/2017 00:00,"19788,0","8,13%",,
17050001,Obidos,16/08/2017 00:00,"206800,0",L,,2017-08-01,--:--,-999,"189737,8",100,16/08/2017 00:00,"17062,2","8,25%",,
17050001,Obidos,16/09/2017 00:00,"136000,0",L,,2017-09-01,--:--,-999,"127744,4",100,16/09/2017 00:00,"8255,6","6,07%",,
17050001,Obidos,16/10/2017 00:00,"90520,0",L,,2017-10-01,--:--,-999,"92272,1",100,16/10/2017 00:00,"1752,1","1,94%",,
17050001,Obidos,16/11/2017 00:00,"97570,0",L,,2017-11-01,--:--,-999,"96447,5",100,16/11/2017 00:00,"1122,5","1,15%",,
17050001,Obidos,16/12/2017 00:00,"116700,0",L,,2017-12-01,--:--,-999,"110726,3",100,16/12/2017 00:00,"5973,7","5,12%",,
17050001,Obidos,16/01/2018 00:00,"144900,0",L,,2018-01-01,--:--,-999,"136350,0",100,16/01/2018 00:00,"8550,0","5,90%",,
17050001,Obidos,16/02/2018 00:00,"174300,0",L,,2018-02-01,--:--,-999,"168604,2",100,16/02/2018 00:00,"5695,8","3,27%",,
17050001,Obidos,16/03/2018 00:00,"195100,0",L,,2018-03-01,--:--,-999,"193476,9",100,16/03/2018 00:00,"1623,1","0,83%",,
17050001,Obidos,16/04/2018 00:00,"212600,0",L,,2018-04-01,--:--,-999,"210105,8",100,16/04/2018 00:00,"2494,2","1,17%",,
17050001,Obidos,16/05/2018 00:00,"234800,0",L,,2018-05-01,--:--,-999,"229915,0",100,16/05/2018 00:00,"4885,0","2,08%",,
17050001,Obidos,16/06/2018 00:00,"244000,0",L,,2018-06-01,--:--,-999,"234719,5",100,16/06/2018 00:00,"9280,5","3,80%",,
17050001,Obidos,16/07/2018 00:00,"242400,0",L,,2018-07-01,--:--,-999,"223720,8",100,16/07/2018 00:00,"18679,2","7,71%",,
17050001,Obidos,16/08/2018 00:00,"220600,0",L,,2018-08-01,--:--,-999,"200274,0",100,16/08/2018 00:00,"20326,0","9,21%",,
17050001,Obidos,16/09/2018 00:00,"180800,0",L,,2018-09-01,--:--,-999,"164180,8",100,16/09/2018 00:00,"16619,2","9,19%",,
17050001,Obidos,16/10/2018 00:00,"118100,0",L,,2018-10-01,--:--,-999,"112500,3",100,16/10/2018 00:00,"5599,7","4,74%",,
17050001,Obidos,16/11/2018 00:00,"88860,0",L,,2018-11-01,--:--,-999,"91508,4",100,16/11/2018 00:00,"2648,4","2,98%",,
17050001,Obidos,16/12/2018 00:00,"133800,0",L,,2018-12-01,--:--,-999,"125853,4",100,16/12/2018 00:00,"7946,6","5,94%",,
17050001,Obidos,16/01/2019 00:00,"173400,0",L,,2019-01-01,--:--,-999,"163489,0",100,16/01/2019 00:00,"9911,0","5,72%",,
17050001,Obidos,16/02/2019 00:00,"199500,0",L,,2019-02-01,--:--,-999,"190566,2",100,16/02/2019 00:00,"8933,8","4,48%",,
17050001,Obidos,16/03/2019 00:00,"222200,0",L,,2019-03-01,--:--,-999,"216690,3",100,16/03/2019 00:00,"5509,7","2,48%",,
17050001,Obidos,16/04/2019 00:00,"231700,0",L,,2019-04-01,--:--,-999,"236793,2",100,16/04/2019 00:00,"5093,2","2,20%",,
17050001,Obidos,16/05/2019 00:00,"241500,0",L,,2019-05-01,--:--,-999,"253270,1",100,16/05/2019 00:00,"11770,1","4,87%",,
17050001,Obidos,16/06/2019 00:00,"249600,0",L,,2019-06-01,--:--,-999,"259209,3",100,16/06/2019 00:00,"9609,3","3,85%",,
17050001,Obidos,16/07/2019 00:00,"252500,0",R,,2019-07-01,--:--,-999,"243146,9",100,16/07/2019 00:00,"9353,1","3,70%",,
17050001,Obidos,16/08/2019 00:00,"236900,0",R,,2019-08-01,--:--,-999,"213757,4",100,16/08/2019 00:00,"23142,6","9,77%",,
17050001,Obidos,16/09/2019 00:00,"189400,0",R,,2019-09-01,--:--,-999,"171382,9",100,16/09/2019 00:00,"18017,1","9,51%",,
17050001,Obidos,16/10/2019 00:00,"119000,0",R,,2019-10-01,--:--,-999,"113018,3",100,16/10/2019 00:00,"5981,7","5,03%",,
17050001,Obidos,16/11/2019 00:00,"111600,0",R,,2019-11-01,--:--,-999,"105909,8",100,16/11/2019 00:00,"5690,2","5,10%",,"3,96%"
17050001,Obidos,16/12/2019 00:00,,,,2019-12-01,--:--,-999,"129067,3",100,16/12/2019 00:00,"129067,3",,,"0,01%"
,,,,,,2020-01-01,--:--,-999,"163443,2",100,,"163443,2",,,"27,47%"