,year,month,ensemble_mean,ensemble_spread
0,1959,1,-1068232195581.8313,206134074204.37762
1,1959,2,-708820500147.1229,197250214726.69696
2,1959,3,-795544514470.4663,186441139220.94556
3,1959,4,-328181939931.48987,177016267663.08954
4,1959,5,-74137639938.86877,138463735492.71393
5,1959,6,25344893569.530354,117302438780.22061
6,1959,7,200158917007.38055,106181289830.96654
7,1959,8,161423123172.66888,117654321835.039
8,1959,9,41876862213.38014,125849470871.84077
9,1959,10,-585760776023.1683,199851661345.198
10,1959,11,-775579879526.2994,200419691784.99942
11,1959,12,-814250423374.9692,214321249058.02887
12,1960,1,-1204719688676.6868,200896710005.91354
13,1960,2,-806405825351.6125,182724696425.4642
14,1960,3,-269909497813.4812,154436242052.67218
15,1960,4,-117433303465.3592,132292786476.75873
16,1960,5,256933779479.204,105158263467.17612
17,1960,6,-126638824073.18233,115611761757.7726
18,1960,7,-34365950765.58033,108585182389.06256
19,1960,8,-90874559084.98862,128317859059.14293
20,1960,9,-90575460870.791,139868015860.27145
21,1960,10,-911020888032.3452,215351373647.53293
22,1960,11,-843600386244.1743,185307411210.63998
23,1960,12,-890064644770.9697,194101180163.38565
24,1961,1,-357795038789.67865,193757870775.84668
25,1961,2,-1125168564079.7515,193147207496.81186
26,1961,3,-363068938710.61615,175066146997.6201
27,1961,4,-559910763384.5743,165530059654.73056
28,1961,5,204931669510.44135,101060879619.29631
29,1961,6,189848150006.58646,89031381611.2028
30,1961,7,293750461533.7667,80556096702.02637
31,1961,8,196444315759.60626,89267589969.79527
32,1961,9,218940636588.7492,119566484703.32977
33,1961,10,-758728218380.3813,177195980165.5165
34,1961,11,-908550224890.5583,212535403804.3008
35,1961,12,-923096545571.032,199932360286.36487
36,1962,1,-1301343017745.017,200264219952.17233
37,1962,2,-953091362599.9421,187977068626.6647
38,1962,3,-585739373677.9663,177222506712.3464
39,1962,4,-328186611807.62103,141727824546.092
40,1962,5,345109791240.544,109618678407.90128
41,1962,6,89900831582.66148,77846840235.52232
42,1962,7,271691286495.26657,66990086186.79643
43,1962,8,69260117766.85034,91205441327.58061
44,1962,9,-233474395439.3264,141169109681.21368
45,1962,10,-564018838782.1398,169221637129.58127
46,1962,11,-647630978485.8593,170353692043.42877
47,1962,12,-1287168388349.447,200972871101.55505
48,1963,1,-1188689449054.9421,201338743368.46402
49,1963,2,-976736302896.101,172279905514.0971
50,1963,3,-587088099789.2822,168933975062.20367
51,1963,4,26171440682.776108,138208836434.8869
52,1963,5,187698524395.01965,107107641172.37752
53,1963,6,83326815343.96211,86352305686.99908
54,1963,7,275771990933.83923,86145519387.13881
55,1963,8,184500630900.2387,109053455894.92342
56,1963,9,-38741105852.81553,135070017474.8316
57,1963,10,-146862575735.40417,160427014806.4452
58,1963,11,-703636030620.6008,195878954187.35208
59,1963,12,-622618459130.6385,191902406601.3395
60,1964,1,-447257230827.2825,171700098503.43103
61,1964,2,-1079155907208.8529,194548168824.71912
62,1964,3,-574544978621.4602,175970249708.80008
63,1964,4,-289990755892.3377,140993420273.0136
64,1964,5,417301168631.0167,94469094305.03383
65,1964,6,86709757490.6889,93844937920.11848
66,1964,7,74656862292.2679,81168170913.97275
67,1964,8,37127197787.20015,113647699740.8634
68,1964,9,-544714539521.5306,153634167517.06284
69,1964,10,-453592403314.9005,148588468160.17767
70,1964,11,-643715202821.9341,170352323789.08218
71,1964,12,-915886003558.5459,190442775776.01114
72,1965,1,-1287793153955.4507,219432678925.16168
73,1965,2,-1286276655020.4583,208085585771.23016
74,1965,3,-506470909049.9593,159672261833.68195
75,1965,4,-590694333054.5918,148900231115.4422
76,1965,5,-350637523545.1489,126852525520.02362
77,1965,6,42354864939.305534,111425798336.7411
78,1965,7,-149181115608.03226,124086023007.4468
79,1965,8,134290139182.0052,120371443591.1084
80,1965,9,-330144718020.6694,152489713367.103
81,1965,10,-589528426297.867,207449501808.07
82,1965,11,-540700349668.659,167097422080.67078
83,1965,12,-1149001308813.1821,211769656575.5551
84,1966,1,-606390683218.1674,201441473623.78976
85,1966,2,-1304019881559.0273,210904817894.24734
86,1966,3,-576658020575.7502,169845139308.45172
87,1966,4,271126229746.12704,120591410474.76901
88,1966,5,107155498991.70601,111531959320.22946
89,1966,6,8577227880.749707,108282264176.41116
90,1966,7,147893946313.91855,96021739327.02104
91,1966,8,65419487789.45983,93447815957.53592
92,1966,9,19503653093.463535,119779550585.3943
93,1966,10,-1040058883019.5007,200881191404.36642
94,1966,11,-418410540756.9699,174674227176.02
95,1966,12,-653319796103.4647,187209990268.6685
96,1967,1,-1350079642696.5488,225343196307.52338
97,1967,2,-1388250482909.4197,207003693636.20108
98,1967,3,-1370751269438.1443,190051582662.33295
99,1967,4,-136149716667.26674,141015615018.33325
100,1967,5,125200607959.69594,110959883925.19852
101,1967,6,-165525475977.6198,114954779561.21172
102,1967,7,-68095978990.551476,102338133360.40678
103,1967,8,49579941843.33378,112889997009.29439
104,1967,9,40807949716.15523,125517991115.26953
105,1967,10,-389977108540.62286,170790368057.46332
106,1967,11,-478987162372.3751,168307874982.47318
107,1967,12,-756612046004.2432,180611682919.0371
108,1968,1,-936884982713.5686,202780399276.8428
109,1968,2,-735076732799.9734,178332726157.93314
110,1968,3,-135664655224.64183,138551242547.8073
111,1968,4,284664271037.16754,107870296753.3174
112,1968,5,33217111312.830647,90095375936.0511
113,1968,6,157638573221.6583,82737797059.3374
114,1968,7,121818463458.7318,78007871760.49028
115,1968,8,-396334316606.3876,116399891762.82979
116,1968,9,-87496235308.60909,130563962078.27582
117,1968,10,-853997837239.1345,179847535791.1775
118,1968,11,-263186900372.00665,178300907008.22513
119,1968,12,-1392013134681.9954,212268978836.5065
120,1969,1,-578006790103.0125,188694812710.70743
121,1969,2,-290306574357.6442,176840472067.45474
122,1969,3,-200169538877.28482,157406321708.3293
123,1969,4,-333251846539.3036,145646387972.43097
124,1969,5,-378915487.74834615,124166940289.44466
125,1969,6,158995108407.1049,98789246001.07262
126,1969,7,176184964950.58813,81565844790.84047
127,1969,8,141985891728.54135,89364795488.05238
128,1969,9,-421483778291.492,153239877352.35272
129,1969,10,-791276528234.7437,174981568998.49542
130,1969,11,-1391619142902.851,223974163700.5995
131,1969,12,-693067268692.6345,179472469578.36108
132,1970,1,-896573798927.2019,191838105877.41003
133,1970,2,-576470372316.6068,186595573953.24142
134,1970,3,-464739833219.7769,165562665137.2496
135,1970,4,-155524042190.66583,128352391636.49121
136,1970,5,120070100521.90096,122357715809.23195
137,1970,6,-111559191533.29414,107463072096.25662
138,1970,7,101935761620.60458,92269817665.71402
139,1970,8,46737259616.51777,97460760393.37181
140,1970,9,-591021418341.641,147857874068.57645
141,1970,10,-504648606985.89386,165395622202.5589
142,1970,11,-556172366444.3373,169372575905.43274
143,1970,12,-664669907346.6073,197987181475.62396
144,1971,1,-706319675981.1892,199269007990.4147
145,1971,2,-279387619247.068,173251849984.22202
146,1971,3,-642357807400.1089,166890245545.04285
147,1971,4,74892686724.28476,126152230309.23372
148,1971,5,18851424899.66143,114909197654.75449
149,1971,6,-300300299350.00854,114880093038.96172
150,1971,7,-112201069877.5902,110775709175.489
151,1971,8,-50666696459.46117,105235331746.65594
152,1971,9,-455150325317.67676,129925007723.79922
153,1971,10,-843651469548.9962,162874441582.73032
154,1971,11,-557855756757.1105,165027557889.21915
155,1971,12,-646442158537.047,183857299072.10446
156,1972,1,-493055976903.6355,173961229261.89505
157,1972,2,-872302519208.9987,180740206139.34134
158,1972,3,-462849455380.4467,160733984311.59406
159,1972,4,22149339414.88867,120936181569.41254
160,1972,5,-31799756220.01846,112791151117.72824
161,1972,6,9555784968.633007,116323430776.98174
162,1972,7,-201019459410.4968,109608770654.83437
163,1972,8,25533797619.81922,133207535634.49739
164,1972,9,-289915605948.8987,146921905885.29752
165,1972,10,-408609398546.4703,170196462187.30728
166,1972,11,-954419206021.0618,197183409222.30728
167,1972,12,-761061833055.7539,203181359887.06744
168,1973,1,-145394175562.30072,189442372823.97263
169,1973,2,-188181397416.82574,171804142468.20752
170,1973,3,-463333992373.78467,168508011195.89133
171,1973,4,-240552503722.956,138589165050.9699
172,1973,5,3440703201.0021105,103123023748.85045
173,1973,6,-6700074927.956185,111577370157.13387
174,1973,7,72297488072.61713,87145541816.18532
175,1973,8,-49101485223.36321,82608154008.188
176,1973,9,-237353958312.57462,115626817452.92587
177,1973,10,-704609024495.6206,161815871250.13065
178,1973,11,-668564183229.4203,163403892272.91113
179,1973,12,-1349233262715.777,193591188302.66376
180,1974,1,-803550047281.7804,194557452398.55292
181,1974,2,-425123760995.6119,166889955198.87094
182,1974,3,-874444937250.7689,163218468445.7992
183,1974,4,-64726454913.97031,120275895465.86516
184,1974,5,80178306577.21556,100021527304.59201
185,1974,6,-195544393156.59317,106494149465.98128
186,1974,7,324992378039.8934,63543672943.56376
187,1974,8,-181093063342.83652,109022704822.20612
188,1974,9,150919998098.5863,101236598355.93759
189,1974,10,-515307910535.4476,141950748023.5585
190,1974,11,-338218031340.02563,146126025397.81097
191,1974,12,-1093947336283.172,179418530852.57755
192,1975,1,-138230621370.22223,156835490951.169
193,1975,2,-89765517200.67891,157623155101.86224
194,1975,3,-100912135958.57602,140913823805.26144
195,1975,4,-192632249265.73303,133456505348.52393
196,1975,5,371631848817.6667,79496281008.80232
197,1975,6,2080788977.5242188,84044755141.4077
198,1975,7,124293164486.18904,82796107997.57208
199,1975,8,62965394010.69849,81674846752.08292
200,1975,9,-122510077015.60036,112564670724.02992
201,1975,10,-377363556222.62537,148274563084.88104
202,1975,11,-1169819899932.9197,178092901041.4132
203,1975,12,-476811936644.379,173027800796.2037
204,1976,1,-650969216531.2611,178253556647.74396
205,1976,2,-1013828051574.7404,177272279115.93582
206,1976,3,-278856808516.1632,141512709173.46878
207,1976,4,90284058175.43173,107823271049.57661
208,1976,5,-50521225368.13798,100082312256.18341
209,1976,6,58213491142.60225,74918811558.87363
210,1976,7,-113139733235.77692,75816439669.23248
211,1976,8,-151771741665.0095,96229099536.15092
212,1976,9,-521431092217.57526,123352272490.29791
213,1976,10,-899416788871.1835,162275593680.3009
214,1976,11,-773585212423.3541,169207000892.73972
215,1976,12,-1198248243858.4722,192304445122.8591
216,1977,1,-1397805110083.6687,205164033377.35785
217,1977,2,238519676574.76483,156624175946.3609
218,1977,3,-397280240803.87756,162861342580.8464
219,1977,4,101398437481.7014,112699588880.78197
220,1977,5,234234226699.5148,88315847854.8199
221,1977,6,129249843597.8141,89540795913.4787
222,1977,7,185107855913.7645,84499166328.43976
223,1977,8,-98519709085.33112,99318929259.0998
224,1977,9,-225275587741.8244,125434447570.96164
225,1977,10,-302946699205.32385,134474957755.86415
226,1977,11,-944614682428.2383,179161879427.7226
227,1977,12,-893743770552.9037,175634237596.16644
228,1978,1,-470239432527.8046,172126920771.21536
229,1978,2,-499954227635.8005,159844118151.71115
230,1978,3,-244033137638.9667,148537463267.6933
231,1978,4,382226199571.9211,92844738970.91434
232,1978,5,281178500825.35345,88356312733.91771
233,1978,6,-113843366669.52148,75690875998.98294
234,1978,7,-265945365924.09793,116624688897.67639
235,1978,8,156147985096.1405,76017033690.8428
236,1978,9,-473529006965.1845,128803370428.49052
237,1978,10,-536128116822.27783,152325020510.6496
238,1978,11,-723440422894.2084,192612111987.62415
239,1978,12,-803591973226.6896,166202281852.45798
240,1979,1,-597341826612.1565,170120665864.10635
241,1979,2,-818481295625.489,169484459164.35202
242,1979,3,-185514120733.29037,131687008586.05122
243,1979,4,-84184791235.0511,109058460042.94485
244,1979,5,-7035804683.449093,107354196778.28622
245,1979,6,200359818194.17636,55696134965.41091
246,1979,7,-42449988535.08724,83200924384.6211
247,1979,8,-162097515598.55148,104290222602.47401
248,1979,9,-631236399398.7533,121140038385.60854
249,1979,10,-599528660251.957,161048285236.59628
250,1979,11,-671860917942.2192,167142207986.0502
251,1979,12,-1175628426965.6582,197014276815.01184
252,1980,1,-983117902660.4209,167325949201.21265
253,1980,2,-1035550434955.0477,177070248701.18698
254,1980,3,-11956444875.02369,148590804688.89853
255,1980,4,-156851397790.07657,128823672898.6986
256,1980,5,-41315779705.34877,105774162603.9079
257,1980,6,2946094183.7147784,81414260143.92429
258,1980,7,218864754897.7712,75777440314.34224
259,1980,8,-262117579521.96173,93339243644.1385
260,1980,9,-408272361720.45514,113510560880.09047
261,1980,10,-239502727274.0731,144407561686.8731
262,1980,11,-1153584914590.2034,176034346430.6259
263,1980,12,-993032160752.0829,181969804044.2427
264,1981,1,-1233357740366.453,190836704194.4526
265,1981,2,-382285041938.01825,165973678387.34885
266,1981,3,-393350197413.4356,154073381016.5129
267,1981,4,-108953850636.09206,123481089717.2461
268,1981,5,152955190247.99872,87921278882.81961
269,1981,6,-270491823534.27277,88792762390.22311
270,1981,7,181901812186.17328,59540332603.51742
271,1981,8,-33542118834.769737,75318255785.97005
272,1981,9,293999992457.9369,91759412395.33366
273,1981,10,-741858319297.5521,136960946754.66258
274,1981,11,-712145300183.4398,160328755264.2158
275,1981,12,-1015015929076.2103,188159057049.42258
276,1982,1,-649978509199.3241,161382186233.99402
277,1982,2,-917245434811.6451,172180299478.55
278,1982,3,-711754436868.288,148154025403.697
279,1982,4,43923578838.88418,108864317213.29463
280,1982,5,43619227646.85572,92577413967.70285
281,1982,6,-598777935070.4669,116627219937.01389
282,1982,7,111565928534.60036,88904181811.85413
283,1982,8,-16572822911.332968,98296641181.51793
284,1982,9,-242850223025.8314,125249889215.90451
285,1982,10,-691929725627.5015,159238752312.43887
286,1982,11,-1223872772925.8777,190474924981.61218
287,1982,12,-1095330383871.9153,187021233409.48874
288,1983,1,-1389859013849.0122,196958263785.30658
289,1983,2,-820306442428.6454,175856525857.65903
290,1983,3,-669375005720.34,153035545827.29883
291,1983,4,-599218343042.5782,143322337620.89914
292,1983,5,-931477532716.1283,149312091223.05554
293,1983,6,-330875868059.5232,80522839503.66782
294,1983,7,-509750781298.4148,100234911445.12006
295,1983,8,325997174366.9966,68301397048.92778
296,1983,9,-805404075378.6699,135989671416.95128
297,1983,10,-555301473944.3508,149442002936.1365
298,1983,11,-726544347759.7261,161940226045.9726
299,1983,12,-720448812964.7166,163253891544.9652
300,1984,1,-611239337110.0101,182678731008.43878
301,1984,2,-114985463917.32976,172591215940.51102
302,1984,3,-1062407549582.5133,166711976219.40555
303,1984,4,-93012419937.70709,114783198389.5713
304,1984,5,310525123299.01904,97444875398.16302
305,1984,6,62439103631.954956,75653145976.63338
306,1984,7,245330274191.62247,73015914707.13916
307,1984,8,-306776478703.7566,95123903314.87404
308,1984,9,-363803019899.016,129584858071.39029
309,1984,10,-741538143546.1858,166755122260.78214
310,1984,11,-933161205066.0464,174025574971.33914
311,1984,12,-1111373469335.617,182290187028.47232
312,1985,1,-707108494778.8944,168351784984.28745
313,1985,2,-771899221785.329,186011909216.63254
314,1985,3,-673695832078.0145,157687449879.95367
315,1985,4,-463388855242.4517,137250334852.04274
316,1985,5,43474851617.31337,102077324371.06184
317,1985,6,202170513192.81418,70872201501.33867
318,1985,7,-117464539457.22923,79882407822.43651
319,1985,8,110040963830.06874,81591398946.37178
320,1985,9,-84415834165.25519,116365414101.13382
321,1985,10,-571042903442.2812,145150272037.5174
322,1985,11,-94120592961.96065,148184131889.17932
323,1985,12,-324031425237.1284,159656790857.70383
324,1986,1,-574370101826.9037,172084398174.62424
325,1986,2,-958859383080.5436,189696657411.74374
326,1986,3,-756248973647.1167,159053084651.48386
327,1986,4,11262770280.602922,138509036013.25513
328,1986,5,-381403113934.22644,134113321592.21498
329,1986,6,-29465187619.261547,75026361144.57683
330,1986,7,-3754377639.660629,74053252026.70995
331,1986,8,-326822605226.54895,115657768514.13705
332,1986,9,-170609567466.82565,109215186094.1906
333,1986,10,-100737542577.05495,120707418390.98116
334,1986,11,-449977555215.8956,175797947495.94485
335,1986,12,-1221406059298.0256,198774012950.78906
336,1987,1,-1168235715474.5132,203519407247.03445
337,1987,2,-488383033611.17566,172355536890.32242
338,1987,3,-362733741178.51025,143188920395.05554
339,1987,4,-496506451603.98663,144626870290.6447
340,1987,5,-452779379622.5695,105437106880.49638
341,1987,6,-100735157704.42148,84483933822.49673
342,1987,7,95567637166.09224,95264405263.23442
343,1987,8,-23374493364.832016,80855740238.28304
344,1987,9,-254001046682.78848,101299423052.19337
345,1987,10,-585158696919.3789,157782543922.9927
346,1987,11,-778049187944.4598,170764616183.53067
347,1987,12,-1075119941889.684,182346927996.6187
348,1988,1,-814532685789.9198,193388753633.01996
349,1988,2,-934508476271.6417,158422889481.62576
350,1988,3,-639853706686.4458,151118086633.32806
351,1988,4,-643407971851.3375,138061931373.6974
352,1988,5,-58691160976.73733,90702487971.56943
353,1988,6,-51154732484.89759,71432658081.19188
354,1988,7,258874750940.31564,48568814127.44525
355,1988,8,316339726297.52,61324187450.18109
356,1988,9,49539835206.97768,88335277239.16957
357,1988,10,-1016251588522.9254,148298421486.59753
358,1988,11,-337658075248.958,147237286329.41257
359,1988,12,-916998850093.2067,169701349529.71365
360,1989,1,-1217563909061.0203,190965108592.46106
361,1989,2,-902323284472.4347,169378608013.39703
362,1989,3,-793862538980.219,160338192812.77945
363,1989,4,-357072164521.10706,125800315244.17204
364,1989,5,328413624243.29584,70469041656.93687
365,1989,6,-374573873922.7393,92756403848.16682
366,1989,7,-24794358290.311333,77649138368.30327
367,1989,8,-442243739969.7354,106393039922.9462
368,1989,9,-96366763144.24911,105760669139.91846
369,1989,10,-404939757490.9052,133705509385.19283
370,1989,11,-496450070501.8406,155940810331.49374
371,1989,12,-1083496653339.4337,177386382722.08652
372,1990,1,-669545278463.1825,172846049020.21414
373,1990,2,-434105810067.139,164226078750.4029
374,1990,3,-720975899221.614,167965369283.99796
375,1990,4,-407234441449.07324,148999713968.88675
376,1990,5,-482380583790.59894,106466008382.11171
377,1990,6,-83146466053.48096,80088870138.64062
378,1990,7,-38560338676.169075,70355786080.2711
379,1990,8,-527300200268.43774,89852447424.4517
380,1990,9,-559890382336.5332,123652466681.8891
381,1990,10,-710773718108.9965,150598733328.34573
382,1990,11,-308715234703.6104,174033996588.81662
383,1990,12,-733605444052.1495,187834428501.95624
384,1991,1,-1214795155161.7349,190043317698.41953
385,1991,2,-749213070985.4027,163825980372.0214
386,1991,3,-1052572349858.9468,173475641111.62723
387,1991,4,-170412098703.48975,134950000587.7437
388,1991,5,-23384452711.91967,98666610651.32706
389,1991,6,-205310152130.74075,94717155887.88531
390,1991,7,44027368469.61113,67283422548.92875
391,1991,8,161275391565.9287,68748655388.52309
392,1991,9,-351695370151.178,113751941326.63853
393,1991,10,-435192647353.06604,133825256012.21474
394,1991,11,-348761692628.07465,143870905895.69788
395,1991,12,-1040424246124.3785,205723049683.8109
396,1992,1,-638864906158.1633,175441575210.3444
397,1992,2,-795241066416.9705,173282477549.63885
398,1992,3,-873862163185.6545,164578791518.80255
399,1992,4,-705449752540.1715,136501832422.47775
400,1992,5,-503805597415.3321,119221053543.01843
401,1992,6,37755914815.522575,84140230991.1436
402,1992,7,43951369117.90277,61216525593.84113
403,1992,8,-247297003273.1049,83974872037.70917
404,1992,9,-775016628714.8108,121175829315.00488
405,1992,10,-824944100172.9648,160079677381.90945
406,1992,11,-855266203378.5317,160687265582.8989
407,1992,12,-651305469332.7253,176830887056.70587
408,1993,1,-329810676621.7795,176706983764.8913
409,1993,2,-749782719776.9515,153783506595.49164
410,1993,3,-421999478328.0955,153399812979.8212
411,1993,4,25340132084.709797,117021147206.72897
412,1993,5,-29942002739.5446,103446191811.95842
413,1993,6,-143097790696.75836,81496758170.51234
414,1993,7,146221048115.01532,66464021772.29339
415,1993,8,-65057260669.50474,73270551475.15857
416,1993,9,-485041042939.93097,115043659740.88072
417,1993,10,-507106607175.449,151250588200.79813
418,1993,11,-401287974464.94055,161913617052.86295
419,1993,12,-906551810067.6484,189020106503.89746
420,1994,1,-822507033051.9607,168518099875.98206
421,1994,2,-807848387534.3201,178304026618.8186
422,1994,3,-380074052867.07245,141775770229.56638
423,1994,4,21024333195.47998,109997425853.80345
424,1994,5,-295647270637.6392,114834975995.39604
425,1994,6,-39726780960.24114,92753541084.31439
426,1994,7,60705813495.40589,71386698654.20088
427,1994,8,215488931310.2899,68661779519.01078
428,1994,9,-48442136256.78179,106927894255.20078
429,1994,10,-704297846665.3925,157734139544.6192
430,1994,11,-555230862667.2421,180652185526.76263
431,1994,12,-1000062288410.5197,193170285152.19415
432,1995,1,-1186201113549.9763,190072122536.23904
433,1995,2,-1207221917369.1436,186151008456.2242
434,1995,3,-730247075789.7388,163563154592.3546
435,1995,4,10194261879.556314,109005685337.6628
436,1995,5,10335930033.477318,86072351057.91743
437,1995,6,95011431282.37617,76026734248.29108
438,1995,7,100728668027.34555,70848514435.79521
439,1995,8,436423124733.18536,59264991354.22952
440,1995,9,-211669400449.2032,108322579973.3598
441,1995,10,-701580480712.8657,162184548636.8514
442,1995,11,-643764402788.0157,153989761549.22278
443,1995,12,-593837600588.3665,160297169892.34262
444,1996,1,-957658654483.4801,179554774465.49615
445,1996,2,-708798018925.5659,182029478550.35852
446,1996,3,-853397789096.503,159695457742.56213
447,1996,4,-157565135299.6036,126405387704.41998
448,1996,5,-110922699338.55388,95442717508.79488
449,1996,6,213518302070.41022,59871639990.35477
450,1996,7,157363756005.3301,54757247149.80568
451,1996,8,-131517565145.09186,90645610537.1037
452,1996,9,-659670748519.7623,127477905395.80986
453,1996,10,-774930382386.4637,165952626909.35043
454,1996,11,-900427472820.0033,172405264653.38196
455,1996,12,-1355465512877.9065,197289864063.43216
456,1997,1,-1372009123162.0034,196003327341.42383
457,1997,2,-688847023757.7157,163193864397.83643
458,1997,3,-264927462754.94028,133907410958.77858
459,1997,4,-77521523893.39252,114986599483.37193
460,1997,5,-89871049858.15443,93024121411.23485
461,1997,6,-477675257436.08905,102741248738.95345
462,1997,7,181213523088.8768,64188570991.82494
463,1997,8,214571549798.8537,72338107991.24527
464,1997,9,-489477299477.3355,124913671702.8274
465,1997,10,-557394575422.9938,160048484270.69547
466,1997,11,-976478144907.5492,191819077508.4881
467,1997,12,-893614386552.3892,200034367943.83542
468,1998,1,-607350586073.2925,190100514117.73187
469,1998,2,-1275338746156.5154,187819790054.513
470,1998,3,-644149398708.0804,150509737547.13138
471,1998,4,-402731484567.0224,141644045668.9188
472,1998,5,-14127092606.817572,80593608304.64728
473,1998,6,-87020701901.68896,68370702521.22059
474,1998,7,49597972691.69224,69833524519.02077
475,1998,8,-426472605046.86804,101483242549.7134
476,1998,9,-701302241789.2952,120311750234.40701
477,1998,10,-740547588375.3218,146812665273.4664
478,1998,11,-664914863664.6466,143956896759.9699
479,1998,12,-757172283123.5568,165401557180.4187
480,1999,1,-997517791105.899,178270225922.95004
481,1999,2,-489122093221.83044,171446472820.21094
482,1999,3,-612073924101.5374,147446652221.18655
483,1999,4,183222738310.04803,102531613202.20825
484,1999,5,282203225316.4567,74512671922.93791
485,1999,6,-409627645485.7129,77588778180.61433
486,1999,7,142736392821.08652,61927078027.16393
487,1999,8,327970216722.65686,57692193099.399315
488,1999,9,-278958474154.9901,114043875865.10234
489,1999,10,-211145432706.0781,121315130938.74791
490,1999,11,-344929921027.7164,120165949272.15897
491,1999,12,-923700186755.0017,160116921099.8577
492,2000,1,-585364658523.0281,169947476373.94107
493,2000,2,-905662444132.4164,167931048686.57254
494,2000,3,-972935263722.0406,157229255480.1897
495,2000,4,126895895968.08694,105645928099.73018
496,2000,5,143139258231.53604,81602504528.25098
497,2000,6,-87467086838.04095,81534011510.70183
498,2000,7,15245632867.382576,60035163999.1374
499,2000,8,-434103262316.7659,96276778954.40489
500,2000,9,-480075153711.6214,124388457943.45206
501,2000,10,-433615020588.33746,148166415441.3796
502,2000,11,-1204165142863.0532,183319626518.59134
503,2000,12,-727973667883.2606,166147719974.35327
504,2001,1,-617619548059.6711,174201622312.4489
505,2001,2,-700273668788.2645,175335098028.83408
506,2001,3,-264855179271.8285,144494224296.8936
507,2001,4,15377328617.883453,110281331646.40579
508,2001,5,-239685294597.90988,83627559826.69363
509,2001,6,118512573320.04637,63942039835.24494
510,2001,7,68025789982.50954,68726905244.2474
511,2001,8,-29393858058.635143,78378018977.65381
512,2001,9,-532428215582.09784,109336620658.1113
513,2001,10,-429334700967.4676,141203715797.84982
514,2001,11,-1057885159331.0293,173887252448.69525
515,2001,12,-871487609117.7062,156110041200.08624
516,2002,1,-545590547746.01373,158524675723.3702
517,2002,2,-1077478156646.7328,163740371295.4553
518,2002,3,-52699995125.89822,142430377316.21124
519,2002,4,109187902710.1242,105685868970.2255
520,2002,5,-265119026990.29486,102077221532.92575
521,2002,6,201886368206.35043,56607727372.190445
522,2002,7,-188568990825.90488,68919255815.07199
523,2002,8,119427989092.50601,81459812919.96864
524,2002,9,-237008913130.19272,97164751095.57266
525,2002,10,-274787101972.88867,143231751839.86575
526,2002,11,-726130841602.2117,163601391541.46344
527,2002,12,-652275498391.7416,172244980195.25543
528,2003,1,-1410006203714.322,193201671406.67078
529,2003,2,-424050356428.6201,151979224125.6132
530,2003,3,-826106185057.3088,155988900049.5082
531,2003,4,-109412826440.629,101165819485.45076
532,2003,5,268962843635.78452,67485626052.72884
533,2003,6,226096737815.81168,61027861360.65067
534,2003,7,105120131546.4095,53322195373.4891
535,2003,8,125419470328.95732,54477759620.29442
536,2003,9,-208594764697.65057,86920945621.84814
537,2003,10,-699358485253.4445,140887173783.1973
538,2003,11,-484872727993.38074,145418324715.53342
539,2003,12,-1069344837420.6477,186766713787.17572
540,2004,1,-387717149680.91797,151343608993.67575
541,2004,2,-624607451023.4801,146627287226.20013
542,2004,3,-248847043319.24475,126923397961.97029
543,2004,4,-356858917294.0804,119493297884.33089
544,2004,5,-399876766364.352,77197974234.52483
545,2004,6,-98972311211.52658,62678917695.18514
546,2004,7,47428541043.43744,63884468743.31855
547,2004,8,250487439943.70615,50613744552.99105
548,2004,9,-49089157975.30325,77417550572.27026
549,2004,10,-836810130974.1913,133360188856.34311
550,2004,11,-691660744752.9508,148946846715.58615
551,2004,12,-819873350404.367,161218752928.2186
552,2005,1,-1190599202893.8503,174320711768.15997
553,2005,2,86362753538.0653,126476316821.32903
554,2005,3,-314792562467.318,125210904515.13351
555,2005,4,-109292680164.31407,109586864159.39902
556,2005,5,-334012278319.97656,85190591845.27121
557,2005,6,11608321229.68968,73355857032.3187
558,2005,7,200376258709.0868,49181086990.57018
559,2005,8,77283365494.28406,59762596365.24223
560,2005,9,-547775228825.20874,90964932096.0611
561,2005,10,-689071673969.1876,142513989904.5036
562,2005,11,-1067826917063.5797,154260054768.23154
563,2005,12,-775469216218.7673,161605132298.4323
564,2006,1,-459976166636.4883,157073301917.76523
565,2006,2,-661620440007.4435,153770341438.67612
566,2006,3,-721972729356.1268,147539797799.41135
567,2006,4,-153909620848.5761,100298584471.78828
568,2006,5,251524558278.3342,49144268394.74205
569,2006,6,90109505849.23566,61799252186.21615
570,2006,7,293856663491.9413,55803427745.06788
571,2006,8,2239571102.106918,61915674880.3361
572,2006,9,-499240304241.50555,96009745711.56741
573,2006,10,-943453799510.5035,154482234291.07812
574,2006,11,-599506690331.996,151592448178.24667
575,2006,12,-1381684705343.4739,200456225760.62347
576,2007,1,-1773932286125.5696,201626074861.88702
577,2007,2,-677518863201.2607,158645302568.4851
578,2007,3,-86111269534.95177,137933004697.41782
579,2007,4,-53842523260.04512,106588124943.7407
580,2007,5,74188958520.10986,67786760473.72816
581,2007,6,296584725490.48755,47611433734.0005
582,2007,7,-227392739509.6369,59872510406.96258
583,2007,8,150242265470.52515,45058151561.52969
584,2007,9,44204702068.46418,83092961751.20648
585,2007,10,-544045969514.97076,139350534374.13507
586,2007,11,-604709803057.6724,154204365951.34668
587,2007,12,-1016495349429.7896,166657312183.6915
588,2008,1,-1317872685712.8032,176894819088.92886
589,2008,2,-814347815116.0024,154547407756.5753
590,2008,3,-336388329639.8013,128267990974.4527
591,2008,4,-369565106052.9374,114950127351.24486
592,2008,5,186717818404.52924,64551991967.16493
593,2008,6,41525631201.55361,55881305570.7633
594,2008,7,122852603446.71109,52384126056.78882
595,2008,8,93710577219.52444,70805299794.44945
596,2008,9,-191557930075.23206,68095477221.948456
597,2008,10,-723583461319.2421,138936564186.2381
598,2008,11,-610887306874.9907,147196372102.48398
599,2008,12,-570758593035.2266,137861078019.18988
600,2009,1,-690640807255.1359,157063904959.22485
601,2009,2,-990173044078.249,170992750077.52762
602,2009,3,-400915131016.0339,134266887542.30318
603,2009,4,252537927421.00726,82887694321.47995
604,2009,5,-134282427091.20836,85611096932.02596
605,2009,6,-17184648643.972633,55990707392.492775
606,2009,7,-372609614207.9807,68784298238.4934
607,2009,8,-187407160528.97272,70895843442.135
608,2009,9,-531762132959.0935,106173760402.59819
609,2009,10,-764043697009.7455,140124036171.7239
610,2009,11,-1216225799065.1606,187979293171.25403
611,2009,12,-1533492704010.2595,197682450078.74402
612,2010,1,-930884588764.2668,170345192219.37424
613,2010,2,-894365345394.5725,188392471757.282
614,2010,3,-312755482408.236,140447351357.2436
615,2010,4,87005217474.26205,83408646854.22429
616,2010,5,-87832875781.10396,70017104453.86198
617,2010,6,54241471708.953545,51451728155.59069
618,2010,7,-124938567426.44157,52928339653.85487
619,2010,8,153495812274.64386,42589501905.663475
620,2010,9,-337848433091.05884,93555747021.15875
621,2010,10,-609300568993.5577,128208856125.6668
622,2010,11,-645427508748.0662,134627024232.26982
623,2010,12,-754794269305.5367,161470893182.2562
624,2011,1,-977578863980.7229,171850061274.07144
625,2011,2,-1267765760571.1606,172653105922.9255
626,2011,3,-1011651000616.9644,144473642719.7861
627,2011,4,-287238702030.17645,115328687918.49678
628,2011,5,385004388152.18005,57489379893.32743
629,2011,6,-120608665900.27533,61697026517.74556
630,2011,7,-87730657288.34442,61266116873.26219
631,2011,8,126871189741.0252,66067463496.890564
632,2011,9,-72859261874.69795,73581404426.74637
633,2011,10,-712063589404.3986,139555709498.7472
634,2011,11,-462254913697.98505,130484770661.6455
635,2011,12,-601241878138.0363,144192630827.89484
636,2012,1,-754264984882.9053,157357577968.305
637,2012,2,-302748874630.83234,146784229094.98456
638,2012,3,82897529264.93022,121826420425.42188
639,2012,4,-735240260948.3026,129152896745.38799
640,2012,5,-327270582601.385,84857174356.53282
641,2012,6,-257503348190.45682,78331486142.99657
642,2012,7,126794196511.62434,49869557494.580505
643,2012,8,326276017738.75616,54807041406.30032
644,2012,9,-159972592058.1041,82047342440.3564
645,2012,10,-488448818664.9049,141357395963.53357
646,2012,11,-730721951858.4667,148310259287.3896
647,2012,12,-427969595295.8688,162801290205.0233
648,2013,1,-483649371224.7242,150801276784.4208
649,2013,2,-643864143058.8112,158168383414.96387
650,2013,3,-588739266929.9517,136579562665.35387
651,2013,4,-382566821194.39545,105570022712.46443
652,2013,5,-99327883894.9487,83222410511.84079
653,2013,6,-602361292790.299,88061325119.93915
654,2013,7,245341635521.6892,51645662792.32022
655,2013,8,172605556632.0677,46250688262.85506
656,2013,9,-336720869118.8058,89369015581.2812
657,2013,10,-795871489647.8146,135900863353.55606
658,2013,11,-516129126979.7732,136886377924.10565
659,2013,12,-527419380814.69464,156011007551.74347
660,2014,1,-279553847306.5606,159763533240.24924
661,2014,2,-390937243584.9091,148045511314.4528
662,2014,3,-948547964441.758,142379764670.05246
663,2014,4,-216825611409.36774,107734032810.46706
664,2014,5,-395390810740.7734,87289445043.48495
665,2014,6,-135916792106.29567,72837965402.41156
666,2014,7,-338147322656.78516,66510679475.75117
667,2014,8,279591931419.299,53884183332.063385
668,2014,9,-549281673740.12476,119608286203.87807
669,2014,10,64151470385.627014,114418167336.20006
670,2014,11,-1074863434783.7476,161147885018.02744
671,2014,12,-749194786888.1271,160740906369.18753
672,2015,1,-150598548318.48044,164336173942.19183
673,2015,2,-1013708861579.6996,175089544056.10825
674,2015,3,-451924009963.00946,134515305149.74641
675,2015,4,-265960133466.9502,115503853561.31712
676,2015,5,-527339662507.24243,97097251041.9474
677,2015,6,109984744033.04567,62068980334.26865
678,2015,7,-250918322842.89627,77765507570.62459
679,2015,8,136038479697.37189,64396981916.95848
680,2015,9,-520257989833.02905,111384317653.09897
681,2015,10,-649698938869.8031,138408653008.4964
682,2015,11,-1228480021114.1733,188788266970.2321
683,2015,12,-1334415943368.7686,207061098245.75745
684,2016,1,-1241528023817.901,189993449165.14572
685,2016,2,-965703019206.1605,185987500937.78708
686,2016,3,-415153015293.5772,135696709195.94348
687,2016,4,257426385470.60046,111184477370.6246
688,2016,5,-368580568375.8746,74621210624.42995
689,2016,6,-110088503046.42776,53740116653.87281
690,2016,7,163199308231.24057,50269132610.76006
691,2016,8,-209311166536.4285,74347499218.27974
692,2016,9,156714820165.76123,62567387476.36171
693,2016,10,-658799298551.7166,141178796995.93558
694,2016,11,-716917780808.7654,151716826079.90164
695,2016,12,-796709609741.5414,171697552002.21945
696,2017,1,-503116826246.8566,174374028224.1827
697,2017,2,-701825116923.0597,172883471064.3431
698,2017,3,-498208286799.4593,146588414351.12927
699,2017,4,-559388481195.606,120103751847.55833
700,2017,5,-579384658839.3333,99531636535.28427
701,2017,6,99838743749.95554,59395033891.6871
702,2017,7,410420991201.73517,38849948280.98472
703,2017,8,-159432524443.19977,72191409194.45297
704,2017,9,83366956443.01149,70292378628.34602
705,2017,10,-731017495889.4249,148378452774.89078
706,2017,11,-985533715747.09,150510288463.68155
707,2017,12,-920885647721.433,167916724994.6511
708,2018,1,-1038510184483.0837,173897138188.5605
709,2018,2,-533107037797.8035,151780019309.8469
710,2018,3,-585120516163.1321,146554295103.23154
711,2018,4,415231155804.4085,87304917246.36263
712,2018,5,141393368.7412267,83355581871.70132
713,2018,6,151080441081.9118,55355690002.15138
714,2018,7,271533333040.95172,40549149267.007904
715,2018,8,-127234502320.53853,56160752227.48038
716,2018,9,-503182276690.3811,102287038528.61514
717,2018,10,-1048663151958.2292,154577008156.41446
718,2018,11,-1227321948501.8064,175497183445.4893
719,2018,12,-249918117905.61008,146212257369.4545
720,2019,1,-162831584994.52643,166201992514.60617
721,2019,2,-601628610040.7976,162032415791.86154
722,2019,3,-555196105310.0577,141057362709.35245
723,2019,4,-498847864213.8018,126486279354.08698
724,2019,5,-202993137047.1209,89979464738.25046
725,2019,6,283028623953.54486,52131576177.714584
726,2019,7,202190431017.4459,46647594016.3025
727,2019,8,179447557495.10892,52099975781.12397
728,2019,9,145171850642.71768,71612953075.03506
729,2019,10,-195222707252.89304,106199786134.14151
730,2019,11,-622427587421.8674,157110498364.4194
731,2019,12,-632798735443.8942,164868896909.81763
732,2020,1,-522212523851.9822,170007921390.53238
733,2020,2,-693119146806.0471,165081861237.88458
734,2020,3,114790183517.5931,101837674014.07516
735,2020,4,419056683671.4824,76751155111.4024
736,2020,5,59218482082.47871,63503576070.56628
737,2020,6,26698333781.152832,61185713316.16999
738,2020,7,158445016360.76343,44052485821.139824
739,2020,8,-104430630523.45107,56668595383.925064
740,2020,9,130092867280.08658,61050370908.722946
741,2020,10,-494829441337.38306,110866578959.98375
742,2020,11,-352441377412.1222,111161753586.88425
743,2020,12,-572529979252.4982,151828742249.2619
744,2021,1,-1121586887568.8025,168084502766.70093
745,2021,2,-117079359666.0936,120568982707.06017
746,2021,3,-120028927549.53737,118181434770.02477
747,2021,4,72500194237.63104,86606165830.14195
748,2021,5,132755247947.17534,57197524972.27709
749,2021,6,60791844266.65711,55818505677.88606
750,2021,7,50651043333.60775,33988941503.64066
751,2021,8,49411921569.88833,42952864009.78716
752,2021,9,-105349882186.22664,75943021979.95656
753,2021,10,-1040549099608.2344,124847088456.83577
754,2021,11,-666720990064.1979,135641180464.28557
755,2021,12,-357808311157.88837,130902044647.20697
