id,year,month,qmin,qmean,qmax,mer,mtpr,mror,viwv,vilw,viiw
1,1979,1,142600,154977.419354839,165400,-208106223.671944,350117519.805663,172023019.018358,165247733.143339,-35224.017062,-417673.074283
2,1979,2,166000,168835.714285714,174300,-205571782.080338,364440421.215198,169405153.653841,168439907.352164,283817.6912,-352891.050072
3,1979,3,175300,184080.64516129,198200,-190064744.410971,527838352.659558,267667858.924802,354629100.072413,650563.31479,-716445.924378
4,1979,4,200200,214736.666666667,231500,-182533031.07234,465739543.215999,311362838.460167,278634383.392104,154564.585465,-534623.228586
5,1979,5,232700,240419.35483871,247800,-170655573.896728,391083749.023005,239626580.622081,210989576.423667,-273105.810245,-245775.278501
6,1979,6,237500,243726.666666667,248000,-162269524.54406,228253897.981183,187260653.471663,51013558.825848,-733247.306795,121597.303553
7,1979,7,203100,221574.193548387,236900,-165643849.068064,202805895.969066,112202768.181182,36250299.385579,-867748.888773,-14794.451276
8,1979,8,152700,177245.161290323,201400,-181675606.928106,222653815.295726,71672367.476607,56189679.031459,-373261.964403,-109605.842061
9,1979,9,111800,131480,151100,-202086151.65693,244035189.832006,64712336.924514,57486772.201705,-889533.245659,-141728.857741
10,1979,10,91720,98592.9032258065,110500,-209634874.743759,313006113.891811,80793635.674539,123345986.351278,79389.376399,-226925.637478
11,1979,11,94990,97644.6666666667,100900,-210603233.631336,362039757.26617,105077469.803168,152656797.296367,204936.743195,-402656.837046
12,1979,12,96920,104636.451612903,115100,-205393983.137242,397864590.544154,131071266.432373,203055911.868193,446885.354964,-592971.483062
13,1980,1,116600,128454.838709677,138200,-207185116.650699,384890147.262797,163350780.609057,189489835.40656,289649.453138,-255225.019565
14,1980,2,138700,143534.482758621,148200,-211151909.352284,345669047.621582,174921309.864703,136420916.75869,131758.769887,-319789.488606
15,1980,3,147200,151274.193548387,156100,-189680334.185794,511592241.65899,242690901.130946,344305679.039033,379158.019648,-426024.80465
16,1980,4,157000,169153.333333333,180100,-192758358.556449,395893003.38975,227442056.298703,208535328.593026,-422690.068601,-352003.773272
17,1980,5,180400,183480.64516129,186100,-173552146.654325,324188070.924301,188713975.464072,152782344.991476,-133974.31182,-213631.430529
18,1980,6,185600,187793.333333333,190100,-162541608.755156,259659336.652654,159729092.203717,84392946.244602,-700496.964279,30322.086964
19,1980,7,167700,178316.129032258,185600,-168207148.147371,207299106.173646,104855098.97782,45088994.213151,-596992.546929,36604.746071
20,1980,8,135900,151225.806451613,167100,-188617321.233733,226302280.031734,77935448.048295,50479706.180382,-450863.932794,-113050.326134
21,1980,9,99580,114682.666666667,134400,-207877300.306906,273126020.517882,81553670.695018,78181623.647239,-175122.885374,-325578.52475
22,1980,10,92540,95837.4193548387,100300,-210556130.109218,373365965.258517,108861147.237565,183638546.497632,100845.648091,-298233.635788
23,1980,11,98790,108810.666666667,117800,-206825092.612185,380186642.476835,124263045.182004,187332943.837799,178275.668489,-492591.150943
24,1980,12,115000,119770.967741935,123900,-208626838.663399,375494463.445229,140982744.640971,170896331.989712,153877.90993,-590560.996834
25,1981,1,123600,131051.612903226,140600,-200235841.299373,439368200.731796,207138992.846212,240796491.45907,256041.798352,-432418.385494
26,1981,2,141400,150642.857142857,157400,-193100064.995938,564867964.234438,305622476.885427,377278716.440766,398736.760917,-968225.203065
27,1981,3,157400,169693.548387097,182800,-197369281.658928,476079560.623565,322678850.636736,262633020.805606,532181.202774,-776536.766101
28,1981,4,184300,195400,200100,-179451491.159401,500001055.181374,306775557.194532,307569895.713165,322420.274783,-695436.6204
29,1981,5,200100,203061.290322581,205500,-170668734.737456,360921594.182791,244777584.665882,182668344.646566,-11952.198128,-218865.406827
30,1981,6,196800,200246.666666667,203000,-156880085.562695,305861675.271414,214217122.635295,126993624.251154,-835890.485374,-126480.670282
31,1981,7,182800,191819.35483871,197400,-166018970.778278,177275822.61149,123223665.052996,2024155.235756,-595891.740376,57019.438799
32,1981,8,153900,169619.35483871,182700,-183283026.205449,232930882.242366,71982694.245754,59113054.940215,-323870.208316,-270896.775922
33,1981,9,112600,132213.333333333,153100,-205939276.362662,282848403.619789,80176877.436585,93167290.83249,-119414.130638,-355934.681431
34,1981,10,91350,97968.3870967742,111600,-215114290.371574,308330357.258134,86432940.423964,115569462.845291,-183909.234744,-491032.733299
35,1981,11,89230,92827.6666666667,96220,-206896496.752794,386281719.997928,117119455.401069,186875112.574907,340591.385563,-544307.555434
36,1981,12,95170,104218.064516129,118000,-199626491.182405,443106483.398838,184585702.145802,258505145.930786,299841.967037,-672595.070675
37,1982,1,119000,140806.451612903,162300,-196305069.755548,467624242.828823,241687752.080873,287775779.213814,662995.506661,-446546.127981
38,1982,2,163600,178389.285714286,191500,-195001466.45731,509985061.905289,279962059.033493,328056909.532742,680408.883766,-902728.221391
39,1982,3,193200,205306.451612903,215900,-197067681.651564,467390636.798917,287327722.928934,275032646.058114,428305.480975,-672609.801782
40,1982,4,216600,230433.333333333,247000,-178301804.611942,485951964.827501,301239546.236405,313726739.299909,482719.609332,-435041.996292
41,1982,5,248400,257180.64516129,261400,-168803505.557314,345285247.25173,240154038.784456,174901703.364998,-107348.578764,-134601.19467
42,1982,6,250100,256933.333333333,261200,-164469549.210886,227466977.554829,140283553.236497,70201813.870715,-884912.226109,-83727.073811
43,1982,7,220300,235919.35483871,249200,-167639197.123816,238498885.848433,110576283.897242,75672374.333601,-692083.840226,-65672.216953
44,1982,8,174300,197393.548387097,218600,-184236571.688259,224651222.217621,88748490.100576,58449350.839318,-495121.428246,-295073.559038
45,1982,9,132700,153770,172700,-202419915.54269,255521691.7776,71894091.264636,73863072.059561,-594321.213625,-192459.047251
46,1982,10,100900,114693.548387097,131400,-212064726.435005,284728933.01108,74840157.707564,89505910.538861,-97378.545165,-198667.844468
47,1982,11,101000,103240,107100,-201709994.855383,400217845.48215,137432032.315158,207976803.469706,37526.789194,-311909.868256
48,1982,12,108600,120129.032258065,132000,-194364321.090464,486076227.16763,208919841.225914,295574604.573576,509255.741003,-547343.44549
49,1983,1,133300,142054.838709677,150200,-213874659.421447,358280875.034224,187264542.382128,162873773.076606,468637.805186,-23162.714503
50,1983,2,150800,154707.142857143,158200,-206112815.234548,435296408.822373,207820660.629315,233098506.284642,73826.58486,-285858.072984
51,1983,3,157500,160141.935483871,168400,-198189225.184962,482368418.810632,257264881.718309,284832160.924723,187171.708622,-604819.828892
52,1983,4,169700,178323.333333333,186200,-187493999.506887,456585976.032385,255325666.082778,268520988.258167,279990.046013,-356730.577789
53,1983,5,185400,189200,193800,-179310938.037386,340669211.603755,200618426.02291,163955920.831086,-467268.770574,-261436.661374
54,1983,6,184800,190823.333333333,193600,-165314461.30926,212630322.785759,122100841.709931,55572185.662725,-1483780.105379,131156.579358
55,1983,7,158200,172274.193548387,184200,-172830090.906629,183497242.444249,81042875.024495,14853134.786182,-1300829.784017,49804.724139
56,1983,8,114800,135822.580645161,157000,-183946237.606707,231396442.77627,83507598.796852,68566775.390473,-276871.00946,7671.035224
57,1983,9,98070,104078.666666667,113100,-203190675.203734,239309472.008166,76909124.850282,53678558.890923,-389391.58521,-61442.812752
58,1983,10,86740,92427.7419354839,99170,-207910073.349049,348379716.429277,94815239.723812,155185799.340839,-279894.014817,-546024.377267
59,1983,11,87240,94511.6666666667,101400,-209666914.761755,374705054.942934,117427630.623823,180317148.172108,-233134.819542,-482412.187612
60,1983,12,101900,109890.322580645,121600,-196479978.57276,471808262.328236,193119699.787315,275918015.633453,633620.135713,-609234.264509
61,1984,1,122600,136819.35483871,149500,-192974596.853315,505860390.921612,262535164.469108,311152562.460401,794158.422045,-670578.605457
62,1984,2,150100,160348.275862069,172100,-191857695.15437,529492255.463034,330425618.488154,345733081.859474,1090887.546283,-588976.346858
63,1984,3,173600,190122.580645161,203200,-193749140.833313,455314513.040252,282189305.60752,270830532.714924,736453.604312,-531891.87523
64,1984,4,204800,217460,231900,-172390819.074886,503626477.810561,331792291.231505,323113496.276606,703361.039523,-528840.613318
65,1984,5,232900,240893.548387097,244700,-166481168.436407,370330164.456301,266258911.654536,192664098.31092,473503.563947,-103824.351959
66,1984,6,228200,236543.333333333,242800,-159875953.332774,311054407.267757,207897515.463812,139634420.432242,-886293.857927,62392.989516
67,1984,7,210300,220977.419354839,228200,-166664028.419135,225651126.370914,128249710.590019,52302259.768163,-581041.417356,10838.221595
68,1984,8,173700,191838.709677419,209600,-181760535.084696,225021356.109104,99724044.298717,48231341.360276,-691700.18803,-157208.16584
69,1984,9,140000,155043.333333333,172800,-199679844.64224,294388081.084205,88887038.01949,112121252.206805,-351490.714607,-244727.511868
70,1984,10,110300,121512.903225806,138100,-211010860.083058,336838725.710485,94924931.136535,151895145.605425,301687.467024,-431611.793025
71,1984,11,108200,112716.666666667,117100,-204673524.394049,415970674.959258,139644364.564,218034071.136552,271304.866406,-477364.82031
72,1984,12,113900,121348.387096774,132200,-198954917.142166,451624161.798915,197949014.99634,267267487.941902,245029.583698,-611921.99634
73,1985,1,132800,150577.419354839,170500,-200892988.861083,393854241.705959,238366614.280992,193900536.589675,202074.107953,-131861.432725
74,1985,2,171600,178257.142857143,181000,-202785475.375361,418538664.370811,212755642.246989,227380308.246123,246272.632758,-221741.253614
75,1985,3,176500,180674.193548387,184400,-197746263.058493,434814958.351719,233776141.91088,247857426.575641,295100.701686,-414470.676149
76,1985,4,182700,184190,186200,-181571615.812619,428370061.581496,233286422.59861,247504304.400839,530850.195283,-486364.529156
77,1985,5,184700,197303.225806452,204700,-162773365.627164,431476529.168294,277153265.176059,261749262.744027,368733.407114,-299172.765457
78,1985,6,200100,202766.666666667,204800,-160251936.649912,308034276.612319,224873122.118983,128320244.708939,-857475.866712,-261846.011906
79,1985,7,183000,192090.322580645,199800,-165286166.78583,280291635.766854,155940123.575604,110978552.599255,-793446.122363,-297321.620633
80,1985,8,160400,170712.903225806,182700,-181743403.327885,261907297.550398,115336634.724036,79548809.969038,-383190.905693,-96953.519976
81,1985,9,136500,148716.666666667,160000,-204087383.017737,288051432.826508,97421277.143406,94715484.554795,-61593.973847,-144091.437524
82,1985,10,117200,123980.64516129,135800,-214332987.034141,324528430.914085,98282863.844433,126582527.472231,59696.284616,-323317.086455
83,1985,11,115600,117106.666666667,120000,-205626053.113669,428133369.671077,146043044.239527,222811599.570158,81260.620228,-714438.280909
84,1985,12,116100,129080.64516129,142600,-199539280.782875,429986727.943168,209702793.434826,228632024.720356,328489.978788,-484687.455545
85,1986,1,143300,149561.290322581,153900,-190980435.865131,487642144.473558,274448050.771266,294148123.838693,896932.923582,-462695.200744
86,1986,2,154500,163400,173800,-191736855.613002,556398079.449749,332411154.857101,367978743.168868,1186949.322595,-907007.062329
87,1986,3,175200,190141.935483871,206500,-188816467.511101,531913294.355121,352816274.009774,339743708.625753,782576.984025,-954573.930227
88,1986,4,208400,218883.333333333,230500,-185983208.837038,438795984.8123,292210599.793482,244561257.089137,529131.322597,-370234.255138
89,1986,5,231200,234745.161290323,238100,-167965416.014147,401652341.402683,240454248.366697,237321933.868235,233049.03817,-436118.184677
90,1986,6,233200,234100,235200,-159136424.524961,310949983.30361,229795606.035149,148288204.055245,-507603.527786,78834.666747
91,1986,7,223800,230322.580645161,233100,-160067970.17739,271088136.157985,182543520.952912,102055883.294122,-1170799.763611,-145423.033612
92,1986,8,185300,206677.419354839,222900,-184767952.631212,229363140.798002,83935471.837128,64591503.014883,-949614.017619,-243565.085546
93,1986,9,141100,162666.666666667,183100,-197488224.843443,338976877.120768,108415665.704005,160857416.120575,-411913.860231,-223853.166053
94,1986,10,129900,132767.741935484,140200,-207201563.57879,354240940.277406,150478432.707631,156128665.345079,-125527.680077,-214995.056686
95,1986,11,131600,135853.333333333,139000,-208830785.034222,396026442.927342,157755798.237191,196872987.089397,204455.937812,-505236.606961
96,1986,12,139800,145445.161290323,150300,-207482974.550104,421276673.222666,189804441.622778,230371768.899232,220092.464307,-423645.191558
97,1987,1,151000,157861.290322581,164900,-197354562.329357,474653198.649533,253156149.394549,292892744.060764,719905.952111,-562667.379459
98,1987,2,165600,172485.714285714,183000,-199645657.803002,485711972.95629,280633269.497838,295216275.542117,301657.244619,-376052.474862
99,1987,3,184200,196703.225806452,209600,-207355033.843511,394080779.803316,219403626.831372,185650923.742629,229600.269743,-364678.778057
100,1987,4,209900,216813.333333333,226200,-182536007.190635,513407614.954015,288553773.56704,330647710.532913,607329.449734,-550118.735592
101,1987,5,227400,230267.741935484,231900,-173642753.939006,318417429.586022,223747257.777108,136279602.845101,-774022.366171,-143058.654514
102,1987,6,215400,222683.333333333,228500,-163550132.540156,280855898.199839,152103442.255904,115317972.277353,-960452.773876,-179148.109763
103,1987,7,185000,200851.612903226,214600,-170885017.946461,221006952.700891,116196865.725516,47797189.11043,-640544.095625,-47883.736696
104,1987,8,148800,165977.419354839,184600,-183875248.030263,218033631.01653,88982001.55224,50234370.222796,-483127.482864,-87456.385173
105,1987,9,112000,129573.333333333,146800,-203775011.394381,300242586.385824,92037347.820964,112816691.597267,-182876.918598,-135583.631914
106,1987,10,93910,100486.451612903,110600,-216974438.359796,327475267.542331,103319656.384956,131583244.531617,-192207.919815,-427380.315501
107,1987,11,93520,96728.6666666667,101400,-211693051.369166,420109285.367951,138487869.776206,217213949.246434,201130.663399,-447034.38073
108,1987,12,101100,111096.774193548,122600,-201481076.705303,457813742.6925,190712769.133346,271796465.855739,72444.722267,-616353.954096
109,1988,1,123100,135522.580645161,148400,-197478832.875331,478302748.816915,252677011.820233,284334834.637426,438685.1725,-592181.743254
110,1988,2,149200,161472.413793103,176200,-196343385.690559,525915666.477382,333413794.480244,332374394.484922,290843.073786,-515868.90624
111,1988,3,177300,191500,200000,-202282399.101223,428998490.675116,252214574.57256,232216429.293104,68461.796619,-384788.4589
112,1988,4,199500,205110,209700,-179200231.792222,501623777.128132,289554422.845181,317434475.441614,776295.896141,-588774.769643
113,1988,5,211400,223903.225806452,228600,-158554700.2101,452089822.540711,329362013.997525,283993322.854533,-218136.347163,-56951.103494
114,1988,6,226800,228936.666666667,230800,-157640323.704084,280779407.722407,205393724.722888,108986034.959632,-406565.252518,-69041.206749
115,1988,7,204400,216912.903225806,226700,-162749989.735927,239837000.258432,167352478.207899,61188889.0498,-1373666.731031,102218.925842
116,1988,8,164900,184906.451612903,203800,-182531853.457281,169570533.77902,85117173.369973,-18929098.313614,-396083.854579,23285.573128
117,1988,9,112200,136590,163500,-204195987.779354,264581729.086604,76140162.47012,79866202.671075,-548798.949172,-52277.688726
118,1988,10,93730,98140.9677419355,110500,-215662740.299791,311539877.892088,80292831.153655,123538791.560471,-91970.124951,-458542.14548
119,1988,11,95390,100245,109300,-202086040.560917,438765115.131654,140330371.762627,246371347.642715,322980.166128,-561723.243978
120,1988,12,110100,125722.580645161,139300,-195747395.858023,490795144.930097,197886825.040076,291685131.437759,636490.440159,-929362.182892
121,1989,1,139500,146300,154400,-189363718.254196,529265371.509634,296621265.898801,345710880.650648,618287.569237,-583891.922318
122,1989,2,154900,175557.142857143,197800,-190099490.261288,547408934.02806,358837835.333631,358394386.639545,829254.479745,-661613.48267
123,1989,3,198800,217400,234500,-184297220.878954,546327473.527663,364227817.939535,353568888.671731,1207571.676183,-1103951.191327
124,1989,4,235700,249593.333333333,258700,-177955859.63556,483726782.052738,327158896.816821,306642436.060573,569048.81302,-541743.135056
125,1989,5,258400,266435.483870968,272300,-157474576.600262,466465900.525978,364396286.047206,291606989.502963,73450.103092,-377577.270462
126,1989,6,266700,271196.666666667,274400,-154914861.373174,371825052.090657,259319845.88581,207517155.981046,-25187.263215,-360058.506883
127,1989,7,246500,257503.225806452,266600,-167482363.119118,222351089.342166,137364534.163863,54886328.229682,-836586.260756,-150569.782931
128,1989,8,207800,227083.870967742,245200,-187040893.038865,238005924.397064,91448687.291558,63073958.412987,-292478.0508,-136939.790423
129,1989,9,158800,182383.333333333,205900,-205087728.692123,245076763.822839,72276187.695079,49707791.787277,-689844.954431,-66890.899792
130,1989,10,123900,136329.032258065,157000,-208073227.410097,363859966.76166,108082872.652111,176413221.682954,50684.327478,-370287.387854
131,1989,11,124000,129480,133900,-213375180.852967,369395449.291774,130150345.726886,162307864.005343,-25258.839116,-721056.12495
132,1989,12,127800,129277.419354839,133500,-209713017.098339,373445033.14799,142043050.645128,164726747.333104,-71029.327288,-408320.447085
133,1990,1,122100,125103.225806452,132800,-195344033.972228,537701884.751653,239488960.141558,358317338.155667,719382.703929,-758863.690803
134,1990,2,134100,151160.714285714,172900,-202003294.827655,499486108.075845,304066546.680828,286052186.426494,273906.845592,-878084.68649
135,1990,3,174400,194151.612903226,208400,-198176079.112545,492540424.932978,286070471.174468,307182124.667953,281243.349763,-910907.38785
136,1990,4,208700,215663.333333333,225200,-186012082.796142,444083194.551946,278349596.547893,257052347.24425,577046.178586,-474091.208143
137,1990,5,225900,230096.774193548,233000,-171026270.335766,391520468.557475,245132881.257935,218010382.454145,-607015.116443,-359998.15207
138,1990,6,227100,229890,233700,-159349181.267602,350010397.226175,221458022.040761,190825486.649205,-897860.95815,-234651.796682
139,1990,7,208500,217635.483870968,227000,-167844033.963112,250669943.535505,152121177.440378,77984358.974537,-1124313.004378,-27944.575678
140,1990,8,173300,192254.838709677,207400,-186690090.173725,212431677.924946,90017624.796721,46574365.234764,-677948.562907,-113144.212151
141,1990,9,129600,152636.666666667,172000,-207143886.749887,255847484.775653,74821700.115631,65136964.027974,-484956.078046,-180608.919498
142,1990,10,83760,105591.612903226,128400,-215889274.396184,302807806.678342,76420896.029604,113557591.692035,-88275.1987,-384169.670882
143,1990,11,85420,92083,97280,-211304430.486158,390478614.711637,119759450.778562,195521019.337884,109745.047294,-544992.715084
144,1990,12,98810,116558.387096774,132200,-200096500.323272,475068937.940834,184912128.765504,281982078.47494,532408.659298,-591084.511035
145,1991,1,133600,148780.64516129,169000,-202413111.940038,463096554.219031,250629295.829756,257508216.125704,381183.641315,-415766.885346
146,1991,2,170300,175885.714285714,178700,-202944125.915142,453308945.347273,242700521.073978,264726816.071571,-131493.591401,-395428.061184
147,1991,3,176500,182167.741935484,193900,-193517959.827189,520144012.916947,317498095.465731,320057638.392727,504019.48067,-709177.411484
148,1991,4,195400,210280,222600,-184041448.345748,479918368.835094,299266335.867272,293161797.365345,455681.833328,-575815.940056
149,1991,5,223300,232541.935483871,239000,-163813736.08239,429978367.85393,313282130.96076,249470546.626368,189674.680318,-427283.460643
150,1991,6,234000,238143.333333333,239800,-160196246.343323,328241917.558212,213649698.701316,151733136.54151,-840957.202202,-303205.707142
151,1991,7,211700,222851.612903226,232900,-165029564.286599,232030534.829111,158790211.470386,72914908.365584,-971547.438181,50637.49198
152,1991,8,181500,198667.741935484,211100,-177615011.413708,195896170.825906,95440085.212038,21265770.50628,-1005987.03722,4546.150061
153,1991,9,130900,156120,180600,-204005835.111853,276423025.462696,81308964.596983,100593228.604241,-672194.283513,-365601.065911
154,1991,10,88950,106071.612903226,128900,-209511184.737206,302360899.186302,79137770.32642,103718476.540694,-370064.196539,-264098.289328
155,1991,11,82640,86600.6666666667,91970,-207273280.447141,346428014.40962,106190444.782148,153411631.649832,-285903.506654,-566049.250803
156,1991,12,92400,98770,105800,-201008028.635356,389031526.566989,136241785.040046,194926114.319417,201199.21572,-364941.88603
157,1992,1,106000,111938.709677419,122900,-207237505.36792,359408293.167939,160520875.410901,158871222.472422,-86035.520148,-212351.090757
158,1992,2,123600,127241.379310345,129200,-189410812.072007,516111488.042481,231504155.415332,345520946.796238,519342.160402,-566445.418573
159,1992,3,128800,145896.774193548,166100,-192047568.456667,518617221.354414,326396449.446127,329344978.357924,498322.219369,-742865.810228
160,1992,4,168100,182753.333333333,191000,-185391261.36682,429955179.664267,258526652.072132,238468779.76938,93680.265606,-578678.16414
161,1992,5,186200,192138.709677419,194600,-180782265.7123,278813066.486027,160830784.005587,97704876.278016,-1040566.701755,-81890.152743
162,1992,6,167900,178883.333333333,185700,-167566550.960556,232197783.093666,122811081.370101,61531108.960643,-829579.164988,-39991.169599
163,1992,7,148400,157516.129032258,166800,-164796034.119924,232847329.04726,117277475.747952,61458067.776851,-1413620.138754,-55121.991851
164,1992,8,125300,136858.064516129,148400,-177297558.190801,265490416.407426,108772893.833406,106439180.828454,-463952.450716,-216292.962788
165,1992,9,112200,117273.333333333,125200,-198963397.797198,319902469.107606,101912890.492831,127929107.975532,-385725.276187,-415421.873718
166,1992,10,100200,106225.806451613,113300,-216347468.80132,286908944.041888,89057850.629469,90535026.506697,-29628.525525,-295487.406094
167,1992,11,93190,96225.3333333333,100000,-209033058.608011,379528572.965035,117322893.328862,185620730.885376,327921.437716,-521920.906483
168,1992,12,99460,116183.870967742,132900,-195929682.723354,446914659.568671,195567629.665078,262522370.69354,413702.872383,-513722.341662
169,1993,1,133300,146703.225806452,158400,-195086234.809209,505471984.297905,271007326.519714,318255304.323413,597034.394238,-702834.15475
170,1993,2,158800,169053.571428571,182200,-195274976.117702,512423133.481714,307144026.599905,310895715.945255,399071.30814,-662367.111022
171,1993,3,184000,200690.322580645,215700,-185840243.339098,569151329.104545,368295287.45388,376439298.694955,1072794.443942,-898152.038737
172,1993,4,216400,230240,241600,-177771458.439895,500873401.439385,338045396.558981,319119381.792694,787436.698889,-488053.646813
173,1993,5,241700,244303.225806452,246000,-175703927.319711,321346834.048302,221582103.55624,146910174.197012,-417462.651258,-130237.549987
174,1993,6,234400,240130,245000,-164225474.968022,283973829.070787,166289996.379709,125764031.555884,-675067.250607,-76812.224718
175,1993,7,211800,223100,233800,-165264922.481833,234531391.66854,122584192.952138,68449086.927518,-1219329.695179,-51412.453445
176,1993,8,170400,190770.967741936,210300,-182531804.820668,243942746.08455,95269157.059771,81949570.823893,-584719.512784,-208957.885449
177,1993,9,134600,151080,169000,-201146567.685612,277971567.167075,104328257.302017,94492666.089492,-583304.267209,-113920.107535
178,1993,10,108800,119812.903225806,133700,-207462049.330423,353544805.777365,103559161.657811,167265113.226838,-125001.190094,-352094.656212
179,1993,11,108100,114923.333333333,126300,-199478194.169593,462815159.75782,187927246.724414,263325677.270359,544676.78761,-669503.478503
180,1993,12,127400,140364.516129032,153500,-200494439.736428,447914496.396817,213796106.530237,260438539.446791,345714.576511,-486945.67961
181,1994,1,154700,171358.064516129,185300,-193972815.567565,482480683.908367,264166716.388978,294333425.519899,361097.441576,-582428.603372
182,1994,2,186700,198107.142857143,210300,-189811022.013463,533256428.865555,335308257.684656,347022575.871274,913596.731192,-669643.67686
183,1994,3,211600,225325.806451613,235400,-192824458.161335,486590392.52355,293611565.380147,287346343.054555,493344.001948,-645540.920936
184,1994,4,236300,243496.666666667,251300,-174280908.783939,502646463.214532,336734522.713991,321703706.361667,464978.587729,-567436.10326
185,1994,5,252800,254625.806451613,259200,-165997966.678443,407025682.289344,289117238.120333,241165018.941609,221708.785393,-234675.132637
186,1994,6,252400,254976.666666667,259300,-159101210.978015,367844978.044543,247112921.969112,200838648.612194,-292967.564791,-375056.469394
187,1994,7,233900,245035.483870968,253800,-163014769.438227,246154334.078451,158004264.632519,74342965.4367,-1353259.8257,-32818.904782
188,1994,8,196200,214654.838709677,233000,-181093409.743102,236297468.563951,110943822.292585,61079522.995422,-599755.795535,-110084.490209
189,1994,9,155700,176123.333333333,194600,-201565726.309507,311308208.620203,96840116.503978,139391799.749126,-175367.761018,-150179.174995
190,1994,10,123600,139277.419354839,154700,-214228539.386909,336201478.511968,102608090.615918,137207880.168438,-118924.298609,-464651.286121
191,1994,11,107800,115053.333333333,123200,-209659879.704921,387369391.145307,128499090.744061,192355460.057543,334413.016146,-386339.994819
192,1994,12,109300,119722.580645161,131100,-202023494.767275,455382118.033287,193106816.708304,270238333.127491,79175.578632,-574392.938619
193,1995,1,132900,143664.516129032,150500,-208944349.063969,378373568.228161,186551107.079586,164816806.265929,114881.591266,-367485.230456
194,1995,2,150200,153050,157800,-201261366.357023,412409941.144223,207559754.060963,221690597.079589,387412.15941,-492194.694241
195,1995,3,158400,163854.838709677,171300,-198234454.22276,481292748.4805,260220386.540777,294670827.692431,461714.345938,-806263.653984
196,1995,4,172200,187950,206400,-183881458.839899,449246760.798964,273342190.663691,259543850.723647,574698.087312,-287718.665308
197,1995,5,207400,216993.548387097,225900,-167254094.321128,422311387.23276,269578585.824442,242996407.294136,310894.393292,-142031.187618
198,1995,6,217800,223240,226300,-158263032.767002,293397006.587981,200828300.100141,132936555.313514,-205365.343,100778.211642
199,1995,7,191500,206490.322580645,217500,-166700590.898488,215758555.052525,134628570.149754,52666353.465144,-570489.175991,45129.667267
200,1995,8,148600,171900,190500,-185072506.538857,152303952.557451,69561633.744815,-32800388.133664,-655492.535428,-32380.87386
201,1995,9,89610,113886,146000,-203568363.917131,255696091.870477,64488385.294619,76797108.279331,-429113.540128,-91185.765939
202,1995,10,74700,79913.8709677419,88070,-212236611.331405,285824053.258843,65381267.432273,84637503.170726,-144099.874491,-500971.595935
203,1995,11,75060,83342.6666666667,95680,-204543039.845615,433040959.518485,127615600.750012,237533657.156933,483595.385921,-793187.558653
204,1995,12,95710,114074.193548387,126900,-203266887.738806,448562473.832044,166716821.664865,256156158.319487,413247.452425,-617666.348801
205,1996,1,127000,139474.193548387,151700,-198559237.671622,477022086.120685,231132019.020579,285933524.955038,842008.238147,-491929.663748
206,1996,2,152000,164089.655172414,176700,-204248468.506057,480974717.109366,273557538.151918,287546423.664688,768068.327009,-476598.844229
207,1996,3,177300,199764.516129032,220100,-192322137.792574,511238952.619218,307128571.846182,323389131.992646,623374.668029,-727042.493325
208,1996,4,220500,232163.333333333,242400,-182988740.316894,444001472.45936,287774125.979178,270224605.952826,742837.81919,-321171.304558
209,1996,5,242100,247554.838709677,251200,-163057855.245927,418788933.722506,283867041.695542,253210845.98151,110350.701545,-49365.813912
210,1996,6,240100,246830,250200,-154755587.280286,314191723.830337,227074745.646692,144982495.423555,-1358724.88685,78995.237806
211,1996,7,217500,229477.419354839,239500,-163412767.221104,224152222.915386,135585291.066708,68271836.90358,-1188741.053965,24163.76915
212,1996,8,177400,197545.161290323,217100,-181755222.956698,242773228.567673,100732589.526086,78226930.371327,-456286.396564,-111951.801911
213,1996,9,132400,154156.666666667,177100,-203336573.956428,283588295.691242,88933043.988243,95097879.732688,-376548.100807,-343334.65381
214,1996,10,108000,114132.258064516,131000,-212290352.959863,320759439.472597,102562393.261616,119336374.050977,-205678.152326,-296389.213594
215,1996,11,106700,111783.333333333,120300,-210244897.867294,372811425.050597,112609164.294673,185742865.125661,133361.600962,-535205.713541
216,1996,12,120200,124877.419354839,128400,-207478215.441973,380653245.153455,156862529.537167,186113025.200611,226404.628025,-457781.181226
217,1997,1,128100,140680.64516129,153500,-198602462.170829,486175397.695624,222698278.037766,287484628.792942,418988.05528,-617118.265721
218,1997,2,153500,161414.285714286,170600,-190312645.271866,598111165.371548,350342358.907587,421074031.667142,770048.065368,-724075.606188
219,1997,3,168700,192558.064516129,220200,-185693622.555556,518322302.303917,373324772.152727,323161983.532454,476414.464588,-644230.306638
220,1997,4,220700,239260,253800,-185524014.045887,443570192.26464,266584322.231734,274925756.395269,335606.327315,-557467.551261
221,1997,5,254500,262361.290322581,265800,-166503810.91732,399203305.534831,277515552.079016,238449108.781366,-436117.578925,-192982.477713
222,1997,6,243900,253780,262200,-167884547.639672,212696557.829908,130196033.63613,41813107.998591,-1197752.988031,64952.231106
223,1997,7,205800,225016.129032258,242300,-168912651.062097,183680360.49788,96136882.871242,25849128.472896,-1241315.560176,7345.06788
224,1997,8,156300,182222.580645161,204500,-184419398.481723,231734357.367544,82441694.605114,59090695.939421,-996482.53183,-96910.05216
225,1997,9,94850,127158.666666667,155100,-207407933.433616,207568171.825727,56469500.483529,11384791.542477,-243382.443169,13269.80232
226,1997,10,73630,80554.5161290323,92700,-214718354.828135,224446107.986813,50517674.301307,33629892.96722,-434944.454741,-177472.03931
227,1997,11,72440,76394,85320,-206325072.886038,356704684.322122,87445617.523344,159804888.955524,-8452.848949,-316369.816149
228,1997,12,85800,94702.2580645161,107400,-208712225.080211,375086350.141553,119016078.459353,179648880.999856,-39231.973946,-268497.989194
229,1998,1,108600,118706.451612903,129900,-209201845.375166,379971074.113306,141494586.830006,182560364.553654,94544.053168,-103028.583959
230,1998,2,130500,133975,139800,-206002942.286628,486707505.755556,206411700.957707,286860507.865155,499139.998698,-557803.026379
231,1998,3,141100,153206.451612903,164600,-196979694.209592,494777858.453523,271906612.537952,300374535.0343,164459.804732,-267691.191552
232,1998,4,165600,175450,185700,-188548695.292134,493644089.346289,297683155.914088,307293354.328821,261051.217806,-415109.874651
233,1998,5,186800,199958.064516129,210600,-167255026.27511,377887465.838426,251014984.038482,202023328.841257,-651849.484804,-253070.517359
234,1998,6,209200,210043.333333333,211200,-160813745.381231,296879609.362521,191155289.323828,132073789.123982,-1374189.183639,13124.870047
235,1998,7,196600,204322.580645161,209500,-163368749.505016,225167115.22047,136009989.654303,69057602.305898,-712136.473197,-65419.228225
236,1998,8,156200,177325.806451613,195500,-183446676.814768,215706810.613742,82927059.877264,41217033.439565,-1039536.10665,-80551.812689
237,1998,9,102500,130663.333333333,154900,-203883564.646207,246387397.710378,72176149.490661,74319315.566068,-372419.426764,-451820.293098
238,1998,10,75080,86708.064516129,100600,-211760720.910848,346691341.379853,83506739.708613,159068919.453799,-144642.004863,-315897.360269
239,1998,11,75220,88092,102200,-207448001.358751,409700289.077899,125332385.806605,215047315.191661,362540.839103,-641684.045394
240,1998,12,103600,115967.741935484,120900,-209965905.38196,395129815.378925,142495849.561024,196534003.529498,42438.4688,-415647.976005
241,1999,1,121200,132996.774193548,150900,-194568442.289638,550294612.426469,286916304.331196,363122932.011341,650702.314185,-682242.752067
242,1999,2,151900,166532.142857143,185000,-199255322.278314,514872555.799197,314922736.063474,325199261.686886,749871.300182,-772874.060574
243,1999,3,188000,208587.096774194,227000,-198703359.821178,463988206.751909,267922675.768323,274027255.485413,731785.897854,-383988.404364
244,1999,4,227800,235243.333333333,243400,-178803651.975167,491776654.327713,347754610.046475,316725606.319539,146723.354512,-319930.354023
245,1999,5,244100,256367.741935484,267900,-160004314.23162,436107012.851778,310447090.688819,273543779.762496,-86650.285862,-93791.694682
246,1999,6,259400,265426.666666667,268200,-157549371.80968,310318853.859745,215485083.543621,168125637.387069,-285934.712193,67417.221348
247,1999,7,238100,249335.483870968,258400,-166429979.258858,214194035.917558,126796684.171022,43271252.186499,-1391871.06482,64658.004375
248,1999,8,203300,220822.580645161,237000,-182001733.675272,184290152.387709,99427279.74734,21311553.230804,-488669.657611,110163.183495
249,1999,9,150000,177300,202100,-201790792.607632,284841311.128314,72429719.73351,106333067.252432,67564.989511,-419178.258473
250,1999,10,108000,123058.064516129,147700,-213750912.48266,273943906.584401,76147451.329648,77928315.7445,-136207.032928,-349950.380834
251,1999,11,90650,96835.3333333333,106600,-212339442.073362,345928655.666999,89121932.01854,146563076.882292,-197992.922428,-592334.583984
252,1999,12,92650,98561.935483871,109300,-198060458.296672,445670838.308276,153346709.149625,253858227.108033,80867.12243,-642434.792896
253,2000,1,110600,129458.064516129,141900,-198247806.966266,476364521.870873,221654842.45909,280766034.309222,582373.081734,-477201.036709
254,2000,2,142100,154144.827586207,165900,-202128542.471403,461359823.038869,252326898.454999,257193725.795753,946308.747814,-393714.890928
255,2000,3,165400,183632.258064516,202300,-191581172.78613,492420476.820259,297480988.275997,296003017.251081,1028299.458249,-460595.12524
256,2000,4,203000,220910,237800,-175745963.739341,510041828.147349,342880528.988332,337349941.349624,962777.509809,-151691.258531
257,2000,5,238800,249132.258064516,255000,-162798601.904281,403828889.624465,311999175.242279,231757542.034755,-34691.111227,31465.072053
258,2000,6,243700,250186.666666667,256200,-157922926.999157,291625286.361634,187317739.297053,139891100.495102,-628121.228074,8872.086702
259,2000,7,230100,238387.096774194,244100,-161714117.532437,273044847.854075,155205397.738455,116895707.044514,-756770.627567,-169069.120129
260,2000,8,198000,214525.806451613,229700,-182522187.636581,227548326.63958,109583780.368739,47264786.673425,-548422.769641,-73147.493267
261,2000,9,156100,175516.666666667,197300,-195407359.200463,286911950.261069,88310948.444579,105100602.297091,-292252.157832,-173013.649585
262,2000,10,124700,136283.870967742,154800,-208273249.778653,333192384.618564,104718970.818057,145020666.197985,-102479.918617,-409997.252544
263,2000,11,115400,118183.333333333,123800,-208633133.68968,379016911.948977,126360469.344004,169889426.358264,-56001.172733,-540703.666968
264,2000,12,106500,112951.612903226,123600,-210706348.211398,365715576.770399,136266226.233053,164476212.019621,166926.075913,-725707.966258
265,2001,1,123400,134419.35483871,152600,-196298213.61624,481390932.452121,227966517.62338,294328011.171097,1167223.214353,-202783.718456
266,2001,2,153600,168842.857142857,183000,-199557150.928823,448593512.001893,233361792.536137,265292292.782223,350535.626694,-236341.324545
267,2001,3,184400,201964.516129032,218800,-194598141.3226,469972900.977245,266913412.625885,282511689.304743,748738.215348,-387544.113142
268,2001,4,220300,236406.666666667,245300,-189235007.90234,420094280.829844,271990358.464191,242004642.116639,283912.355831,-268404.265121
269,2001,5,244800,246319.35483871,249200,-167278475.461384,375580566.087213,239603792.815349,217027919.771366,-121093.444955,-314992.717854
270,2001,6,239500,242206.666666667,245100,-151824954.53666,294065869.672264,198619136.365577,151396376.182141,-915137.874763,-87461.627073
271,2001,7,210400,226312.903225806,240600,-164170492.063288,254848547.524996,135025706.027937,91021149.391581,-515250.090408,-25717.327574
272,2001,8,169400,189993.548387097,208700,-183795428.038942,170826117.884637,87761650.713017,7605274.685527,-895203.563324,-133389.417942
273,2001,9,127400,147730,168000,-203732545.037229,284933195.40602,78275459.383519,92213792.991507,-308309.626206,-294312.387172
274,2001,10,90990,108248.387096774,126000,-214774091.466767,289844894.373026,69575700.639181,105513496.737974,-342536.06851,-421345.329731
275,2001,11,89800,93668.3333333333,97170,-211971799.956394,333972952.032957,86192186.758674,136372960.847342,-210690.409239,-504911.637882
276,2001,12,98160,107724.516129032,124400,-198992513.71329,478122134.344652,169912196.359416,296005129.607835,200937.434455,-651822.431604
277,2002,1,126600,145603.225806452,156900,-210824744.718848,378223751.649429,171187168.976877,177316174.110779,-73878.212226,-297792.585632
278,2002,2,154800,159367.857142857,171000,-197097664.074746,496664706.807547,252658981.177925,318705689.766491,778091.691903,-604752.398408
279,2002,3,172800,186319.35483871,198200,-201860337.389271,462459418.596451,259881406.924725,269575372.509231,670747.137178,-541226.155641
280,2002,4,199100,214100,227100,-186047487.184815,456992662.710214,265621811.558952,278496085.561205,430126.395043,-509434.573355
281,2002,5,227400,232280.64516129,238900,-171030897.792238,395129810.313819,265970504.193543,239481805.439674,-16541.772398,-254756.149485
282,2002,6,239300,241603.333333333,244000,-160839026.734603,273199644.989377,186631903.38005,117437704.490687,-1385229.681605,-33490.697789
283,2002,7,225500,234312.903225806,242800,-164431757.76567,258405563.076681,142351432.579343,108007172.768198,-1113314.93367,-177958.747252
284,2002,8,189800,208251.612903226,224700,-184645019.081667,218682422.252573,87717167.233694,67024547.565734,-580018.929662,-103540.583971
285,2002,9,148900,168696.666666667,188100,-207651237.802607,212543724.971145,62212989.352311,25301504.76446,-571992.688222,-255007.557482
286,2002,10,94470,121409.35483871,147000,-205826262.701952,301391750.533824,70864178.48416,122922908.652423,90216.815146,-224860.83107
287,2002,11,93700,101376.333333333,109800,-212493716.450594,351349789.823273,105084285.753646,149563757.801513,66959.108691,-348924.916546
288,2002,12,111100,121103.225806452,132000,-198131695.441018,434259007.788531,160433555.334505,245093923.280854,498614.042539,-374211.911049
289,2003,1,132800,139635.483870968,145500,-205292869.294341,376506860.703945,164266905.728137,184726087.473412,310008.675337,-387933.329074
290,2003,2,146300,153846.428571429,160800,-199704748.523632,452954182.880895,214207393.662569,261757520.650225,243982.280916,-244635.885166
291,2003,3,161400,169916.129032258,180500,-192889441.448329,481924210.455519,247661404.114305,295802464.868894,611519.606335,-466026.834676
292,2003,4,182100,202016.666666667,218600,-181490405.857172,466404383.135704,292605257.009256,285583212.720288,444048.825131,-219129.996282
293,2003,5,219600,226096.774193548,228600,-164959722.212016,416898612.554491,274950013.823324,256944403.481688,-487430.091335,-211872.188305
294,2003,6,228600,230366.666666667,233100,-157599707.393419,328470253.845017,216376901.641074,163442018.957121,-197745.944978,-106608.170559
295,2003,7,210400,220496.774193548,227800,-161931353.360049,195393156.763682,134760651.79735,34772465.1639,-1243725.323079,63427.102979
296,2003,8,183100,197770.967741935,210300,-183785566.4713,229705861.986045,93520853.278616,59961605.430544,-909120.389121,-90877.104043
297,2003,9,144100,163736.666666667,182700,-199365453.265404,283451038.945797,82709325.59789,117127986.159976,-237612.901303,-278237.958428
298,2003,10,110900,122235.483870968,142500,-215758155.993224,319113361.932822,91707568.725325,127816517.360515,-11689.377522,-416128.377922
299,2003,11,105600,108243.333333333,111100,-212311361.885392,331397963.205774,93667765.496736,143585605.995219,121578.392776,-349285.643921
300,2003,12,109100,110383.870967742,113600,-203440238.364025,407477624.168922,139648326.342106,215799377.695408,387528.039799,-539169.966686
301,2004,1,112500,129693.548387097,147700,-203496174.186313,401528766.246122,199627167.829163,188677745.523935,-89217.414316,-258026.067719
302,2004,2,148100,156717.24137931,164400,-195398363.68618,436756570.839084,208499067.852179,256049560.995907,745302.817246,-135460.987315
303,2004,3,164400,176609.677419355,192600,-192074467.47171,491808264.012092,251019745.203461,318408858.686041,642128.834172,-291512.605767
304,2004,4,193300,205763.333333333,214600,-188716642.367585,415613767.300507,244886900.697986,241397041.332631,476244.686925,-314979.935157
305,2004,5,215300,222158.064516129,224800,-160359492.669217,371416930.794703,240721936.751264,215678741.422193,-772349.786844,-142470.585542
306,2004,6,206700,214690,219600,-161287402.066801,283601131.222838,172977546.337644,136418299.100431,-1148582.809514,-122050.04045
307,2004,7,185700,196306.451612903,205900,-166424606.011346,247089675.302122,129988442.86141,93273745.402378,-565777.469244,-37698.358842
308,2004,8,162400,174596.774193548,185300,-183686682.184865,208859347.162019,90639710.415334,56011677.032034,-524495.831012,-196248.877998
309,2004,9,132900,147286.666666667,161400,-205064473.72549,253617040.325415,78018297.533696,79935387.708714,-100712.430656,-105989.50941
310,2004,10,113500,120864.516129032,132400,-217196944.314111,319213941.028409,84696819.782433,130275974.428035,-130911.315803,-556655.220559
311,2004,11,107300,109336.666666667,113100,-210968982.831624,362970266.113777,110811858.848059,176358074.484779,19494.739247,-433410.378327
312,2004,12,110100,117806.451612903,127100,-200521380.582672,413720312.755194,146349726.019747,229608329.04498,54177.362402,-522243.781611
313,2005,1,127600,135706.451612903,142300,-212392696.943292,408835172.270376,168468770.516017,210656041.083443,172605.179537,-334764.227906
314,2005,2,142800,151146.428571429,163100,-195607229.429695,510207032.403921,274768118.63351,332116514.12976,232530.35996,-496927.41948
315,2005,3,165000,191538.709677419,219300,-195023631.150428,467268421.259588,278372702.934688,284031908.262177,926956.930783,-359162.535923
316,2005,4,220300,229593.333333333,236200,-183940538.312723,462995729.267131,295141672.776438,286660041.178607,648620.255796,-464403.227418
317,2005,5,236300,244490.322580645,248100,-174679830.128608,332683705.275227,208097046.278888,182598062.966111,-377802.908521,-87470.458257
318,2005,6,221800,233316.666666667,244800,-166570059.510757,237907812.320523,144191281.089982,80501289.639932,-1242871.975204,-133744.80508
319,2005,7,185000,203816.129032258,220800,-168266153.684163,165902674.432777,93248717.734731,-6822205.596596,-1232306.064046,98002.564352
320,2005,8,132800,159506.451612903,183600,-180805946.575732,159704048.068792,60113915.822102,14392726.279049,-724908.425221,39895.401451
321,2005,9,86740,108712.333333333,130700,-200202921.683841,214050687.884753,49676088.864702,51466771.050823,-627897.679068,-236426.085401
322,2005,10,72840,79482.9032258065,86390,-209985066.934352,348148229.226094,66722136.823893,161111737.402531,-128427.627924,-368163.725221
323,2005,11,75820,87897.3333333333,99890,-211214223.0779,381615539.106927,97181991.203257,187371341.199867,7994.776376,-453362.27971
324,2005,12,101300,115035.483870968,127900,-198526337.987494,491119418.564808,163235496.51455,298031397.861087,378778.944828,-578916.686339
325,2006,1,130000,147719.35483871,162600,-197532596.989,547408700.424189,272128293.333211,361512497.42375,278326.880191,-651770.427674
326,2006,2,163900,181275,201400,-198852060.952542,516644248.404922,327786968.052776,330700141.604156,696812.526607,-477854.081704
327,2006,3,203700,222119.35483871,237000,-198426893.536958,457006419.447819,256518211.17967,259373077.885115,850378.84213,-486103.553293
328,2006,4,237800,245660,258700,-182229147.307236,432406089.729847,275664680.7967,259255798.732676,607438.720613,-316701.189281
329,2006,5,259500,271396.774193548,278700,-163675469.328046,356762662.983701,262784527.328792,203901355.513971,-511992.291901,75405.8548
330,2006,6,257400,268466.666666667,278100,-161771497.794327,250147005.46356,159817315.618076,93663627.425125,-911575.108846,161508.140491
331,2006,7,215600,236303.225806452,255900,-160908905.179245,194350292.759285,106843215.021516,46461784.551645,-827468.016597,49295.175229
332,2006,8,161800,188232.258064516,214200,-181500982.02534,172417492.7265,64369319.556791,16890775.627791,-373177.226046,22028.278401
333,2006,9,113900,136883.333333333,159500,-203168620.370948,236843419.944025,54471168.454102,76048201.779698,-121404.390073,-270625.489798
334,2006,10,88460,97822.5806451613,111800,-215179715.24671,310285517.904448,68354500.981627,121963992.193674,-118476.027255,-362380.172034
335,2006,11,88670,97094,106300,-211563436.418711,407544407.306014,106613786.338751,205962246.657386,324574.620388,-523149.134201
336,2006,12,107500,121216.129032258,133600,-202485743.969468,434246194.027364,152387510.173188,235833735.914195,354747.728759,-386153.44457
337,2007,1,134400,146409.677419355,157900,-206046405.392161,434970981.440675,197999337.312159,243051048.442766,513774.685794,-359310.489884
338,2007,2,159400,168260.714285714,176200,-207907928.159615,330585370.864605,173959459.893815,129946323.057726,-63061.983649,-129148.709111
339,2007,3,176900,185825.806451613,193400,-194744019.094834,527922306.474907,247459931.110155,340499590.091103,816593.710038,-513557.882329
340,2007,4,194300,208453.333333333,224400,-186324948.139671,464401664.104416,277015309.737605,273478743.368065,790342.236937,-308993.783453
341,2007,5,225200,237348.387096774,247200,-169000264.482327,374172608.018121,246064952.519235,210344162.098941,-108469.147816,-10295.897035
342,2007,6,238600,246343.333333333,248800,-159436825.36092,244479104.726515,182312542.203853,74655478.825285,-825219.058299,-11453.970852
343,2007,7,213800,227661.290322581,237800,-168153565.973152,216838302.902908,105450630.963281,58217070.448677,-473362.414582,-124113.192102
344,2007,8,172700,194851.612903226,212600,-177028562.94357,176067565.34096,69426885.736479,14737022.758312,-774228.926594,860.913207
345,2007,9,121300,144313.333333333,171200,-201503312.259967,229547311.754048,65692044.684162,54372566.882329,-227918.603813,44235.703444
346,2007,10,95530,103873.870967742,120000,-211539762.168864,361187930.105931,87883921.553751,172685248.701953,143802.413545,-436316.520428
347,2007,11,95890,101910,110100,-208706013.706955,429190101.818708,137115567.126065,232937634.391312,-55470.676564,-532906.205235
348,2007,12,109600,121932.258064516,134800,-200791686.423208,500527976.299595,198210123.23916,294802709.017155,267414.575113,-628571.023151
349,2008,1,146400,164893.548387097,183700,-195831550.900252,511944443.778391,297147013.168702,307962476.01163,469775.737398,-472861.209027
350,2008,2,184700,196272.413793103,211900,-196639452.449716,523896446.183054,310623346.018504,329438789.893036,522270.856164,-683715.707523
351,2008,3,214000,224993.548387097,232800,-192562037.849881,482110696.79975,307249930.89965,289270576.693215,634284.703815,-550766.688189
352,2008,4,233500,238456.666666667,245900,-186085890.328315,432996083.16968,276449444.311226,249861019.100396,511524.597059,-194587.00388
353,2008,5,242200,246064.516129032,250400,-161226778.797282,397192982.9987,261487967.51061,233615842.705657,173623.100933,-196620.281697
354,2008,6,250700,254753.333333333,257100,-156982887.5397,278320901.143421,204159225.210104,115805218.427607,-855785.433659,116775.056452
355,2008,7,248000,253580.64516129,256600,-161678602.749842,191265927.463879,120028610.012032,43741312.810867,-801229.826135,87597.587505
356,2008,8,192000,221422.580645161,246700,-179689428.706833,166736130.5081,65011852.398408,-972348.935682,-736511.839077,-117322.161983
357,2008,9,125300,158906.666666667,189700,-203912712.293813,255828904.515727,61351788.713745,84465188.748326,-489357.547834,-66443.463868
358,2008,10,104100,111912.903225806,123600,-213771386.865296,345017614.594258,83443858.170597,161062259.289531,-76045.201777,-439779.788227
359,2008,11,101200,107603.333333333,117800,-207774778.598128,411093143.642574,123284528.877687,211810642.135552,265439.591048,-425517.064338
360,2008,12,118000,134429.032258065,159400,-199995982.476853,495742352.837726,187884666.033772,299330989.539098,281042.030733,-628352.1231
361,2009,1,161900,177967.741935484,190200,-198140485.23591,555500308.528931,297545715.918265,347549234.153642,626095.143723,-649807.69937
362,2009,2,191800,211650,231600,-196849843.143442,568918822.022474,357889880.801966,380167423.306025,973869.908819,-691041.291116
363,2009,3,232100,238806.451612903,242700,-191897864.317798,557769113.877357,372249779.233348,361592217.546699,675856.947217,-656733.896632
364,2009,4,240100,242636.666666667,243900,-182789503.923569,493504144.389653,336953590.902772,316604090.130216,65717.570002,-433163.828504
365,2009,5,239400,241193.548387097,244400,-173273979.042556,352862594.923303,221184341.10221,190369355.103071,-129726.136176,-224487.885592
366,2009,6,241400,248720,252300,-157611446.604313,328127440.54406,224504070.996393,171621975.943234,-776923.568175,-18471.826378
367,2009,7,252700,256529.032258064,259600,-170399978.661146,221561409.298517,129024833.143741,59592560.740127,-1185872.948785,-61725.124321
368,2009,8,240100,254632.258064516,262400,-184836945.704925,186293194.910692,75529460.391221,21637311.460306,-1045170.113727,-71889.626486
369,2009,9,166400,202416.666666667,237400,-200855286.397265,192303304.034199,49832358.871844,13557416.788294,-926300.989716,-149536.346642
370,2009,10,98410,122230.322580645,162400,-210704246.99272,276255927.282951,54911145.373604,93482519.263928,-219626.958738,-393736.560575
371,2009,11,78840,89643.3333333333,97880,-216411029.018436,327206083.472388,74759476.603318,118611515.932492,-49546.617566,-428979.41009
372,2009,12,76360,94385.4838709678,125100,-193427196.231332,475703476.221359,164334978.236489,277965548.102602,528554.995597,-432907.142893
373,2010,1,126600,142509.677419355,154700,-199292629.116896,434960031.585449,196826972.728501,264419294.990817,589025.362463,-179816.501611
374,2010,2,155000,166310.714285714,174600,-201968420.909542,474475001.675818,243479244.034415,270189732.817032,672282.327641,-636376.839632
375,2010,3,173900,182951.612903226,193000,-208619927.503153,454654148.315149,224510369.025394,256039090.209943,533257.223661,-523764.279793
376,2010,4,194400,218220,238600,-185980932.004714,455663086.356038,285416410.89081,262215662.007229,225093.797087,-190681.660377
377,2010,5,239800,249835.483870968,253600,-169582086.042436,363808687.315616,231921883.7073,197434277.165518,-248334.564855,-49198.707968
378,2010,6,250400,252823.333333333,255100,-162946803.515725,251421951.418284,168176730.006612,81585243.448934,-708894.281002,26852.453661
379,2010,7,221500,239074.193548387,250000,-159522897.22589,191633903.908372,106969327.175994,55396827.507821,-1041431.419465,125553.013291
380,2010,8,166800,195806.451612903,220000,-173864416.507784,134400415.338735,64447740.376469,-20838177.986125,-590299.99848,58828.974324
381,2010,9,87520,123526.666666667,163600,-203187528.370524,191875510.733988,44876826.609163,11879848.09529,-707501.372001,-236261.415684
382,2010,10,50680,66219.0322580645,85500,-209827771.508247,306217519.668922,50984412.658397,127376915.485203,20369.279846,-533457.324324
383,2010,11,52860,61866.6666666667,74000,-208523274.383707,397844290.975564,87645369.237448,200291356.661172,144554.775002,-628407.082241
384,2010,12,76120,92691.6129032258,106500,-206827332.930779,398497370.768928,115401846.183191,190467826.049706,520435.120353,-679801.339441
385,2011,1,108400,122641.935483871,138800,-199449053.961851,487699274.36878,191431486.59508,288678971.404277,614430.32709,-630309.943437
386,2011,2,140000,156660.714285714,175000,-192923593.210281,555923904.430887,295963112.186029,359202731.402506,872647.305705,-735174.244259
387,2011,3,176000,194858.064516129,218900,-193547283.881869,538487161.899303,323540467.013424,342609617.985545,863003.476883,-721716.341628
388,2011,4,220000,227810,237300,-179414839.627401,492217736.261387,359179060.289017,312189173.423023,773722.869049,-341567.254509
389,2011,5,238300,244774.193548387,250800,-166938133.74677,383738028.370459,272499848.130845,207062833.106912,-470447.73095,-92838.290275
390,2011,6,251200,255083.333333333,259000,-158752350.498946,253263676.51767,174222426.945646,107343091.417277,-655620.411981,49083.599232
391,2011,7,246400,253496.774193548,258100,-161576053.59338,182467544.653359,101110640.895257,26344600.188368,-1292028.590302,82919.664747
392,2011,8,192400,222264.516129032,245100,-175319394.070469,139039908.859629,54979704.085102,-18000240.021167,-874182.697078,99844.795722
393,2011,9,99570,145425.666666667,188500,-198446036.086543,261867760.036844,53752590.78952,103856639.39315,-401546.274992,-114000.941103
394,2011,10,86910,90243.5483870968,97420,-212196134.693376,336795413.27112,71929101.538122,140158478.739859,-142459.855856,-309947.809013
395,2011,11,87480,91994,95110,-212635357.568845,382707013.496417,97848253.529382,192007702.797879,134759.232282,-594949.148045
396,2011,12,92070,109689.677419355,127600,-198630898.099748,495597539.508216,185070733.302808,309403184.351381,265393.219143,-793798.387757
397,2012,1,129000,150929.032258065,173600,-194866378.546187,539954441.266516,276308452.821846,351359362.271114,525535.070331,-455124.735058
398,2012,2,174800,195903.448275862,220800,-190084481.778762,587447638.240818,368463352.504064,395610273.059618,755213.670398,-751588.316128
399,2012,3,222000,231016.129032258,236200,-193900710.043022,556851929.39204,364938817.804863,360009860.75754,550754.849141,-431591.386547
400,2012,4,236400,240213.333333333,245900,-186247669.146076,493287848.114024,319475687.170527,312591821.781274,573166.581612,-675106.601767
401,2012,5,244500,247619.35483871,250800,-176348948.968917,354702081.471187,236197840.75787,181633142.878056,-678268.137969,-202164.394275
402,2012,6,251100,254476.666666667,258900,-170731940.738669,249307286.122242,138446207.634983,90500227.1432,-1241726.100341,-86407.035238
403,2012,7,253800,258267.741935484,260100,-165818874.11594,210049635.08255,126522045.691015,46826685.65179,-840366.63501,99039.792187
404,2012,8,197600,231180.64516129,253200,-177948510.73388,152939317.293926,69641165.862228,-15053051.838762,-675501.373249,4228.925889
405,2012,9,123200,157133.333333333,195200,-197655096.255753,213169339.721802,53517011.749814,54310059.968699,-367684.366375,-104231.803907
406,2012,10,82780,93461.935483871,120200,-212436197.672855,298118350.360959,69660538.073169,99693518.402752,113460.807106,-499364.74554
407,2012,11,76490,80860.6666666667,85820,-207125438.65977,377746771.126568,90432051.356762,186781414.113157,109509.84942,-563266.122036
408,2012,12,75640,90486.4516129032,108400,-200234915.258664,485506764.962004,161186112.708372,292827606.232436,362348.023816,-635531.217607
409,2013,1,110100,133564.516129032,151800,-197140259.89373,436254872.695741,223861132.219584,246683859.080998,77940.108492,-324219.838148
410,2013,2,151900,167957.142857143,187000,-189043798.244722,641904567.04089,358841588.197732,455798693.880227,891054.242816,-874045.630551
411,2013,3,188800,213148.387096774,228400,-195063272.795133,532053613.077948,359297814.965165,334724483.218247,557767.535265,-702589.50923
412,2013,4,228600,233423.333333333,238500,-191567148.222787,417669939.39313,281670374.850964,235908409.508801,253924.394507,-466977.39208
413,2013,5,236400,242290.322580645,246600,-170613859.296239,404957401.659516,243720467.580531,232380179.466658,145232.308558,-252763.639708
414,2013,6,247100,252530,255000,-168441893.346051,285564865.686409,158818303.085516,138814219.18367,-1133646.995211,-156122.893531
415,2013,7,249300,253983.870967742,256900,-167955785.150652,233062493.816509,131324112.442753,63731708.127411,-1209019.092149,22414.088841
416,2013,8,207400,229635.483870968,248300,-178979911.259443,225151552.722558,99903923.555376,57828063.07972,-701527.886234,-48634.489153
417,2013,9,167000,187300,206200,-205998110.698353,234464511.147269,70889678.080697,67371324.459717,-549944.305296,-244822.299137
418,2013,10,117500,138722.580645161,165300,-213122124.035181,334255946.294081,78942634.670453,149188739.186481,-170520.279194,-430792.230792
419,2013,11,116600,121466.666666667,129300,-204866981.78978,447902826.919769,135742376.210489,255126490.071875,332013.316177,-521557.816972
420,2013,12,130200,140900,152300,-207180999.324622,423586073.393241,179791464.881846,229168548.678146,237232.209621,-631917.947132
421,2014,1,152600,161422.580645161,170700,-195636644.355453,508678559.886941,264443391.805581,317882060.746894,359670.47673,-687712.803232
422,2014,2,171000,181835.714285714,194100,-184680967.174891,558677644.923828,336771930.656979,374189669.513844,933322.771669,-735460.231952
423,2014,3,194600,212077.419354839,224700,-188903853.411745,539505218.493755,354520257.644351,363106021.245692,876333.115206,-653351.086131
424,2014,4,225100,229720,233400,-186331241.892976,478445586.186269,300700824.481284,302651834.874844,553039.698727,-233214.635443
425,2014,5,233000,237864.516129032,241400,-168401532.117229,424005487.560478,281167833.598456,265575653.60328,-116014.129044,-451494.438427
426,2014,6,241500,245323.333333333,248400,-162488219.431352,299880296.41306,205886090.523835,129289910.727903,-1411773.957285,-113273.872614
427,2014,7,248700,250245.161290323,251300,-166768446.712546,221270222.869946,134288992.42619,63504492.740534,-1358517.847924,-144270.204499
428,2014,8,234100,245570.967741935,252100,-184026775.824066,198768691.244158,86270436.047301,32526074.378558,-346126.476958,42595.311726
429,2014,9,172500,201590,232100,-204525757.597301,212347494.952156,55564326.55477,24544631.947897,-299042.500294,-168983.690081
430,2014,10,118900,142103.225806452,170400,-209874748.819658,366823080.656143,84001748.192969,178438343.195965,833.93059,-328099.980366
431,2014,11,116700,119546.666666667,123600,-206498035.155556,444240138.327485,139885370.16499,239797235.966217,115550.954663,-540202.204352
432,2014,12,124700,133422.580645161,137400,-201313122.796305,437491324.488836,180665743.210844,247039142.7453,27683.930617,-359936.573768
433,2015,1,136900,151964.516129032,167100,-189473416.147381,548160118.600796,299125941.86872,353448487.104121,184932.157988,-670631.104526
434,2015,2,168200,179417.857142857,192000,-200517829.139759,490565529.071965,308983942.586353,280440154.005454,370406.019915,-632118.256592
435,2015,3,193200,210474.193548387,225800,-188013264.737712,556811355.252887,352507964.643627,353699373.897684,514777.910064,-715134.263671
436,2015,4,227100,232376.666666667,237400,-184738155.495053,513269457.645647,315631633.558858,315677221.743354,389617.143304,-398424.400912
437,2015,5,237800,239641.935483871,243200,-167809792.822419,453629508.59355,314784212.935982,276516913.816749,-166141.287403,-458682.234957
438,2015,6,243500,246153.333333333,250300,-169493944.015866,290338603.873313,209971832.373184,117682703.012406,-1697953.033832,-33152.899759
439,2015,7,249100,250238.709677419,252100,-169432688.994838,241113612.313717,137459947.925975,72465802.261961,-1130762.191872,-504737.192733
440,2015,8,233100,244422.580645161,251000,-181159275.972469,170194876.860399,80231233.418058,11045287.613965,-749588.871922,-20198.142115
441,2015,9,174400,204526.666666667,231200,-200879484.040917,140701096.867794,42796536.292512,-35799017.888953,-784750.759035,-83467.590255
442,2015,10,73980,118407.096774194,171100,-205338428.882673,244376286.189671,45147197.732891,70776253.017519,-694274.974103,-201094.782327
443,2015,11,72290,77585,81500,-210363561.501111,336693747.287651,71693697.42017,135288090.26495,-386104.514752,-218840.510382
444,2015,12,79010,83860.9677419355,87650,-202977488.541677,369589618.790311,96441293.454677,194790718.247891,66379.056303,-131143.957145
445,2016,1,85590,104638.709677419,120200,-203531809.229823,339903712.990175,117967847.20179,137481095.892201,176841.334769,-226483.303871
446,2016,2,120800,123162.068965517,127000,-194071478.734618,526121289.444391,200461563.443217,336974970.603076,373143.331682,-441205.67253
447,2016,3,128200,148361.290322581,171800,-187688890.092728,537165495.336982,304220191.637434,348697718.031495,224816.917891,-426821.379565
448,2016,4,173400,188963.333333333,203700,-190290040.370095,448890286.604074,267302994.138517,250435795.795729,292165.621464,-437257.390992
449,2016,5,204600,216222.580645161,223600,-170673670.148273,371667966.912189,222595484.427794,210619331.323439,-1537503.50964,-198962.840549
450,2016,6,222000,223686.666666667,225200,-162312099.749926,273597380.131497,175104087.192384,106350903.233788,-2091129.213443,-51798.241911
451,2016,7,206900,216054.838709677,221900,-162463443.517059,192861704.662018,128090627.28643,32427860.904336,-833577.357815,-11694.513207
452,2016,8,178400,192922.580645161,206100,-180563785.909562,192248212.894204,67764036.922191,40725151.509997,-718912.510178,-139674.259682
453,2016,9,118700,150010,176700,-204727487.321739,276906632.389095,62651999.813798,108266654.398243,-196842.941197,-276438.095915
454,2016,10,92740,98832.5806451613,115900,-218450396.38268,329245444.593684,76637930.411587,131524868.70937,-222475.703867,-462339.064969
455,2016,11,92860,94017.3333333333,95260,-217033473.89455,358525875.841959,88367670.055869,157069616.753436,-163932.042923,-633904.866935
456,2016,12,NODATA,NODATA,NODATA,-198462167.467835,518847405.887708,183195744.96313,328847000.476806,246601.505882,-601365.654148
457,2017,1,117000,144600,168800,-196861604.740107,563458075.629975,300780377.429204,358087630.244674,477641.208918,-688559.395359
458,2017,2,169800,186157.142857143,202000,-199115142.454253,534943171.369105,315617017.694253,340406038.427608,828393.979431,-729833.245094
459,2017,3,203000,220883.870967742,230000,-196178176.131348,564866162.931681,364343230.09391,367214974.66458,912827.685146,-797183.620358
460,2017,4,229500,233346.666666667,236700,-188572540.825085,480535254.947794,306699968.474859,292546297.9068,103323.652817,-274829.309748
461,2017,5,236300,242493.548387097,246400,-179896921.846887,368403714.348718,238511947.277239,194096352.322496,-467842.112187,-178361.659491
462,2017,6,246700,248680,249500,-172117243.589021,274804189.889824,177044362.492917,95067321.675435,-526009.385918,-100259.065583
463,2017,7,234100,243532.258064516,249400,-167212662.204203,164758097.599489,121138599.860395,-10144728.046098,-1357400.33972,90018.387504
464,2017,8,179600,206770.967741935,233100,-183847401.644916,170411549.826591,57057029.33811,26482009.79675,-330296.205583,-190462.896243
465,2017,9,98510,135967,177500,-200293486.359435,257302837.210742,58414254.973294,86880296.028244,-400393.924693,-188659.926513
466,2017,10,86920,90519.0322580645,97310,-215906949.095316,320647053.876983,77793736.584441,139329601.0325,-119354.565722,-517923.372247
467,2017,11,87050,97572,107600,-208436183.642705,400382507.053354,115261566.472758,219441580.964952,-63705.128881,-590776.111366
468,2017,12,108500,116658.064516129,127400,-200947757.540565,464739213.504723,167506696.967651,280621824.080382,179494.999171,-737298.149439
469,2018,1,128100,144890.322580645,160000,-202745323.9386,485397666.764476,239939443.967864,289387063.370937,390920.578403,-911006.499738
470,2018,2,161600,174264.285714286,186800,-197784741.050359,476240203.733472,275498339.416223,281358497.455638,361995.634967,-183647.007303
471,2018,3,187600,195083.870967742,199800,-200515454.940884,466421666.469096,248859111.688121,272531724.468228,523578.376259,-470132.442836
472,2018,4,198800,212620,223600,-183543400.335745,514280773.03022,323232784.726732,325180530.490718,501891.181261,-631688.372909
473,2018,5,224200,234767.741935484,240000,-170997451.855638,441460941.829494,319729577.297064,265033783.169504,17366.926112,-113874.197538
474,2018,6,240600,243963.333333333,245400,-159351209.481548,261006175.642375,186410797.837993,91506234.883495,-1015114.888368,12903.173857
475,2018,7,237900,242445.161290323,245200,-160168387.559732,211024982.255583,126817216.925826,67008082.007216,-874837.561554,-47157.752232
476,2018,8,199600,220551.612903226,237200,-186993971.44924,229711590.710602,89432090.981728,73081585.808098,-626341.608349,-219848.817457
477,2018,9,158000,180766.666666667,197900,-207687873.001595,216018464.175634,61988634.161311,47321833.810906,-448437.416445,-265957.043491
478,2018,10,85200,118071.612903226,155900,-209497836.068292,336112173.779867,76196355.53345,141747907.558086,-264650.204934,-495696.34837
479,2018,11,83430,88858.3333333333,99370,-203589029.451656,488913453.086858,147524824.33395,293568561.634885,467261.058562,-575422.171497
480,2018,12,102000,133812.903225806,158400,-195784420.720121,481551028.097891,223914145.119654,288000472.016048,302334.330128,-439082.842714
481,2019,1,160100,173358.064516129,185600,-191309854.068697,524116521.601066,290921835.58069,336724154.998671,425191.037787,-597303.54202
482,2019,2,186200,199453.571428571,215600,-193889405.684517,524469602.235764,345078428.612061,333462072.033306,448251.453248,-484915.234474
483,2019,3,216100,222222.580645161,229600,-197206545.69712,473718798.628114,286068112.842506,279292104.666824,217764.205783,-349064.431884
484,2019,4,229300,231680,237400,-190318427.758391,465938927.019567,285839656.414635,279022520.299152,125025.892977,-310902.171614
485,2019,5,237600,241487.096774194,246100,-174909836.191317,426646269.844808,284406032.533488,238755254.303392,-228002.355573,-360805.418831
486,2019,6,245800,249563.333333333,253400,-164146452.313125,307971322.674158,217554704.057084,141639492.060642,-1368476.145581,-103131.218506
487,2019,7,248300,252503.225806452,253600,-167532750.000322,229964224.879739,138646696.261546,68311329.104569,-1300053.046591,-78639.998428
488,2019,8,217500,236867.741935484,247700,-182674683.845554,164940782.697678,81144328.771547,16236977.272062,-917224.261246,-100292.845253
489,2019,9,154700,189366.666666667,215500,-203872324.957316,216032723.64735,51729016.219158,59643551.06696,-226035.92059,-284814.089101
490,2019,10,102400,119045.161290323,151200,-210971111.450511,357746496.600271,78297696.516272,168180150.750441,-115306.714091,-356250.937126
491,2019,11,102600,111573.333333333,124500,-209006407.714944,441040228.186284,136702827.641913,239113905.219478,122069.164043,-590995.034687
492,2019,12,125600,133473.333333333,138700,-197007714.545018,563896819.058527,242405248.40325,371648125.023585,395494.903533,-624744.767023
