date,water_vap,water_liq,water_ice,prec,evap,temp_2m,dew_2m,lai_lv,lai_hv,discharge
1979-01-01,130005466.2447604,97182.16153082448,-207091.34539257278,284295183.5248067,-142531497.9632812,296.4224822624323,292.923999301116,0.7905749239919182,3.7964399744870168,51923.226
1979-02-01,136312827.16509473,256682.4395320543,-141221.0264047166,283676567.31083715,-146149256.81982952,296.69661342247275,293.1406815627563,0.7969155559873143,3.899672345038798,45535.714
1979-03-01,121695525.26178896,339344.94095473725,-475299.2523166223,287493276.3162141,-157933142.27614695,296.80962525223237,293.60804195027896,0.8006403212946875,4.071709375410313,43534.839
1979-04-01,126417861.13552976,540120.0971259808,-240249.90430733675,293516313.96919876,-154420607.41675025,296.6867727248255,293.88011734045017,0.8009932107884451,4.2465350109737745,45924.667
1979-05-01,8195271.299734697,254813.04133488744,2045.1136392704648,173971620.23907694,-146575518.9309311,296.65218744272477,292.4622352418175,0.7857565384654503,4.176371307938456,46868.71
1979-06-01,-34028246.51003668,-44678.53929850849,40075.776722895855,115526326.360625,-122081177.2990742,296.02287298338274,290.0658086222623,0.7644172479702798,3.86227499826176,47779.0
1979-07-01,-34797731.92797494,-231251.8580337058,106588.80839586025,95934640.67718273,-111334910.97449732,296.054915250705,289.3119455051789,0.7494094320193064,3.619894465969883,40975.484
1979-08-01,26101042.735570773,-182672.16556999634,105415.34938903214,146889796.4613495,-115699145.00206774,296.65369139508795,290.64223533038165,0.7498556380183876,3.7009217768827978,33572.903
1979-09-01,20942058.118598208,-337492.80753678526,-130289.04607273964,167819206.4131384,-138844139.17465967,297.0081455586059,291.47261144171745,0.7595806753941359,3.923770186621278,37602.333
1979-10-01,124865556.53288981,-65302.92342191641,-488005.1380643234,278737351.8593811,-146787423.24189132,296.75453104964674,292.85572233240924,0.7694062050092186,3.991499543706746,39452.258
1979-11-01,149935996.68085015,199618.23210476025,-356254.3149589189,311835773.9967296,-149404933.56513873,296.15963707014885,293.44989176656514,0.779621701407381,4.02436238131065,47428.667
1979-12-01,94038361.51070577,11275.345790786727,-104272.8497719969,257242093.28239822,-146523569.0958762,296.1238064592689,292.1052092359518,0.7856503727615858,3.8739139931087725,52278.065
1980-01-01,52649864.02150926,-181789.4131329666,-30372.0213924766,206403329.03800613,-147188425.708991,296.9318684335719,292.36159183585517,0.7905749239919182,3.7964399744870168,42444.194
1980-02-01,88220049.41857521,-262135.57244643394,-235076.52673114007,233109997.80806074,-150529994.03214306,297.2794772607653,293.2092435235824,0.7969723225957936,3.9015966562374738,35071.724
1980-03-01,97704126.5291515,118511.1415200163,-185683.58230692247,258666260.76637694,-160648682.93653163,297.2094342779529,293.5627788878245,0.8006519718739615,4.07234865273017,33338.065
1980-04-01,88656945.17475393,312492.29478660267,-130219.28313902352,258031670.9332217,-158659187.4811601,296.94289361861405,293.9250938306542,0.8009932107884451,4.2465350109737745,35847.333
1980-05-01,10445275.682102092,125791.61931382699,111989.9455452855,162963184.2622466,-140254346.90648562,296.7535178611085,292.30260222240304,0.7857565384654503,4.176371307938456,38170.323
1980-06-01,-40689969.7245456,-156323.37911687777,134191.05279899962,94302507.97286828,-120230022.56173138,296.46011141850477,290.005513243171,0.7644172479702798,3.86227499826176,37167.333
1980-07-01,11628250.990887433,-150873.95294904342,197275.3544923467,135084842.2429941,-101992045.42277405,295.9600416505057,289.19755406718264,0.7494094320193064,3.619894465969883,33783.548
1980-08-01,29889562.486970946,-200692.2244085686,27711.845829235448,150814265.58615604,-112777693.34570128,296.6375377801434,289.8925017636972,0.7498556380183876,3.7009217768827978,34980.968
1980-09-01,87778654.02073744,-43886.76256493619,-123362.9387299736,224034389.48214233,-134097596.61329982,296.7457284192585,292.1213215513528,0.7595806753941359,3.923770186621278,38053.333
1980-10-01,118055218.38650642,105486.6198156559,-337151.1881432184,278431192.6885439,-149896330.22847432,296.6360904753746,292.86750338948474,0.7694062050092186,3.991499543706746,45342.903
1980-11-01,146038920.18998343,164622.44063266861,-340962.3321435362,304835927.3595972,-148762257.310542,295.9783750711815,293.09323455158324,0.779621701407381,4.02436238131065,53791.333
1980-12-01,77391645.20733035,72059.39071635976,-6442.02919356749,238547249.1800012,-148652237.31964552,295.9894351068132,292.3676960881811,0.7856503727615858,3.8739139931087725,59531.935
1981-01-01,59786248.4020669,-204875.5472911467,-102351.55827909184,213439007.13738543,-145434736.9858641,296.4133058596092,292.3302352659962,0.7905749239919182,3.7964399744870168,50002.581
1981-02-01,31019134.075088397,-158958.4276171312,169558.2816314415,184219101.80848056,-153282441.62130702,297.26765643661736,291.9530764591565,0.7969155559873143,3.899672345038798,39460.0
1981-03-01,152722922.8966513,383933.56242341833,-382849.0075825255,302086054.5703496,-154907959.63397992,296.8986026493837,293.6859594428168,0.8006403212946875,4.071709375410313,32941.29
1981-04-01,34888758.9439307,129810.60106683598,-81621.48617317727,203398554.33838254,-163004992.16597438,297.1660758210848,293.50100497378406,0.8009932107884451,4.2465350109737745,36288.333
1981-05-01,1254214.2636175454,-38361.25649761563,-68776.78357177672,157848965.83526406,-139344556.4378646,296.70131468336615,292.083610047916,0.7857565384654503,4.176371307938456,35540.645
1981-06-01,-41885248.42889106,-111825.49710213298,-33410.69780021008,107641012.31679699,-120038658.87739134,296.4464287614592,290.20770152725015,0.7644172479702798,3.86227499826176,38330.333
1981-07-01,-7840308.67183736,-80186.83331118374,120897.86917863158,115716143.4781664,-107508489.52289838,295.79910956546513,289.19526695051655,0.7494094320193064,3.619894465969883,29680.323
1981-08-01,45096637.6477102,-154595.13001608837,113146.56054352835,163924947.0150662,-114962199.44386016,296.40058079826645,290.68997765350497,0.7498556380183876,3.7009217768827978,30769.032
1981-09-01,80421694.53600177,4630.260343591886,-126991.59746971843,219564171.63569695,-135199283.7307369,296.54362745450754,291.71733984678605,0.7595806753941359,3.923770186621278,38902.333
1981-10-01,133051083.41068313,189258.97804665327,-350728.01128823846,295620469.87382364,-146142101.28657633,296.46059045625805,292.98160223936344,0.7694062050092186,3.991499543706746,44917.742
1981-11-01,78924676.33164802,-136764.58941648912,-244826.65063424944,245585378.629461,-152192210.72423837,296.39858183829,292.7249695317423,0.779621701407381,4.02436238131065,51035.0
1981-12-01,85554154.36842865,-41980.23775538037,-59163.84096777662,240555573.4848607,-146861579.42587674,296.4955031769402,292.9599691522281,0.7856503727615858,3.8739139931087725,52156.129
1982-01-01,81814920.20413633,-29065.13355264839,54085.31702108472,233081144.99901527,-146922294.09644705,296.50771040207064,292.7493099863339,0.7905749239919182,3.7964399744870168,44049.355
1982-02-01,49464373.64797168,9432.527251174804,30823.919817832997,204251862.535929,-156440828.89363712,296.9766158388188,291.98515097437485,0.7969155559873143,3.899672345038798,35066.429
1982-03-01,76077914.98384115,54696.81804538839,-460405.34287526703,245232326.16586456,-165174910.60679936,297.21227755099176,293.4596356398225,0.8006403212946875,4.071709375410313,31399.355
1982-04-01,85186181.97918077,254296.830370722,-148588.19523555605,241611168.9883914,-159642336.34256154,297.003513706097,293.7734476211295,0.8009932107884451,4.2465350109737745,29489.667
1982-05-01,45237243.0635573,142036.1946885341,-155107.84015053516,205547943.01011062,-144450664.0322383,296.55902758490146,292.78157897354396,0.7857565384654503,4.176371307938456,32611.935
1982-06-01,-25243657.096802376,-113075.71470686609,-36747.087917556964,121977516.5394197,-122338875.39497834,296.37259852278254,291.1283296713091,0.7644172479702798,3.86227499826176,34335.667
1982-07-01,-26892201.283409253,-178272.421817645,63417.754449689906,106662173.26374184,-110394393.76488492,295.94859680940635,289.6497218915443,0.7494094320193064,3.619894465969883,30682.903
1982-08-01,35604147.83995658,-104677.37991297315,21990.86082237812,159196594.11260188,-114248723.32742538,296.41639483811684,290.21915879528785,0.7498556380183876,3.7009217768827978,29272.581
1982-09-01,93275157.29693612,-83934.08598443415,-63892.58760901407,233416666.68686798,-131419378.13823348,296.6483786879834,291.8287812759987,0.7595806753941359,3.923770186621278,34042.667
1982-10-01,162262785.27567777,332324.0864445683,-430990.34968151303,314235185.5236105,-142928803.88547266,296.0193223304339,292.80116213350476,0.7694062050092186,3.991499543706746,41542.903
1982-11-01,133101230.1750097,189820.00377686857,-116853.38829156934,289030361.47172284,-149884546.0547831,296.0137134583728,292.78953256035106,0.779621701407381,4.02436238131065,56691.333
1982-12-01,52935794.971579894,-176977.76575473617,-68005.3714591511,210063198.75515395,-143616239.82934672,296.3779609129275,292.58187411564353,0.7856503727615858,3.8739139931087725,61225.161
1983-01-01,-3691211.5260159224,87781.29413027581,222263.06980362025,161516060.3781067,-143955949.05258596,297.17762407753014,290.00966723409573,0.7905749239919182,3.7964399744870168,49020.323
1983-02-01,39141720.49628344,-190778.2655330865,93943.36314372023,184090308.07273355,-146377816.503334,298.3086027893028,292.22433991879535,0.7969155559873143,3.899672345038798,36957.857
1983-03-01,82330863.63430482,12386.159329914022,-248347.22989740834,229753587.7994036,-153455359.0197516,298.3321934940757,293.2420346354718,0.8006403212946875,4.071709375410313,31360.0
1983-04-01,49405243.57210673,73855.40070137364,-370265.6338753394,217145680.62389913,-164943756.90355456,297.7814129318057,294.0825675326288,0.8009932107884451,4.2465350109737745,31613.667
1983-05-01,-7353928.075522251,6916.948416432118,-62948.434754510876,148839171.0669806,-147642926.3571877,297.7214882958307,293.39021337479494,0.7857565384654503,4.176371307938456,29982.581
1983-06-01,-19706826.40938668,-213140.05572898983,52759.48835991453,121814620.61032061,-122819995.89555426,296.82075348752386,291.4114602783651,0.7644172479702798,3.86227499826176,27057.0
1983-07-01,-8307269.585296512,-147245.9361485137,83679.20429512292,113924045.46805051,-111072134.2068093,296.4985829908668,290.08057412863485,0.7494094320193064,3.619894465969883,24360.0
1983-08-01,19245614.060394824,-89358.05139144126,89447.53936460748,147662482.2323076,-114994763.40829714,296.5345781045013,290.2421483349454,0.7498556380183876,3.7009217768827978,25622.258
1983-09-01,36900592.323154494,-289522.9784885548,-87684.24405722391,174910594.72881564,-132004462.09960875,297.1622429649535,291.30661538531075,0.7595806753941359,3.923770186621278,31245.0
1983-10-01,130671474.20143953,4500.502143087739,-286588.6847763951,284459498.9436836,-145938212.78559998,296.3841221941262,292.7682308428217,0.7694062050092186,3.991499543706746,36078.71
1983-11-01,123726399.04890123,30722.714035762343,-317219.519319155,281567280.5331329,-150373161.6782363,296.28714806976353,293.0643657020788,0.779621701407381,4.02436238131065,45260.333
1983-12-01,64986666.294042125,6185.742512751458,85862.19332641488,228130443.8645928,-149316665.50850987,295.8517993922421,292.36966094539935,0.7856503727615858,3.8739139931087725,47721.613
1984-01-01,32559248.08923874,13441.121800707144,90621.8822198745,193704899.09248328,-143573686.82962775,295.9000365012637,290.7897767887005,0.7905749239919182,3.7964399744870168,40719.856
1984-02-01,57959117.65947003,-41354.09952551511,196851.7198576244,205621423.9883481,-153679436.6444676,296.9500667580681,292.30405081814786,0.7969723225957936,3.9015966562374738,30915.294
1984-03-01,86105022.24878082,291304.97305503493,-327929.46872375335,253311257.261101,-164509185.2655586,296.9893808730087,293.6219451360456,0.8006519718739615,4.07234865273017,28452.841
1984-04-01,45182996.760402575,369457.5452640792,-169931.04214357745,218760949.6449396,-163620863.14514485,296.8918279791926,293.35976541221294,0.8009932107884451,4.2465350109737745,29432.117
1984-05-01,-23301925.434935868,-38348.45090597798,-52684.10190423738,134839905.90227732,-145200984.06227422,296.7645778252357,292.24318550472657,0.7857565384654503,4.176371307938456,28564.17
1984-06-01,-34284412.34249808,-116686.90701550561,48597.73158742458,91003181.22336435,-119799721.59751755,296.38063069840797,290.13608021929105,0.7644172479702798,3.86227499826176,24403.765
1984-07-01,-1168135.0730953962,-165110.41045215042,70501.67402321864,118195705.14744706,-106209205.5353853,296.00373730683094,288.9560077163799,0.7494094320193064,3.619894465969883,24066.329
1984-08-01,32055359.03284861,-126771.0802917828,56320.66204974518,151153252.41174895,-113040224.81391877,296.657277445527,289.5938671456087,0.7498556380183876,3.7009217768827978,27672.729
1984-09-01,58410075.03437482,-164213.11476067637,-54972.05612548602,198188379.94007233,-131892329.88393632,296.57229951323274,291.21352529396205,0.7595806753941359,3.923770186621278,29797.554
1984-10-01,113928544.83776261,51968.333636693715,-324255.85656675074,268510715.00817084,-149175168.82075715,296.5890278559768,292.73583633263155,0.7694062050092186,3.991499543706746,32596.595
1984-11-01,154117722.45559996,319611.36088141694,-492766.4254224611,311785866.563396,-147694205.89395428,295.8204804468569,292.8682913446486,0.779621701407381,4.02436238131065,39893.864
1984-12-01,89649161.27032974,-74891.22142319329,-105979.36387280999,240261672.53453064,-145125490.90910608,296.00551870241884,292.0338744656829,0.7856503727615858,3.8739139931087725,43263.516
1985-01-01,68316282.61441542,-193641.8893399329,26820.43629678004,219923318.30243456,-148448441.8403301,296.6446609306974,293.03111327053955,0.7905749239919182,3.7964399744870168,34574.596
1985-02-01,29284945.424300075,-85206.49461177003,294033.4290503765,182726765.2454214,-146890583.09273088,296.63393190589676,290.6978661133862,0.7969155559873143,3.899672345038798,31044.627
1985-03-01,112349984.06272614,332198.51606419607,-192055.46146856848,256149131.81254923,-150342818.79199493,297.3399554752018,292.8224341924152,0.8006403212946875,4.071709375410313,24674.997
1985-04-01,106690301.90942205,492281.2230483303,-489824.22792135214,273702540.02027416,-153519280.0226856,296.2556262726469,293.2109883313481,0.8009932107884451,4.2465350109737745,33795.788
1985-05-01,28398091.243138567,223347.40834563508,-114769.92522159434,187009697.15211463,-143540861.735596,296.3207818702081,292.43130413356,0.7857565384654503,4.176371307938456,41184.255
1985-06-01,-40239413.59454429,-80995.6872248043,177135.14607625917,97509744.39802577,-118814541.75495037,295.91918523537265,289.47979073580115,0.7644172479702798,3.86227499826176,38568.98
1985-07-01,-9800393.256725684,-174111.7678873169,-16779.43638430108,119089008.4984719,-106887461.52958396,295.6029319661678,288.75613557791985,0.7494094320193064,3.619894465969883,32018.976
1985-08-01,32383939.703033954,-78740.70320826443,-26877.875690964924,145675110.43230218,-112107235.20445718,296.26854513154154,289.2535141477159,0.7498556380183876,3.7009217768827978,31020.55
1985-09-01,96229351.60352229,20869.321780271537,-157121.16081634714,226861874.28270787,-128905997.81946343,296.29126081455405,291.39197114953885,0.7595806753941359,3.923770186621278,35377.329
1985-10-01,143201224.3872999,161279.15798459935,-404800.2867136446,297174110.11518043,-140358799.9535212,296.3388991067279,292.5398780615354,0.7694062050092186,3.991499543706746,45019.66
1985-11-01,137030846.7981882,164609.15251963143,-600400.1210450735,291246409.01783514,-152252301.6353575,296.0534686240904,293.0228705175268,0.779621701407381,4.02436238131065,51311.256
1985-12-01,89059711.27660908,-54577.511277461614,-106472.24053760852,247593463.36356282,-147546655.62210685,296.1849048182768,292.6378952637578,0.7856503727615858,3.8739139931087725,49998.161
1986-01-01,58360204.88544092,-40005.347173970105,141307.2403400333,203699139.062842,-143454590.8551702,296.5897006879792,291.8616270122493,0.7905749239919182,3.7964399744870168,40141.886
1986-02-01,95586225.4965648,165214.98301015788,-162083.36635556276,243469235.0926484,-153983850.42385682,296.8670516662977,292.91177869190096,0.7969155559873143,3.899672345038798,31243.538
1986-03-01,139360446.24125433,422795.6923735795,-471988.8897028435,295699227.359324,-158552718.77733964,296.40391620969126,293.45158050318804,0.8006403212946875,4.071709375410313,30662.601
1986-04-01,69244479.80006576,403164.1166441892,-354777.8869326246,238546216.6418448,-162093736.63330007,296.99445940926705,293.7856529497476,0.8009932107884451,4.2465350109737745,34691.231
1986-05-01,4970831.808512978,182298.69023737722,-132494.8846310693,162704150.838553,-149044953.2587401,297.0769795878701,292.6855307338379,0.7857565384654503,4.176371307938456,34543.112
1986-06-01,-35794117.13270776,-82814.54642061406,62119.356883570435,110297348.92498408,-123900270.31754878,296.10864495532786,290.32762848811416,0.7644172479702798,3.86227499826176,30806.65
1986-07-01,5989501.505917959,-40889.22080616742,281805.5385838445,123694877.76114576,-105862674.82751332,295.7970672480403,288.77380315527887,0.7494094320193064,3.619894465969883,23886.832
1986-08-01,8476213.263321184,-374636.58744630544,-25827.117770055294,141100928.6793944,-119420322.71154296,296.82787776807874,290.2599329204972,0.7498556380183876,3.7009217768827978,24287.964
1986-09-01,92665637.95555004,35514.97530791571,-102457.34890235335,233397087.36810145,-134227582.925217,296.7013864362265,291.56417967538806,0.7595806753941359,3.923770186621278,28247.439
1986-10-01,185172454.00376925,292628.56988692464,-508338.28474505636,343275419.06670856,-146272395.55641568,296.26807941882106,293.09920775843295,0.7694062050092186,3.991499543706746,37927.274
1986-11-01,158614782.70429572,204867.2309473019,-444328.215967786,316042178.88296163,-152822000.97540337,296.1726293114816,293.25712439466054,0.779621701407381,4.02436238131065,50854.7
1986-12-01,88251413.59501804,63419.48058663239,123539.83210218638,259602274.73681563,-147022251.98964614,296.1352505842298,292.20362107734616,0.7856503727615858,3.8739139931087725,54835.196
1987-01-01,73381134.5727129,-118460.85197645082,157442.65880996487,222437872.5213917,-143994032.3445868,296.8616984057651,292.19266362389476,0.7905749239919182,3.7964399744870168,43991.794
1987-02-01,112271082.9575832,-27959.415589653086,-135079.0446342386,259480847.63644496,-148384786.87219906,297.2664866086682,293.462949442276,0.7969155559873143,3.899672345038798,35212.865
1987-03-01,125861179.3695525,121591.85666529015,-358704.0038428487,291505155.7986369,-160904073.98133767,297.5733696880382,293.9137122915994,0.8006403212946875,4.071709375410313,36360.491
1987-04-01,71656390.58771376,65979.95093156042,-306513.5525347763,241542571.98770905,-164076040.44117963,297.4468750926602,294.0212643064318,0.8009932107884451,4.2465350109737745,37898.961
1987-05-01,14821053.032757163,96593.80519977643,-40177.71772749392,173373833.85302693,-146466171.4935038,297.5432126405422,293.08950575545083,0.7857565384654503,4.176371307938456,36280.33
1987-06-01,-39886592.67928788,-50961.692852891785,87214.52085552189,107368308.83056839,-123102864.8637669,296.5498560404156,290.11877178408787,0.7644172479702798,3.86227499826176,32535.113
1987-07-01,-43418952.263882175,-242561.08234850774,41752.35622832086,91993299.16712183,-113331454.99003014,296.96001402374026,289.8749499147873,0.7494094320193064,3.619894465969883,26390.403
1987-08-01,33423274.423848435,-198693.15409303425,101438.71523250829,157968257.99148396,-119504438.84838738,297.1514642334099,291.028759267275,0.7498556380183876,3.7009217768827978,23463.428
1987-09-01,87136256.60679285,-9337.416831724331,-126049.75109777188,233038870.15193543,-139067099.19483608,297.12770246941506,292.70783026253855,0.7595806753941359,3.923770186621278,30855.2
1987-10-01,123260996.01445262,206760.8186107034,-306859.27983845276,290527933.7413284,-153273167.48829624,296.9528732530111,293.41284225166095,0.7694062050092186,3.991499543706746,39563.548
1987-11-01,119557936.87460637,79663.71568833213,-275606.74904426245,273783433.1007217,-154329796.51571834,296.8699944251386,293.6127724452207,0.779621701407381,4.02436238131065,50207.088
1987-12-01,42124438.289621964,-158400.3849029823,-139874.36365517843,211943805.40247625,-153954048.5647954,297.2040797250469,293.0400404045548,0.7856503727615858,3.8739139931087725,52902.113
1988-01-01,86241432.2990148,204549.07894140502,153864.50453530328,230618046.79188663,-142114673.03073972,297.03426587538644,292.4014577458786,0.7905749239919182,3.7964399744870168,44393.527
1988-02-01,62532677.37900104,-40550.372514880524,-111615.48092653343,213423281.2282753,-155337371.75471243,297.9585525623312,293.0350550328501,0.7969723225957936,3.9015966562374738,32770.933
1988-03-01,95550464.2374275,205315.57296046373,-258502.05359111106,253305603.30538672,-163296036.88328755,297.54068418767014,293.8727045288446,0.8006519718739615,4.07234865273017,31161.18
1988-04-01,70304714.17208481,287942.46613862016,-255930.6097572031,237913846.98510656,-161464058.03836128,297.47741650245933,294.23198721787696,0.8009932107884451,4.2465350109737745,33454.068
1988-05-01,-26507187.66805163,30769.232875314832,-28294.75122363923,140630803.30387065,-149068353.51865178,297.2698721564155,292.20556620558057,0.7857565384654503,4.176371307938456,34758.721
1988-06-01,-12970628.610331729,-34414.363709008496,-44024.10550719616,124381698.67073126,-124305139.29816711,296.60423488120574,291.4133901440071,0.7644172479702798,3.86227499826176,31637.996
1988-07-01,-2883670.677147843,-50321.94510682892,171255.3037151987,125349986.92146099,-112692450.99563771,296.0619609735209,289.99427693453447,0.7494094320193064,3.619894465969883,26224.563
1988-08-01,58272357.74595575,-42193.03261177006,39334.00914359043,181764537.67474926,-119073226.81960724,296.48000723683475,290.8981815451775,0.7498556380183876,3.7009217768827978,26465.855
1988-09-01,90363667.02932946,-63074.35866531695,-213513.87139150084,239666389.20152134,-136842464.53146273,296.6040487186621,292.02316568342997,0.7595806753941359,3.923770186621278,35222.012
1988-10-01,143434549.39767832,43399.16912967278,-362125.8396154945,296505658.609808,-147824767.2505157,296.6741971783341,293.06005181693695,0.7694062050092186,3.991499543706746,43547.212
1988-11-01,142321262.90877149,126029.80325805064,-261929.58980188196,302558188.0880443,-149252087.18678224,296.2998822202549,293.11483985392414,0.779621701407381,4.02436238131065,54671.797
1988-12-01,109215162.9942421,288760.4425525608,-233403.76202010398,257683404.78847188,-145393670.46758395,296.2003417976469,292.8338600011074,0.7856503727615858,3.8739139931087725,59542.234
1989-01-01,-6151927.019539513,-163152.24853784556,377487.23362050747,151208611.39648545,-142406785.67595467,296.3066364747827,289.01355765914906,0.7905749239919182,3.7964399744870168,55579.829
1989-02-01,21144213.83948309,-23698.02783122158,166616.9852226443,167791246.36561102,-136960193.59821796,297.2469427413293,289.95873559350764,0.7969155559873143,3.899672345038798,37302.714
1989-03-01,125497543.18024433,345981.7192456295,-290730.5206545532,267165311.3719426,-151841183.27839398,296.75080173090385,292.98291032616874,0.8006403212946875,4.071709375410313,30757.191
1989-04-01,59289760.35299964,380619.5608143043,-101892.40246827745,221317784.96238244,-160338711.8434666,296.9376278261031,293.522073249566,0.8009932107884451,4.2465350109737745,36390.413
1989-05-01,30984560.32333687,178106.22928751865,-79296.62464256986,186761107.0450135,-142964849.63795298,296.3832447479404,292.4331694711592,0.7857565384654503,4.176371307938456,35432.851
1989-06-01,-51646340.79585558,-130859.10031487966,30225.280872225412,89278784.66156064,-126061355.16728216,296.4886818968003,290.4459518336584,0.7644172479702798,3.86227499826176,29786.94
1989-07-01,-21693947.290433064,-226911.1070530503,132591.86768627603,97768722.35410765,-110593890.07792541,296.05904893577355,289.23355611297984,0.7494094320193064,3.619894465969883,24021.635
1989-08-01,42691051.13937253,-228352.0758679782,-30341.74675522081,162787687.73957184,-119915918.35628124,296.33340817360147,290.56415727262794,0.7498556380183876,3.7009217768827978,25419.262
1989-09-01,58507704.54699507,-18427.94676497727,-108960.36600168695,204014601.83503234,-139075469.52134255,296.8640923610734,291.7044141066824,0.7595806753941359,3.923770186621278,31653.225
1989-10-01,137798827.59467685,151471.74729677278,-303552.2330600921,289968528.2712508,-146912242.44459218,296.4721101744074,292.83492730543486,0.7694062050092186,3.991499543706746,36187.489
1989-11-01,94325254.84687717,-164141.60517353017,-363722.28848182375,246744956.63940233,-155808909.9235026,296.94094309356007,293.52131020170106,0.779621701407381,4.02436238131065,46543.384
1989-12-01,62672312.51026976,16094.339558435866,65763.21391546106,225672472.1589197,-147972356.41117477,296.5949578910398,292.7034036605497,0.7856503727615858,3.8739139931087725,51044.832
1990-01-01,37319749.005269065,-250534.92017764703,113749.43779270837,189412530.30316338,-149703474.00457636,297.142986282296,292.27239677029985,0.7905749239919182,3.7964399744870168,44779.23
1990-02-01,94707815.60834639,133710.42155637444,-97059.747802984,250460494.04019842,-149734978.98226795,297.1766125386728,292.8063740469531,0.7969155559873143,3.899672345038798,33413.209
1990-03-01,79373408.55015706,13438.803115807412,-88428.29240710007,225376224.60705635,-156632079.7886942,297.6529460417685,292.7383710159245,0.8006403212946875,4.071709375410313,32469.41
1990-04-01,34103862.75146531,185445.6447751559,-124756.88196678841,202050915.88037193,-161545689.87792754,297.7130842362978,293.97414250020324,0.8009932107884451,4.2465350109737745,33087.771
1990-05-01,35617595.14020641,233311.41292427952,-116375.28311513644,201390017.97018525,-148387885.20718187,296.8467141939324,293.2025894493495,0.7857565384654503,4.176371307938456,31402.643
1990-06-01,-48888122.44029981,-175171.59693830743,5420.371284457622,89247945.13034159,-128366865.92071639,296.9616739045008,291.10479781534036,0.7644172479702798,3.86227499826176,30085.848
1990-07-01,-29643270.398879662,-204105.13270848786,145704.83380840987,100845819.08921692,-113060585.85120222,296.3177465652538,289.36812118069713,0.7494094320193064,3.619894465969883,23972.616
1990-08-01,49927300.49319209,-138652.81814065893,-32098.31454632437,166700453.82274267,-115840143.56637691,296.55825284679383,290.20644515257516,0.7498556380183876,3.7009217768827978,24052.538
1990-09-01,85086840.20453368,-40495.94020362559,-237841.27011060924,226397019.8413843,-134779924.4289863,296.7485592353308,291.6163911794121,0.7595806753941359,3.923770186621278,30985.522
1990-10-01,102500340.67211294,-8390.526500839784,-431338.7136261166,262984014.03804433,-150934056.451527,296.85356320815634,292.93313057144866,0.7694062050092186,3.991499543706746,38573.716
1990-11-01,88919696.54418433,56912.31349156378,-354629.8035554957,249052344.02962047,-155721900.6255737,296.8477713072944,293.5562810572233,0.779621701407381,4.02436238131065,44196.928
1990-12-01,112950141.15711747,221472.10619390084,-165440.37908909572,268564338.7222956,-149540789.87322295,296.53090260270227,293.4899495644778,0.7856503727615858,3.8739139931087725,50864.565
1991-01-01,53014092.36245628,-259229.82322025232,-12615.377577206324,210951638.75295407,-151099842.4717872,296.99394560084824,292.58362546254625,0.7905749239919182,3.7964399744870168,50659.729
1991-02-01,47452230.77948271,-79654.28830739434,-17493.718382732826,198434821.31487954,-156845926.57809812,297.6461762894002,292.9801545823698,0.7969155559873143,3.899672345038798,39892.46
1991-03-01,67116992.6890496,98371.37982418228,-258464.87858891726,228616344.99416542,-164208727.8656267,297.71781022318083,293.9760126935418,0.8006403212946875,4.071709375410313,33052.044
1991-04-01,88931727.73683129,350543.46011452435,-364067.09010106314,255668067.45923692,-161252596.89264762,296.7689009953707,293.6448561903567,0.8009932107884451,4.2465350109737745,35862.174
1991-05-01,67282823.825604,74737.93502426663,-57602.40800286314,213583696.9187889,-140786230.69110924,296.9657743689232,293.16103794804997,0.7857565384654503,4.176371307938456,39016.739
1991-06-01,-36711988.27701997,-188787.0315986842,73372.04233449737,111079686.66224724,-128434622.52077934,296.82090656864926,291.47484490517013,0.7644172479702798,3.86227499826176,39536.787
1991-07-01,-3611511.3978939652,-92699.2427174495,191597.86214053803,115256585.98281072,-114449411.77503756,296.0962500774688,289.77883337517926,0.7494094320193064,3.619894465969883,35856.467
1991-08-01,20612663.894842297,-113946.66181058182,87859.30477369064,152690199.93543804,-122266706.06875798,296.38662099503443,290.68927936783376,0.7498556380183876,3.7009217768827978,32269.334
1991-09-01,56039744.98869762,-206316.9102867675,-71410.90923484912,191491937.96789217,-136643122.6437071,296.94267993740505,291.7804287138001,0.7595806753941359,3.923770186621278,35614.354
1991-10-01,141764109.71998528,272823.07453591516,-303694.3899165329,295200524.9396856,-145658801.0380544,295.83790143189236,292.6266965468853,0.7694062050092186,3.991499543706746,37478.139
1991-11-01,109569638.09430808,-24814.75302484131,-264082.31044783944,262030305.98789966,-153184245.0558024,296.2471056478512,293.1803702138362,0.779621701407381,4.02436238131065,46224.558
1991-12-01,42281488.45439237,-110520.74762926654,169464.55030687436,197417028.82935396,-146947259.32800964,296.53453312109235,292.17488300356564,0.7856503727615858,3.8739139931087725,50963.718
1992-01-01,41682639.03294349,-80244.95765889846,-85811.55966940307,189954316.86311352,-143041410.66017982,296.8368118974986,291.2751183819275,0.7905749239919182,3.7964399744870168,39245.726
1992-02-01,12306252.916088358,-79323.95896883981,-56932.088143743065,180293118.0319718,-152892168.66308275,297.2396273948149,291.0621664687246,0.7969723225957936,3.9015966562374738,29389.246
1992-03-01,78379789.91215602,35921.23090491367,-266471.8133446209,232841825.18425283,-156275859.84399468,297.88075162951174,293.0227584860673,0.8006519718739615,4.07234865273017,25160.805
1992-04-01,99890760.04903838,259713.0631077416,-240595.66402510132,257297762.31020334,-160794397.7789626,297.15738542885634,294.16943100941836,0.8009932107884451,4.2465350109737745,26964.451
1992-05-01,22652233.2253324,-49247.09946014157,38637.269201343064,180338387.17793357,-146141441.6567824,296.814888271155,293.0995339502703,0.7857565384654503,4.176371307938456,28997.029
1992-06-01,-13745418.67229189,-192551.1609769737,88826.84840838079,123131391.48878407,-122190446.01124279,296.2037848953287,291.0324976164845,0.7644172479702798,3.86227499826176,27001.28
1992-07-01,-10079988.937820792,-132646.2143301089,107348.50407447285,116066803.10549979,-110879210.22021045,295.6680848153198,289.48098833871154,0.7494094320193064,3.619894465969883,25082.355
1992-08-01,15221950.766127467,-166561.43211893045,140365.9390533804,136756249.55339015,-113813573.64747354,296.24064778140206,289.5939378096357,0.7498556380183876,3.7009217768827978,27123.294
1992-09-01,63868439.888070226,-174284.32183239266,-102109.92239818306,200151628.11170673,-131073490.09502639,296.6886147498287,291.1934011592944,0.7595806753941359,3.923770186621278,30570.757
1992-10-01,134753123.46201304,142587.733395566,-333975.5838324983,285676681.7552056,-142443820.69192225,296.3935109089597,292.7082953293176,0.7694062050092186,3.991499543706746,37202.754
1992-11-01,99710853.1476417,-111310.96721753816,-306127.2751573183,264545199.8122235,-151096334.3896802,296.14286429886647,292.66310480810995,0.779621701407381,4.02436238131065,46927.987
1992-12-01,40504028.09156008,-367348.97738134046,111780.31811977591,205480669.65119675,-147664405.23667622,296.3890584381883,292.27514962906184,0.7856503727615858,3.8739139931087725,53627.068
1993-01-01,54912189.09668849,-48641.2931030466,74635.49343613104,213999676.2885489,-147029950.26849574,296.4113722046854,291.1989096962868,0.7905749239919182,3.7964399744870168,45495.525
1993-02-01,45399907.418581724,-56029.17666748146,32717.544539344846,202971466.8552206,-151092527.69103813,296.89034917305804,291.6536378534864,0.7969155559873143,3.899672345038798,32884.432
1993-03-01,92394389.53733587,173523.18464708485,-283776.8786917323,251507633.34083414,-160981927.77118504,297.0361381242975,293.2864113535982,0.8006403212946875,4.071709375410313,27454.731
1993-04-01,81949814.65288897,335626.2066771212,-367845.8909522961,245050505.5137638,-160044242.71756658,296.94951883365763,293.9334867255045,0.8009932107884451,4.2465350109737745,30471.468
1993-05-01,1091597.052883856,-70802.32035940935,15982.806354548025,156637331.08033592,-148378886.34907714,297.2439046563665,292.9324893491166,0.7857565384654503,4.176371307938456,32254.83
1993-06-01,-7027894.448609345,-79898.86695813271,-23375.513292431682,128582459.50486971,-121526211.4947408,296.436932419197,290.6778187385923,0.7644172479702798,3.86227499826176,33246.576
1993-07-01,-15029781.304412663,-178676.49252558334,5603.62152790316,103500175.8145765,-109440764.84691644,296.36061163106064,289.45219811333345,0.7494094320193064,3.619894465969883,31796.16
1993-08-01,39410631.2518646,-157575.0736961782,-47971.17845443514,160510954.98566058,-117521528.19756767,296.4800605646339,290.51114958754505,0.7498556380183876,3.7009217768827978,30231.838
1993-09-01,48823194.02194845,-206705.4458487731,-121786.77356465036,186545733.1129085,-134206857.25490576,296.75340148464574,291.29052349791823,0.7595806753941359,3.923770186621278,34482.558
1993-10-01,96813244.07624878,9518.36130536563,-297508.8300509425,249941233.77937788,-147622783.3987503,296.97592418429423,292.6475807777022,0.7694062050092186,3.991499543706746,37352.733
1993-11-01,121318590.39180407,74012.82495257095,-332684.1810875528,280737321.17362666,-152735757.5950762,296.57616431595375,293.5472288787084,0.779621701407381,4.02436238131065,42664.405
1993-12-01,48365097.71049653,-196907.23239309512,-192955.03225222294,218706778.97889555,-150689058.0855974,296.823832173596,293.13175749834056,0.7856503727615858,3.8739139931087725,48690.686
1994-01-01,46048212.895785764,-187528.7807648786,224735.53522767953,203533044.88507494,-151111952.40028992,296.94337520840804,292.7133638279704,0.7905749239919182,3.7964399744870168,43537.079
1994-02-01,24555757.62159522,-60187.88650716924,147155.5837914814,186794150.51273113,-152499992.70138335,297.2373046592402,291.97782676207754,0.7969155559873143,3.899672345038798,33326.082
1994-03-01,60173103.00565964,194663.95458809438,-280278.93358715216,219161783.90040058,-161839063.09060472,297.6143416189196,293.1403461649878,0.8006403212946875,4.071709375410313,29191.25
1994-04-01,69360678.88897642,212729.9379528849,-440596.31344338774,238155375.63161996,-161842934.44448662,297.2469421842649,293.8061258824127,0.8009932107884451,4.2465350109737745,28307.942
1994-05-01,16454300.720639125,53398.63693457484,-42485.27204224502,173448911.49001035,-143773405.0694619,297.0263189350781,292.57209358970664,0.7857565384654503,4.176371307938456,30359.15
1994-06-01,-25109.05936253071,-29141.635805431317,43218.49111906982,124899465.42710759,-118551450.91902001,296.25427364409904,290.5353400248684,0.7644172479702798,3.86227499826176,30334.275
1994-07-01,-1959370.7500568628,-75038.66372605084,99962.38385273216,125134567.59569663,-110766310.54081267,295.99268684497275,289.7230379245513,0.7494094320193064,3.619894465969883,29674.022
1994-08-01,55034659.51858574,-50832.118857666064,79357.43090732489,171690028.94097686,-116027012.39130116,296.4680734438504,290.5095719215519,0.7498556380183876,3.7009217768827978,28901.881
1994-09-01,95735818.3421133,-12488.853936639585,-96501.14506695553,234531431.1877995,-132579198.26319385,296.8738117584599,291.96536647286956,0.7595806753941359,3.923770186621278,35764.321
1994-10-01,157925723.5206052,320659.578209421,-499219.64554316015,312585675.02197474,-145011384.30394852,296.26307736894915,292.8542440889449,0.7694062050092186,3.991499543706746,45561.282
1994-11-01,134917365.3111691,211314.65785893815,-320600.3348705806,297130556.9703057,-147777045.29864508,296.293005878289,292.9793064592167,0.779621701407381,4.02436238131065,55610.227
1994-12-01,76719058.47926223,27833.078803341574,-135038.19926595353,241593281.300978,-147749015.64537704,296.5508634299568,292.19216078991695,0.7856503727615858,3.8739139931087725,63793.939
1995-01-01,38739391.27055219,52975.83567359012,-47661.43479443851,197355347.6045892,-145147766.82850567,296.9777451336199,292.0721671771677,0.7905749239919182,3.7964399744870168,56415.734
1995-02-01,84526703.2610473,-23834.896129609,-64191.693471389764,236843607.44079632,-147559213.26008695,296.87923642475084,292.426659305146,0.7969155559873143,3.899672345038798,42960.519
1995-03-01,98751456.4678284,178881.82873079268,-455021.79960284487,258309459.27934873,-160480785.87208292,297.3491781291075,293.5543283015598,0.8006403212946875,4.071709375410313,37061.568
1995-04-01,56334363.607531756,398005.5164299625,-302600.817365801,222470067.61278942,-163201013.49452198,297.42219652355635,293.8627608797887,0.8009932107884451,4.2465350109737745,37244.766
1995-05-01,2749829.516880274,112613.28240869631,-76405.25066183746,163294338.73884028,-144530076.35484546,297.25731173479056,292.7913013224212,0.7857565384654503,4.176371307938456,38267.367
1995-06-01,-24667694.386730745,-116862.0534599171,-16819.03644077439,113200386.35318565,-122309694.72241336,296.66057702052024,290.5923629928227,0.7644172479702798,3.86227499826176,34857.546
1995-07-01,-2184256.5713974983,-37569.72664946815,-10045.588846415092,112436073.76700495,-110128562.5071176,296.38482344805857,289.32229986099594,0.7494094320193064,3.619894465969883,27034.088
1995-08-01,7993140.804714173,-338074.4828910125,-19913.30642027274,139608968.19097963,-119968182.37756851,297.0998119703956,290.65883106763283,0.7498556380183876,3.7009217768827978,28327.768
1995-09-01,69847111.51052627,-128714.3172687522,-112335.08688695573,202628080.97843224,-133079580.00922199,297.1867903143504,291.4449155832066,0.7595806753941359,3.923770186621278,29025.99
1995-10-01,126228637.24867466,192362.8572950168,-441065.9224394646,283108566.47690344,-143276659.9192174,296.6471486986378,292.9253075241371,0.7694062050092186,3.991499543706746,37421.822
1995-11-01,82440620.41801943,-129941.95509982482,-210470.10865214845,249742648.78056473,-150120055.28175673,296.79177958027924,292.8321699531933,0.779621701407381,4.02436238131065,48843.489
1995-12-01,36571905.10109675,-170405.5576704487,-70118.51261302571,194859804.46090707,-146805571.43027154,296.6400417893215,292.3905876748797,0.7856503727615858,3.8739139931087725,54021.896
1996-01-01,30703379.95240195,-71736.68761255212,78852.18290830243,175460534.64698777,-145905692.7472943,297.0602450452537,291.9475147417479,0.7905749239919182,3.7964399744870168,45941.185
1996-02-01,75631225.41630316,53750.74248749387,-24848.518477049278,222929365.74883932,-151569094.7570255,297.1877690569249,292.9779667766491,0.7969723225957936,3.9015966562374738,36587.724
1996-03-01,139862249.47999263,427228.3372941921,-635254.4168738516,293926907.4504957,-158744247.78971902,296.91738995249716,293.7620364679144,0.8006519718739615,4.07234865273017,34476.161
1996-04-01,36200778.25404771,234677.90534849232,-190596.26852306625,210174030.1393093,-165344071.616872,297.0205039689231,293.63570378926454,0.8009932107884451,4.2465350109737745,42332.205
1996-05-01,22957709.705607556,24948.026062200894,-67783.33039184286,169846888.85834384,-139121103.5579279,297.03500518580677,292.7449891595179,0.7857565384654503,4.176371307938456,43154.294
1996-06-01,-40052785.834507324,-110846.62752852791,123989.81901683102,92316259.10054807,-120825119.71912219,296.37504800882215,289.8358489958039,0.7644172479702798,3.86227499826176,40114.66
1996-07-01,-24425574.18554835,-167772.21118312658,229432.29348897035,88312443.5019283,-107531644.07162209,296.33279664679856,288.6457437367281,0.7494094320193064,3.619894465969883,33873.634
1996-08-01,15076196.135916881,-247967.3343518857,122906.86841247033,129049943.3828951,-114742342.53060162,297.0901786680003,289.59239881284935,0.7498556380183876,3.7009217768827978,30225.582
1996-09-01,62863437.58776673,-160573.6371302668,9887.412359285634,204184828.30020022,-134409006.55768073,296.960254971626,291.72190729222956,0.7595806753941359,3.923770186621278,32857.533
1996-10-01,109492971.9597579,-4972.035247407883,-283402.53857908584,267365885.10421306,-143627291.74681264,296.6839712014479,292.5157570966666,0.7694062050092186,3.991499543706746,41795.818
1996-11-01,110569613.27829659,-252803.48807397622,-268891.3821467856,267787765.54818222,-146764159.1673579,296.46493379008024,292.6849689280391,0.779621701407381,4.02436238131065,50011.134
1996-12-01,51079762.3524248,-356113.49662278226,-120989.04727949148,206386369.29783413,-147863118.9236062,296.46925115323705,292.50633520532205,0.7856503727615858,3.8739139931087725,52599.137
1997-01-01,30484586.584400475,-118093.2071291866,80500.56708755874,192073561.96544856,-147268925.95844135,296.719552115413,292.08876958221725,0.7905749239919182,3.7964399744870168,46619.303
1997-02-01,1032801.4945777953,-155136.41568611393,336763.0817045193,145616566.05837357,-147207952.360982,297.2257568969332,290.0905213435339,0.7969155559873143,3.899672345038798,33826.617
1997-03-01,100606215.86148539,117216.88068165434,-520259.52054725314,249921992.6506406,-155162242.58748177,297.6479294991731,293.32593217892713,0.8006403212946875,4.071709375410313,26828.306
1997-04-01,107734673.38014972,450190.55672078393,-206093.0062674052,270474594.7375362,-156194888.42429584,296.5303007888898,293.5444112562739,0.8009932107884451,4.2465350109737745,30072.317
1997-05-01,-20106599.914093714,-143671.55030688905,-108131.84539595978,135218239.99633348,-149132159.2747595,296.8585485404197,292.12470865333546,0.7857565384654503,4.176371307938456,34657.59
1997-06-01,-29270763.01532568,-333954.78946424334,143193.82946832947,104136634.7165081,-120947808.02269775,296.8858700679674,290.9671186139652,0.7644172479702798,3.86227499826176,29700.27
1997-07-01,-28613734.876370147,-224412.16834056797,148459.70472221723,88964991.07073326,-109963515.44798183,296.83634102098387,289.0650970934245,0.7494094320193064,3.619894465969883,24082.569
1997-08-01,8345324.312466145,-401313.76194368856,128906.59705894362,118400393.91282375,-115583269.75375366,297.5198963810322,289.93314735694594,0.7498556380183876,3.7009217768827978,23686.066
1997-09-01,36987592.53095324,-403884.1107473155,-49259.36679799341,180834989.58029622,-136098144.20793465,297.62431926585236,292.00957997149186,0.7595806753941359,3.923770186621278,27450.905
1997-10-01,139604898.809245,263591.48489221197,-358690.1888207075,282749866.51595205,-145410863.50931254,297.09755211419525,293.08215720144466,0.7694062050092186,3.991499543706746,33329.806
1997-11-01,189184115.6381162,456985.2077476055,-226519.92385832162,339379434.39505863,-143595399.3217642,296.46624086001106,293.59857443541654,0.779621701407381,4.02436238131065,47500.906
1997-12-01,163590528.78191197,359445.44091273984,-121328.21335428876,317645614.4535486,-140480366.0599572,296.26525282861724,293.2083046365273,0.7856503727615858,3.8739139931087725,60199.557
1998-01-01,79109894.8214062,82587.29528927646,249100.67003426625,237054230.91269913,-149862371.1980633,297.2409561233635,292.4573339474353,0.7905749239919182,3.7964399744870168,64228.4
1998-02-01,50551123.55008962,-46396.80103867724,190743.0011726968,212039720.9156078,-152680053.31660154,298.40393976762834,292.8832896249754,0.7969155559873143,3.899672345038798,58438.014
1998-03-01,87663746.06354469,-106354.49717604453,-379111.4169606854,250805120.11891556,-158153721.8035265,298.3902095371702,293.84721490062014,0.8006403212946875,4.071709375410313,44720.505
1998-04-01,56590815.86836992,338061.47625271016,-221132.97279293908,218790723.74598742,-166023883.8623504,298.3296442505938,294.50272013510204,0.8009932107884451,4.2465350109737745,42673.18
1998-05-01,-33433692.05509579,-144961.5397765737,67377.17019875874,125312853.79702976,-148433504.26575696,298.08813590042035,292.55614102240224,0.7857565384654503,4.176371307938456,42468.91
1998-06-01,-44422400.04710114,-216717.81524157326,27485.80196701514,86741625.84391633,-120164649.43548468,297.44394444155745,289.84167117968235,0.7644172479702798,3.86227499826176,37305.639
1998-07-01,-1677558.0599848852,-12819.168796148326,123274.94929584378,110933265.92805699,-105410683.81689788,296.7558955583154,289.432128865639,0.7494094320193064,3.619894465969883,30139.383
1998-08-01,38325501.59895596,-98521.00950308824,182571.13220898598,159402012.58043212,-115174575.41381149,296.98788598109405,290.56719217805545,0.7498556380183876,3.7009217768827978,31795.068
1998-09-01,87551799.78701007,-16280.981314696255,-243982.75892260432,224599165.45459187,-133179151.41819656,297.1255009691334,291.97938734186704,0.7595806753941359,3.923770186621278,37749.376
1998-10-01,87653557.98300976,-1633.1126449257426,-119586.28150584566,243325459.56731564,-147880389.30472273,297.2206474041791,292.7865621871295,0.7694062050092186,3.991499543706746,44220.26
1998-11-01,43437967.48814961,-414911.7109961843,-233137.16953918873,211029062.32160872,-153229238.17465258,297.21560020772824,292.9812510465538,0.779621701407381,4.02436238131065,50985.499
1998-12-01,43606892.00822708,-269239.6237076638,-231038.61174948665,197408234.40345877,-150289419.8520934,296.91903208427806,292.5591546892762,0.7856503727615858,3.8739139931087725,53940.815
1999-01-01,45217101.95171362,-64963.13785888982,20894.856594153214,201025869.3709253,-148101195.61130655,296.7018398235537,292.4905227898574,0.7905749239919182,3.7964399744870168,42880.457
1999-02-01,24538137.76436764,-336791.88302226167,-164577.80148789415,182108616.26092142,-160059837.78679967,297.6335786216501,293.2533012257692,0.7969155559873143,3.899672345038798,38730.462
1999-03-01,90491950.32286789,410478.55380855163,-54818.98333851076,247027231.73825377,-159669378.22755468,297.10645803359745,293.206099869867,0.8006403212946875,4.071709375410313,32907.415
1999-04-01,52791597.58235945,511890.868214748,-217564.60107318783,219527254.46189013,-161895714.40978336,297.00279348926176,293.2374081606224,0.8009932107884451,4.2465350109737745,32855.78
1999-05-01,-8346714.224812247,-4304.054171090123,-95339.28737084055,142470660.54684016,-143910732.4261774,296.7049210284584,292.0892214488513,0.7857565384654503,4.176371307938456,32728.844
1999-06-01,-45714481.497223884,-142901.26508305065,60435.95007016188,88156025.22860026,-119669896.08383568,296.696405109236,289.8626444109885,0.7644172479702798,3.86227499826176,30820.684
1999-07-01,8254987.922876805,-18869.219192051387,62866.407540547254,116014487.96975383,-106607171.57452244,296.04031792096305,289.28408163263146,0.7494094320193064,3.619894465969883,28028.512
1999-08-01,64063471.465241075,-100377.99899897717,82378.82403452028,178514212.41849226,-112319859.30519472,296.2991513309127,290.48730697568715,0.7498556380183876,3.7009217768827978,32467.583
1999-09-01,73788509.1303794,-97008.61131626485,-103664.37162950022,204166163.08121133,-132947513.47673285,296.6324407452307,291.3203904859057,0.7595806753941359,3.923770186621278,42826.519
1999-10-01,111180544.17941365,20390.73868882088,-371538.34208802256,273525842.59621483,-143552676.7828454,296.29008406386106,292.34593760756144,0.7694062050092186,3.991499543706746,50108.227
1999-11-01,151610755.94388872,56598.6997942966,-387633.8931575236,302677030.5138725,-146443050.68587673,296.14570412034107,292.8790275430461,0.779621701407381,4.02436238131065,61137.432
1999-12-01,46681484.24304578,-347574.7814250797,-124288.93341544678,204586468.05998212,-149936766.15714148,296.41510828314244,292.49360609205485,0.7856503727615858,3.8739139931087725,66046.158
2000-01-01,18623927.036392793,-327632.80880328955,-93793.47817782458,176999075.2909118,-149323967.41828856,296.85056692898604,292.12582841082246,0.7905749239919182,3.7964399744870168,60460.542
2000-02-01,17131356.279686145,-163175.52448896854,141201.76583762313,170340391.45095995,-151476896.13034236,296.8261627189373,291.846041342777,0.7969723225957936,3.9015966562374738,46369.052
2000-03-01,58497322.06862196,156119.25474652267,-125237.92936185581,209526939.87294334,-155701835.40553123,297.261737993505,292.30986544419005,0.8006519718739615,4.07234865273017,35063.734
2000-04-01,60631383.669396415,335064.89909323154,-384461.4618619731,217950355.85498625,-160972156.02786928,296.95561666777473,293.4418156056283,0.8009932107884451,4.2465350109737745,33941.954
2000-05-01,-39038899.06134794,-62659.389502909995,-22903.88511217827,113999367.69089095,-141869817.3130047,297.32081508466194,292.14225711601205,0.7857565384654503,4.176371307938456,32478.341
2000-06-01,-19262843.38001153,-72461.42512129826,103315.87172776528,99616342.68149039,-113895058.40184672,296.6646772263127,289.9588203269245,0.7644172479702798,3.86227499826176,27887.989
2000-07-01,-23374539.417401105,-122272.87843322576,245923.30367954646,84793237.11103584,-102662773.23689155,296.3402720652551,287.94522709637545,0.7494094320193064,3.619894465969883,26885.829
2000-08-01,29819512.70195158,-244249.07399915002,147913.63689292624,138089299.18059814,-107604365.33026493,296.58446423778736,289.6816990368049,0.7498556380183876,3.7009217768827978,28637.642
2000-09-01,61966702.71853962,-230484.24098389022,-194161.17892186064,187455786.35740817,-127778681.18041389,297.0302073266818,291.23918375599106,0.7595806753941359,3.923770186621278,34667.197
2000-10-01,109021768.51719142,-91306.97365408624,-256526.32116612437,254748885.3844112,-139973730.7333607,296.70091598617915,292.4359882776143,0.7694062050092186,3.991499543706746,40993.286
2000-11-01,118309070.76911998,2814.970853442108,-252493.65510192304,269015884.33399755,-151862215.18982762,296.3329999828947,293.19293817235047,0.779621701407381,4.02436238131065,52826.688
2000-12-01,74330943.84476076,-86398.4567027067,87599.07083523879,220535312.3032388,-145742732.09369075,296.10303900728354,292.34675832581877,0.7856503727615858,3.8739139931087725,55790.216
2001-01-01,51462703.75695692,-83192.17321788287,264895.3753220339,197182379.37990165,-140992806.01591188,295.9901898038513,291.1804990266062,0.7905749239919182,3.7964399744870168,50321.895
2001-02-01,41528352.12203732,-191443.72353372007,257363.40862389593,176951661.8990747,-150442293.66498226,297.20858242165576,291.98309168845947,0.7969155559873143,3.899672345038798,42317.303
2001-03-01,98290476.84333505,179432.77896954765,-290248.205474096,246293655.45322818,-157455921.68130445,296.7987751451552,293.54757706108,0.8006403212946875,4.071709375410313,36893.277
2001-04-01,30789922.614781313,218831.92016714124,-232807.6705085722,196401508.0017593,-163645097.4317538,296.93285106767115,293.7075892957289,0.8009932107884451,4.2465350109737745,40875.2
2001-05-01,-33286753.52528853,-95430.4426068791,-7576.630283593899,114975774.32028463,-143643981.83422953,297.28331029367774,292.1286672703765,0.7857565384654503,4.176371307938456,41929.929
2001-06-01,-30242939.407501116,-154355.32374926875,41934.82195536535,84552852.702348,-116104488.06606695,296.4055359250596,289.8619586866897,0.7644172479702798,3.86227499826176,38683.529
2001-07-01,-12007992.66911672,-64129.927786755405,228958.70115021727,96056606.10457374,-106631107.95259686,296.3119243894158,289.00240264410365,0.7494094320193064,3.619894465969883,34197.475
2001-08-01,4310924.2907825485,-70296.08364860386,247197.65412822075,107351640.08691908,-112434340.31283544,297.0175101487627,289.85215462553083,0.7498556380183876,3.7009217768827978,33273.594
2001-09-01,38960556.53740121,-243902.43497514934,-42434.73081603889,174784204.72795147,-135067502.72915155,297.0004463457638,291.6053401564085,0.7595806753941359,3.923770186621278,36129.752
2001-10-01,85274899.32161516,-202368.88252570096,-133602.5714943717,224338537.5735759,-146417670.2383421,296.98151880449916,292.6874417409205,0.7694062050092186,3.991499543706746,40654.708
2001-11-01,76867815.8468745,-198197.25060012948,-159201.22731528536,233631084.99621034,-155980993.3272638,296.5746085139835,293.24866885576864,0.779621701407381,4.02436238131065,51781.612
2001-12-01,53426394.67684673,-252300.1299348236,-97389.95913334802,199459964.19589937,-148622278.6374332,296.9025521398653,293.14153703978803,0.7856503727615858,3.8739139931087725,65386.672
2002-01-01,37406179.00839548,-57985.23834259022,184474.18456999358,191386016.63279647,-142595593.7928871,296.4854799403549,291.2237977212373,0.7905749239919182,3.7964399744870168,60041.606
2002-02-01,47021202.89904474,-235216.4873639986,53703.12857691391,184794374.81127787,-148402235.1531857,297.7221111032784,292.30274980042,0.7969155559873143,3.899672345038798,41707.73
2002-03-01,103036273.1279772,286827.9941516492,-267895.44674416044,258766801.36663666,-160286596.30163985,297.10637395341536,293.86465319821446,0.8006403212946875,4.071709375410313,37844.963
2002-04-01,65610197.71800232,333564.42563370307,-233149.95546796115,222249091.65906736,-163505254.73102173,297.17782119732726,293.92568401641114,0.8009932107884451,4.2465350109737745,42627.944
2002-05-01,-61536602.33970932,-82728.86673571062,59642.37490830639,86644658.5559794,-149712629.79805255,297.56563467008897,291.74573739928525,0.7857565384654503,4.176371307938456,43070.567
2002-06-01,-50887584.70950496,-77741.62536533308,11806.97117635993,74960732.78565337,-117204369.0977568,296.8977632554902,289.9302349735557,0.7644172479702798,3.86227499826176,35564.172
2002-07-01,-16924712.05254969,-189120.74084635323,34612.060390071245,85448726.19766268,-106243419.15699713,297.190832885263,289.6868267782393,0.7494094320193064,3.619894465969883,28708.782
2002-08-01,30754724.60978985,-192491.94315019232,59378.92160696763,137217790.9925218,-112048726.45710388,296.8984569560445,290.27298086984644,0.7498556380183876,3.7009217768827978,29292.875
2002-09-01,40886413.6162688,-193729.25323869515,-60274.41138986347,175406037.17653915,-136129329.7011352,297.03690571267464,291.8677204163035,0.7595806753941359,3.923770186621278,35346.747
2002-10-01,99687081.63346463,-171460.63354126763,-284732.8923830899,239523537.3949719,-141238011.1925047,296.78552143857036,292.573146624482,0.7694062050092186,3.991499543706746,43152.834
2002-11-01,101969705.99398343,74168.85343445146,-439431.8556251722,259785547.11972958,-153175620.51992953,296.3607031322905,293.2819749964102,0.779621701407381,4.02436238131065,54746.615
2002-12-01,62540313.98718661,-141291.52216607932,46201.587444779725,215096677.83936548,-148157493.6921131,296.6616101553515,292.42235564155897,0.7856503727615858,3.8739139931087725,63834.52
2003-01-01,23817115.16167724,-248608.12383935877,-33397.179258052696,170356967.67555594,-144173493.2207251,297.3285374401641,292.08560071170365,0.7905749239919182,3.7964399744870168,60826.666
2003-02-01,12680726.548215866,-207844.26376217106,-12846.111148205557,160153482.32723483,-152055927.3313251,298.06592817289174,292.6521945776597,0.7969155559873143,3.899672345038798,45595.092
2003-03-01,69765463.54771234,-129029.89493083369,-152665.0815953518,219667092.64976397,-160029711.49694622,297.5797622487993,293.82122836185647,0.8006403212946875,4.071709375410313,36929.661
2003-04-01,22935940.316239472,188485.9186416324,-87503.93356443016,192116949.9255119,-162526474.99909887,297.18048904701425,293.59527456826567,0.8009932107884451,4.2465350109737745,37849.64
2003-05-01,-30574821.299877644,3528.4469109572674,75538.87192199993,108029577.04856911,-142048190.17053935,297.54794677500814,292.01578778050254,0.7857565384654503,4.176371307938456,38761.499
2003-06-01,-28244593.609382957,-111659.62001216752,134641.36887799227,102075057.06558403,-116768930.17457995,296.42208013844464,290.52399521899093,0.7644172479702798,3.86227499826176,34055.499
2003-07-01,-29342905.36047913,-59662.08769998663,124684.83879471151,85371527.35255778,-108024166.12700473,296.2745391475464,288.9015145755807,0.7494094320193064,3.619894465969883,34533.366
2003-08-01,4908980.284989171,-142843.89143187623,287928.5696647652,112462242.74576713,-113292224.2094183,297.0472010998176,289.8998764763352,0.7498556380183876,3.7009217768827978,35015.224
2003-09-01,59355134.254852876,-171239.66711473765,-22450.321381635527,188432371.51262853,-133556185.42744067,296.9944215545941,291.8434269027902,0.7595806753941359,3.923770186621278,38479.722
2003-10-01,64722516.39649736,-143726.60223035206,-250252.73572026295,206280814.68261543,-148046244.84515887,297.33007074525966,292.7656489928276,0.7694062050092186,3.991499543706746,45005.997
2003-11-01,81394103.68076788,-134870.8468043979,-253678.3334634374,228631834.89019734,-152607569.98060903,296.9352112147357,293.2519436368665,0.779621701407381,4.02436238131065,51853.293
2003-12-01,38211004.20316841,-160821.4722320301,-31289.059669970622,198045415.01861084,-150426610.72501773,296.9261535816495,292.7328018451179,0.7856503727615858,3.8739139931087725,56248.688
2004-01-01,43343770.00272629,-93990.12161625456,72241.45253607127,190590061.14821142,-147203410.04700017,297.52274277793936,292.8975342482272,0.7905749239919182,3.7964399744870168,50747.218
2004-02-01,25273506.737006694,-158288.1458881941,84805.10139702825,170521978.85052434,-151622357.60497355,297.47726257647724,291.8591255088383,0.7969723225957936,3.9015966562374738,40833.015
2004-03-01,31836986.901685968,-203147.14199681574,-2523.5644928896654,178006426.07702976,-153805776.09514874,298.17617493057867,293.10613608562323,0.8006519718739615,4.07234865273017,34451.695
2004-04-01,45664719.06378798,201858.8022989284,-147582.93589312595,206263950.7884129,-156580630.3616499,297.1570866017951,293.6179026194217,0.8009932107884451,4.2465350109737745,33597.044
2004-05-01,-69376377.48870263,-68686.53203718748,26424.019149814427,74943126.74163802,-140334725.4193099,297.4110879734529,290.8993682841615,0.7857565384654503,4.176371307938456,33016.081
2004-06-01,-35535962.48643631,-127136.66396749273,36196.52035290978,79668271.35168236,-108759214.338575,296.73089474288173,289.14608458669835,0.7644172479702798,3.86227499826176,26432.748
2004-07-01,-11262209.358673513,-90061.9911769658,55926.078815462475,83830465.05672435,-101528746.22015822,296.5856556797997,288.14061764204814,0.7494094320193064,3.619894465969883,25539.265
2004-08-01,28850246.68749924,-138663.81354736158,90963.42286683904,140877764.30171192,-114023343.85647595,296.93047765796615,290.31320792879643,0.7498556380183876,3.7009217768827978,26339.567
2004-09-01,64260280.40206869,-71480.69999090009,-168825.4910253692,195393150.40659112,-133270119.64084107,296.8870222385035,291.7238724785151,0.7595806753941359,3.923770186621278,33646.747
2004-10-01,96930702.09845641,15640.780774035346,-304187.96477394656,234086671.0913307,-145504384.63803256,297.0368602899012,292.76213142390293,0.7694062050092186,3.991499543706746,39544.57
2004-11-01,102104401.92943814,185877.8782930664,-247146.63436728332,254640163.7405616,-151458123.84141463,296.5902414205747,293.37493997099676,0.779621701407381,4.02436238131065,51702.011
2004-12-01,64148469.082827374,651.4651150451391,122199.78213535497,201212660.57128856,-145877790.71193147,296.90929449187865,292.6399835969199,0.7856503727615858,3.8739139931087725,56104.376
2005-01-01,370171.3670826256,-32815.91324930353,132395.90015133366,146817887.97488946,-142734486.50772607,297.7249699553537,290.65720383430164,0.7905749239919182,3.7964399744870168,46713.009
2005-02-01,13830080.239254914,-319992.4944744,-70717.97839559516,155786330.62314764,-150060833.0736999,299.1348276817146,292.88296567023923,0.7969155559873143,3.899672345038798,34405.792
2005-03-01,70679270.67297888,116344.74182332645,-252679.70233738003,227380533.16336033,-163511347.2419253,297.90783569397337,293.9554000413172,0.8006403212946875,4.071709375410313,31179.533
2005-04-01,25032292.954229057,10892.06196483245,-176962.0566672358,176242919.6481866,-163192114.36663723,297.9466246457451,294.0211187307804,0.8009932107884451,4.2465350109737745,33549.25
2005-05-01,-13246854.811300904,-29000.713227452754,-84171.02381653209,135612992.82121137,-144747710.1425567,297.16867144806287,292.40171945218685,0.7857565384654503,4.176371307938456,33564.27
2005-06-01,-31891515.62856987,-109648.01537507423,76272.6433395241,86666006.70290756,-117537193.60028934,296.8064453453446,290.2313457781194,0.7644172479702798,3.86227499826176,32504.85
2005-07-01,-19369366.64954084,-105092.41525248272,160610.42731585342,81594242.31527983,-106557087.57501626,296.6926314043164,288.73780238154956,0.7494094320193064,3.619894465969883,30296.17
2005-08-01,29329346.33915022,-206303.8724549169,118282.65510710544,142254584.6452856,-112514814.76640601,297.0156448133424,290.3396679607047,0.7498556380183876,3.7009217768827978,27157.396
2005-09-01,76727772.73250574,-108869.75569781424,-131702.99097273193,194719811.93487895,-127690532.50840923,297.42990886521454,291.4831481000683,0.7595806753941359,3.923770186621278,35192.191
2005-10-01,96755036.81668642,30611.87662841467,-251852.01770810192,252037387.08676824,-143886977.5362535,296.8933556851445,292.62190067726976,0.7694062050092186,3.991499543706746,40328.965
2005-11-01,55167988.76500509,-297295.31141940504,-154878.02821097279,208394259.23799077,-154406516.60120094,297.10458597553185,293.10135891939257,0.779621701407381,4.02436238131065,48800.126
2005-12-01,42708329.13931161,-264742.6010262682,-245446.6208738001,193526225.1355861,-147887504.22557354,297.0621755125644,292.94721616871516,0.7856503727615858,3.8739139931087725,51414.203
2006-01-01,24339057.21043095,-152976.54787368138,-15621.04568134385,176421050.4196061,-147913215.52125907,297.4973017605209,292.5624533474001,0.7905749239919182,3.7964399744870168,41078.311
2006-02-01,56802280.74996172,-121384.66511919646,-169464.39714152744,210436799.18915358,-151157992.11678618,297.89764531482365,293.1408735806137,0.7969155559873143,3.899672345038798,34111.509
2006-03-01,72074364.6858066,169083.12506044592,-115788.29169822898,229228632.92924237,-158920330.6511834,297.2841064018344,293.60768702876294,0.8006403212946875,4.071709375410313,33621.696
2006-04-01,32414784.284597356,275665.04156712623,-211817.0735378096,202026145.3306368,-163984714.05265802,297.2176755614721,293.64463592141254,0.8009932107884451,4.2465350109737745,34872.035
2006-05-01,1618990.8350141346,-16570.45446228428,72337.35422989693,149882353.80817962,-137019653.1822612,296.8194779646815,292.44198796336116,0.7857565384654503,4.176371307938456,33670.861
2006-06-01,-61091130.27627525,-67935.168832011,77393.66589023716,71882045.88242112,-119250996.06756642,296.853737382842,289.92883434045757,0.7644172479702798,3.86227499826176,33267.358
2006-07-01,-15921688.12607257,-81557.11171382442,128790.85310107798,84638333.6601954,-106156253.02322613,296.7880628027476,288.9333884692584,0.7494094320193064,3.619894465969883,26768.398
2006-08-01,26876702.387146287,-148249.93878375652,139465.9095537181,131638161.47578181,-115376697.7223508,297.0410008115466,289.90507980195474,0.7498556380183876,3.7009217768827978,28316.184
2006-09-01,60243646.87766075,-116175.01993039074,-148123.81304597555,195352052.96897435,-133406734.01884982,296.9108995498018,291.7099768589541,0.7595806753941359,3.923770186621278,32617.267
2006-10-01,83179362.46044661,-137485.28439812898,-239520.37267948192,230797318.1021533,-147534172.22465765,297.3907708404668,292.9228956333789,0.7694062050092186,3.991499543706746,39452.453
2006-11-01,121704840.66295218,201815.18547106872,-253386.64094650437,283383850.7706995,-150463836.59198314,296.32027339087983,292.99333116729525,0.779621701407381,4.02436238131065,51070.417
2006-12-01,56892699.19133529,79400.19998490866,233992.75538185614,206864416.1374195,-143574234.8886557,296.5019390445627,291.7119906822357,0.7856503727615858,3.8739139931087725,62579.521
2007-01-01,28661389.517897584,22455.013409899228,264081.70675330574,161229651.41877794,-139188641.80732936,297.42660526426073,290.44955592310004,0.7905749239919182,3.7964399744870168,54986.679
2007-02-01,31585623.620104074,-76431.50709393341,132794.587385379,168607738.88536656,-146281487.85210234,297.968920742295,291.9559940296606,0.7969155559873143,3.899672345038798,40652.119
2007-03-01,31336620.899305664,-61861.319906554025,-224374.18936775436,178664698.53151044,-160145725.77917814,298.0466681840195,293.16031937199597,0.8006403212946875,4.071709375410313,36230.635
2007-04-01,37315460.48255425,155514.28344793024,-125348.5845131756,196500245.6497305,-158901418.928155,297.6504371085267,293.7691573635974,0.8009932107884451,4.2465350109737745,34250.366
2007-05-01,-23477513.12479175,72217.22626987963,-20172.1406056743,122185675.72295564,-141590278.09006327,297.62521456180787,292.29153371722276,0.7857565384654503,4.176371307938456,35496.53
2007-06-01,-19736341.238922045,-40985.73240408793,66830.0929775998,106243635.81530012,-119583626.71942829,296.34749783673493,290.20977182788135,0.7644172479702798,3.86227499826176,35116.867
2007-07-01,-8843822.954732083,38074.06037008978,203995.3900242654,96890224.99642475,-106072032.11315688,296.534164224665,288.9501214670662,0.7494094320193064,3.619894465969883,31736.928
2007-08-01,37443157.405867845,-27026.794430477312,29081.091386191838,144110698.7960462,-112006346.43971789,296.79960217359354,290.0624211960142,0.7498556380183876,3.7009217768827978,32225.194
2007-09-01,74280284.43187284,-101808.2995647334,-176885.6304913492,191400126.8733706,-129143170.75559947,297.10557476338045,291.4563212899244,0.7595806753941359,3.923770186621278,37677.979
2007-10-01,86676159.7870833,-24028.635951706965,-346281.551625388,238773584.13635832,-148153060.42143354,296.73202675458424,292.71574924360004,0.7694062050092186,3.991499543706746,46374.51
2007-11-01,95856690.5290245,72592.00129737437,-358774.2024104917,251204314.75651246,-152151845.64119342,296.6281182699538,293.1705581766557,0.779621701407381,4.02436238131065,56095.221
2007-12-01,41710844.959911376,-147679.2504034346,189816.83225176518,191583113.86414447,-146619024.8105946,296.61679083923156,292.1044834109325,0.7856503727615858,3.8739139931087725,61561.037
2008-01-01,29350939.693697587,38278.34605476452,162569.47451364656,180761151.86169413,-145771238.8892348,296.99360187235425,291.8651680545458,0.7905749239919182,3.7964399744870168,54442.95
2008-02-01,15500461.044391394,-51966.57998862136,134471.92020886607,163530123.08694133,-148674615.18082607,297.2882019483582,290.9935492838665,0.7969723225957936,3.9015966562374738,42930.163
2008-03-01,74017073.06982437,221483.26380812319,-230273.01179021737,220061448.8882559,-160431719.802261,297.1707673763868,293.2395827442495,0.8006519718739615,4.07234865273017,36492.297
2008-04-01,52396389.08131196,278648.10904857505,-310025.45369734196,225243737.31362692,-161532920.70683163,296.84767059056827,293.36379609289503,0.8009932107884451,4.2465350109737745,38452.804
2008-05-01,-28319456.60180983,-50509.4827068804,-56844.22097172506,118943738.2992419,-141014700.96701235,297.11295720343395,291.95776499300314,0.7857565384654503,4.176371307938456,37513.722
2008-06-01,-53763914.397809714,-27651.22174749519,90477.79456394349,79325887.7851058,-116853999.02869524,296.3410163181828,289.23673707377907,0.7644172479702798,3.86227499826176,34242.148
2008-07-01,-16835602.047126323,-105818.52432559851,164887.28678825893,80956626.74046944,-104785804.34673414,296.28983053153,288.34571492682494,0.7494094320193064,3.619894465969883,30673.487
2008-08-01,25261941.27228181,-142476.2186466022,-2448.233910764655,131212071.17306274,-110680623.07707718,296.9143620329833,289.8459585238828,0.7498556380183876,3.7009217768827978,31625.548
2008-09-01,16386200.710657015,-268907.8884143833,-49720.093788827464,136210160.0863306,-127225407.19560699,297.8247916540198,290.7176378900366,0.7595806753941359,3.923770186621278,38254.625
2008-10-01,76261272.18569289,-41974.63711788732,-195886.21090582781,215921410.55199778,-143337947.67838654,297.4219209572424,292.581230547554,0.7694062050092186,3.991499543706746,41780.865
2008-11-01,84627707.04412793,-202290.32938581804,-270599.4325502369,237449160.0473703,-154002954.4371525,297.04375221409157,293.33451918099956,0.779621701407381,4.02436238131065,50491.08
2008-12-01,44801952.137571424,-72692.77128029312,-8389.77464855765,196799612.83462697,-148694738.33170462,296.90216136269004,292.7752030736058,0.7856503727615858,3.8739139931087725,55799.597
2009-01-01,42374711.04724716,-111172.14266269002,57720.25890059874,189438300.66116178,-150118375.3560134,297.12622474959363,292.6247450651584,0.7905749239919182,3.7964399744870168,47749.237
2009-02-01,74546213.46787736,-43568.760601788556,-121020.83472543595,227179182.87542707,-157523745.86578122,297.3339633812302,293.2905651173179,0.7969155559873143,3.899672345038798,40805.076
2009-03-01,36518468.15748871,38761.00887860975,-125617.52894884757,191104583.5477479,-164311720.82231784,297.8773990021031,293.5220550382648,0.8006403212946875,4.071709375410313,39148.614
2009-04-01,36851994.2388021,300523.5403952535,-138419.94192437537,195607940.3395183,-160610743.7041722,297.277312088659,293.3680562560063,0.8009932107884451,4.2465350109737745,36476.401
2009-05-01,-9603671.856660735,46329.09924080342,-33097.28291797034,143214324.7740043,-147520583.68216246,297.1175107345379,292.63797440004925,0.7857565384654503,4.176371307938456,38453.839
2009-06-01,-29972400.257279955,-108651.81299106067,-2637.6385867201243,91187118.1992403,-119538654.40900171,297.1327504177186,290.5534432416854,0.7644172479702798,3.86227499826176,36985.465
2009-07-01,-38265148.66118555,-85988.35555170022,161855.10494624404,68038294.67572412,-107171162.57390967,296.8282949371964,288.52912545652424,0.7494094320193064,3.619894465969883,32297.503
2009-08-01,22983598.475373358,-212306.7448980468,35305.16979617035,128873420.10910258,-111516118.02565333,297.55931214156624,289.65544010173693,0.7498556380183876,3.7009217768827978,28890.256
2009-09-01,41294642.39910923,-115794.19172685713,-72241.66242022949,160951879.0028898,-130886996.96003836,297.93812044419485,291.43602212617844,0.7595806753941359,3.923770186621278,34671.251
2009-10-01,109246866.58798799,-18811.60144781554,-281797.76957844145,258959726.17717093,-146330979.65783802,297.26026407509886,293.09278787008617,0.7694062050092186,3.991499543706746,41340.457
2009-11-01,92866526.44567503,-34150.03226382694,-159472.25603737132,253064844.09929118,-155249137.65447128,296.8102098756931,293.37105911684023,0.779621701407381,4.02436238131065,52283.492
2009-12-01,74992500.59089108,-64210.47215304637,25423.712864937523,223375383.4382837,-145481667.86430526,296.89209799361686,292.9137125487592,0.7856503727615858,3.8739139931087725,59028.288
2010-01-01,22993322.14701949,-238262.79183817699,145801.79483075405,175516808.51838458,-150662099.41435844,297.64041947544075,292.8028943712278,0.7905749239919182,3.7964399744870168,52156.711
2010-02-01,91793861.0451597,-149370.64122001856,-55799.66147997216,228968195.54445976,-152500107.27325782,298.31857439233994,293.9330305701974,0.7969155559873143,3.899672345038798,43123.405
2010-03-01,84824285.21661548,68665.00315433874,-212014.72450527892,248419791.9474679,-163889973.16392085,297.9222919192427,293.99561745591234,0.8006403212946875,4.071709375410313,40267.134
2010-04-01,34688047.1678109,259245.77694407708,-353865.3169203963,196078447.00789255,-166060928.61372367,298.25146023990345,294.5411734322071,0.8009932107884451,4.2465350109737745,44257.551
2010-05-01,-29427256.337171808,31305.418732293285,-137861.511167261,121220823.13939121,-147777511.22593588,297.8919228129681,292.83578776057425,0.7857565384654503,4.176371307938456,43303.562
2010-06-01,-36458178.87873989,49899.715155801314,57671.01124082551,86750006.84880456,-115668873.06138395,297.05895064808925,290.46687333177704,0.7644172479702798,3.86227499826176,37766.072
2010-07-01,-13202833.995880544,-46797.493282681346,163425.66962098255,92728262.717816,-106482580.6814535,296.8786003120847,289.40915256614863,0.7494094320193064,3.619894465969883,33567.329
2010-08-01,2069094.8335565925,57672.02160261781,191777.83323733613,106948139.6810814,-111985282.86665809,297.4296067474085,289.0350402555297,0.7498556380183876,3.7009217768827978,32749.372
2010-09-01,42053023.347155765,-238809.04074788006,-165201.670513507,176066125.87419617,-130591994.1056473,297.58149079449015,291.2628727327938,0.7595806753941359,3.923770186621278,34655.979
2010-10-01,66102347.51597388,-165785.81469557615,-236722.52025313344,208485009.70045826,-143081908.3088901,297.7026665143765,292.58271645042345,0.7694062050092186,3.991499543706746,40803.076
2010-11-01,95173894.15349075,-107084.30472317163,-263480.2644773642,250684335.68074912,-152372165.6715079,297.043365566917,293.4384358037954,0.779621701407381,4.02436238131065,48184.167
2010-12-01,48050051.14507736,-197426.7513428905,146508.42028282734,197149083.25411287,-151032468.02240473,296.62919590400384,292.5311582774283,0.7856503727615858,3.8739139931087725,52613.728
2011-01-01,21728425.102071553,-139108.40477366262,163896.72139318855,165836355.77488223,-145457989.36155468,296.7345729900702,291.3324517185309,0.7905749239919182,3.7964399744870168,
2011-02-01,47469864.8030539,-125108.79152210247,-31759.177216009033,196452589.16348732,-153339038.26539218,297.3657109874358,292.86479249703814,0.7969155559873143,3.899672345038798,
2011-03-01,49817419.0173638,53523.82733764143,-25272.413851183635,196546516.91373593,-158055786.72828755,297.69452096845373,292.9178139643416,0.8006403212946875,4.071709375410313,
2011-04-01,38608922.792138666,270800.2273427853,-245234.85956322253,197708233.1450494,-163350442.73197365,297.5392839901671,293.9034773532477,0.8009932107884451,4.2465350109737745,
2011-05-01,-31925002.36414513,-51487.35640182186,4239.485936826488,107601666.8814969,-143152229.75751993,297.8885269598819,292.68218096339433,0.7857565384654503,4.176371307938456,
2011-06-01,-42799994.77606691,-139566.50691443082,166019.64115174089,79299142.55022869,-114441237.64166573,297.24312819706216,290.37125340702204,0.7644172479702798,3.86227499826176,
2011-07-01,-26048794.591310874,-160522.2470584954,162609.83972459802,74529128.15899952,-107156039.87667763,296.9310189252939,288.88536472118733,0.7494094320193064,3.619894465969883,
2011-08-01,23850442.55295223,-39853.90975344484,255227.2885002783,113662513.49583209,-109167073.32217334,297.1790931415949,289.229890330389,0.7498556380183876,3.7009217768827978,
2011-09-01,62035948.17259652,-78937.17652766686,-65969.79216858163,176999806.21291536,-126693027.06827718,297.38314941962557,291.1481578277953,0.7595806753941359,3.923770186621278,
2011-10-01,99478080.62437476,111063.81247363755,-306563.7872632811,257716381.67757168,-147490691.84427702,296.81658665290155,293.025740056654,0.7694062050092186,3.991499543706746,
2011-11-01,94968411.9745265,161862.3512877791,-143550.14023541112,251672845.77291766,-155024132.10981187,296.5759632622276,292.9940477870303,0.779621701407381,4.02436238131065,
2011-12-01,43808939.51176733,-67174.37878406743,36101.52354997289,189024040.6657793,-147969640.2411586,296.76214234779013,292.06439701223513,0.7856503727615858,3.8739139931087725,
2012-01-01,-3384054.8592069186,-341657.84358906513,146354.50923169573,139604623.4706702,-143056626.0978733,297.26480504181137,291.21562718597806,0.7905749239919182,3.7964399744870168,
2012-02-01,43327125.78621952,-285634.85554670246,73995.49154860066,186774234.58747053,-151203674.6234073,297.4168521581284,292.67701525788925,0.7969723225957936,3.9015966562374738,
2012-03-01,38976130.772679456,-44817.83402149487,-127524.04606013988,184525760.17419788,-157258121.215867,297.8563276751253,292.9849363239374,0.8006519718739615,4.07234865273017,
2012-04-01,-2579281.7334254086,157919.2873933675,-137283.45922567218,150259086.71959007,-157909471.48046944,297.533677874677,293.08012408493727,0.8009932107884451,4.2465350109737745,
2012-05-01,-3556718.2473062724,48980.34937299831,21053.411117997886,135872640.84294304,-136350936.94551885,297.1957791910805,292.14709951563276,0.7857565384654503,4.176371307938456,
2012-06-01,-34845036.94348195,-57625.81740240098,68414.87149768742,83668886.08985241,-116365525.06179082,296.83746097935415,290.0079792063254,0.7644172479702798,3.86227499826176,
2012-07-01,-26225609.643702563,-155587.42269937767,244229.7046361161,83225326.45068258,-103997122.24148585,296.6600856824535,288.6285591504384,0.7494094320193064,3.619894465969883,
2012-08-01,37424243.90261301,-68009.16780081776,134321.83527483046,130169112.92697036,-110479834.32267788,297.1289573260074,290.1558519986264,0.7498556380183876,3.7009217768827978,
2012-09-01,58602747.7533033,-119281.36604425561,-51420.89131379785,187213376.30922097,-130534627.51113044,297.2720801011669,291.7249274284325,0.7595806753941359,3.923770186621278,
2012-10-01,86454542.13810268,40408.09788119831,-268876.3760376449,231836751.69335914,-146839211.6598394,297.2787665600591,292.95758045938334,0.7694062050092186,3.991499543706746,
2012-11-01,79487090.92766172,33259.37747755673,-199634.02635645194,238110496.9648431,-155707850.28913754,296.8783240457106,293.5092011979508,0.779621701407381,4.02436238131065,
2012-12-01,74076761.45047894,79161.91211701382,15126.29305496678,222849142.800561,-148285486.163531,296.8415310438654,292.7484544030811,0.7856503727615858,3.8739139931087725,
2013-01-01,28461079.806049675,45496.045861982544,296569.0365295926,173794878.09724972,-145579307.66039634,297.85126483487846,292.61151700061276,0.7905749239919182,3.7964399744870168,
2013-02-01,-387394.2094928324,-154096.8531807001,55415.12898596394,155490624.94472572,-154946564.5348307,298.22319214938045,292.67956558008905,0.7969155559873143,3.899672345038798,
2013-03-01,113363194.18942033,409683.809627843,-289144.5564496558,255907238.067465,-154774788.54498744,297.63120348779154,294.01520031543134,0.8006403212946875,4.071709375410313,
2013-04-01,18150159.14045322,274721.8658680088,6378.337553883321,176840930.18070236,-158919157.79236645,297.522411871428,293.71966524258494,0.8009932107884451,4.2465350109737745,
2013-05-01,-58253382.64070377,-35681.195635076685,21513.458851846062,92648306.29502136,-140388980.55934662,297.6441920244784,291.92896344528896,0.7857565384654503,4.176371307938456,
2013-06-01,-54309908.628047064,-64349.58484844497,49521.6265678435,57992332.45525719,-111565984.38850854,297.28769268327136,288.7876774773248,0.7644172479702798,3.86227499826176,
2013-07-01,-9521029.450336754,-34327.356005265065,113908.52783725807,78071677.62127246,-99735647.51456156,296.87310962736734,288.2681625804694,0.7494094320193064,3.619894465969883,
2013-08-01,22809049.740592167,-109615.55564605165,177119.3176684852,111054942.50662698,-105329225.39194337,297.4182081894401,289.0489912707246,0.7498556380183876,3.7009217768827978,
2013-09-01,43265394.474689804,-120808.36059053376,-80341.89237419807,160962472.95982486,-128086455.8785888,297.6007168623889,291.6062488436956,0.7595806753941359,3.923770186621278,
2013-10-01,55850154.1300623,-59890.17687751516,-281763.82397262,207518876.8975914,-144087280.83359572,297.23594014002657,292.57816481197926,0.7694062050092186,3.991499543706746,
2013-11-01,77508301.5198243,-60583.669759967066,-333691.3274557629,223787771.48538294,-150727007.88411215,297.0424007776477,293.25678204570926,0.779621701407381,4.02436238131065,
2013-12-01,43792763.33320138,1355.530365038896,-103320.7316935957,193994522.84892344,-145362651.15120012,296.9049544237341,292.10586588586636,0.7856503727615858,3.8739139931087725,
2014-01-01,11145178.774591431,-154050.05716822774,148053.19914233437,145200116.37829986,-137380666.39716968,297.82296300400344,291.5856464102618,0.7905749239919182,3.7964399744870168,
2014-02-01,9107587.933825836,-194934.61258120858,150308.77284042328,149735746.82637933,-141139927.6497987,298.0443983048794,291.6941880292731,0.7969155559873143,3.899672345038798,
2014-03-01,70216204.35192287,146196.57965421863,-223139.9814546075,221119421.56353974,-156010718.1401723,297.6618299787049,293.60050535524164,0.8006403212946875,4.071709375410313,
2014-04-01,73650958.678442,374996.06337393203,-396547.71554361325,229892353.96425194,-156017604.4566678,297.1153941623856,293.8462551967967,0.8009932107884451,4.2465350109737745,
2014-05-01,-34806497.30276349,50429.96275159916,-14102.941436399036,113651161.8755756,-143614824.55655903,297.65105236938484,292.42683497957046,0.7857565384654503,4.176371307938456,
2014-06-01,-41094147.7376411,-55071.124474824086,33528.8823627572,70224977.57037987,-115546677.13853936,297.4854929203115,290.2942713260782,0.7644172479702798,3.86227499826176,
2014-07-01,-24611300.12363006,113759.20785136352,100089.91925027341,65036962.87259782,-104061972.932682,297.27666524927866,288.7762134689315,0.7494094320193064,3.619894465969883,
2014-08-01,42083828.10062522,-26685.62580240915,208063.58709589584,132455012.3983162,-110580748.62295467,297.30308925231265,290.18156228400835,0.7498556380183876,3.7009217768827978,
2014-09-01,46172070.140933365,-143893.81847655488,-35928.17996777392,173686291.76423126,-129063613.28553076,297.35311720943355,291.3021137878962,0.7595806753941359,3.923770186621278,
2014-10-01,69132060.65089203,-35142.60985536486,-185465.84276429634,206879717.94347122,-146962540.3815963,297.4497708915252,292.9501301497157,0.7694062050092186,3.991499543706746,
2014-11-01,72367505.40148959,-136601.8125272561,-462138.3872109696,230235797.2787946,-153265666.2162888,297.20109730596613,293.21679443084804,0.779621701407381,4.02436238131065,
2014-12-01,16318651.345730633,-311448.6991614273,72039.69238177735,169502463.24501267,-146946909.56674895,297.3319782887648,292.53594892770144,0.7856503727615858,3.8739139931087725,
2015-01-01,-21725900.93657733,-228601.69416557287,225587.96092111807,122743799.17467801,-137318739.27423537,297.528534635064,289.7756895088861,0.7905749239919182,3.7964399744870168,
2015-02-01,42371405.40657638,-112891.41839767844,-209594.65660421018,174473802.45204738,-143921457.3137008,298.2426419479653,292.62566878218354,0.7969155559873143,3.899672345038798,
2015-03-01,54329982.58698476,45403.41743197497,-317988.8909686987,197485371.5362532,-157511595.9308361,298.00379369452986,293.7637728193015,0.8006403212946875,4.071709375410313,
2015-04-01,57681837.984841146,163771.3039080664,-77173.23921667968,216412547.08085296,-157754786.73488307,297.2842037178387,293.59158961916984,0.8009932107884451,4.2465350109737745,
2015-05-01,-27115720.200801373,56228.22973409349,5993.13182395872,126248990.72465006,-147003193.61191034,297.62385206713327,292.66533111924446,0.7857565384654503,4.176371307938456,
2015-06-01,-36360191.298183426,-57994.267284621674,116757.99167600511,83246551.88072535,-118989867.0392003,297.02666895758375,290.67173483966457,0.7644172479702798,3.86227499826176,
2015-07-01,-34343050.91763293,-80246.13274856159,60290.11788030577,69703947.16891131,-109355689.68523361,297.5607340019892,289.5654938264087,0.7494094320193064,3.619894465969883,
2015-08-01,-295.7496951967478,-119752.12180558861,85682.47246304344,98782105.9443036,-113631692.25561355,297.8590377779751,289.7462760509765,0.7498556380183876,3.7009217768827978,
2015-09-01,41347894.2091199,-209930.51150915102,-100291.31093098171,157061897.16128862,-132457756.7832166,298.1182854060769,291.9136520058243,0.7595806753941359,3.923770186621278,
2015-10-01,94704475.59660478,50591.5687510782,-168816.99596569367,246188707.18741977,-149156543.47049785,297.56540890292996,293.51321922782694,0.7694062050092186,3.991499543706746,
2015-11-01,97291809.94158663,175726.67423305573,-410423.6300027307,260404017.31129283,-157261209.01855,297.1632290191841,293.6215119842305,0.779621701407381,4.02436238131065,
2015-12-01,35928326.73892689,53175.11165077465,187090.6939282738,196382654.82920027,-147524915.07801348,297.2234328373799,291.7267913863841,0.7856503727615858,3.8739139931087725,
2016-01-01,11513506.289839275,-215108.30448749027,152083.25809404254,163352381.7531139,-136563150.73046905,298.20789223652685,291.16296514577726,0.7905749239919182,3.7964399744870168,
2016-02-01,34307770.20194377,-380571.38634096534,-26648.121572959164,161929287.81503373,-140096432.26008815,299.04314150974125,291.80194870021154,0.7969723225957936,3.9015966562374738,
2016-03-01,65053715.52545777,-56779.02762792588,-327021.48388173594,226157478.7181059,-163128623.36657035,298.7901408219112,294.9951097426792,0.8006519718739615,4.07234865273017,
2016-04-01,71021618.55276415,430344.227863675,-186900.1249114854,236148753.2505622,-162501147.244404,298.02529349139985,294.52052711287314,0.8009932107884451,4.2465350109737745,
2016-05-01,-26589557.454331465,82671.97937195213,-22365.447735009795,123781141.88210988,-148135691.04303002,297.59802672650625,292.4153308382793,0.7857565384654503,4.176371307938456,
2016-06-01,-57353319.7998793,-12089.44195400596,18518.368480863406,71101738.63305733,-118448585.42932636,297.14982042404114,289.82972968642287,0.7644172479702798,3.86227499826176,
2016-07-01,-24268394.56219072,41575.42320365492,144799.92508131557,79796012.6106822,-105558968.99225375,297.0587914367371,288.9736575394479,0.7494094320193064,3.619894465969883,
2016-08-01,15936481.324322268,-101024.39135698292,63279.643693260325,113783723.422261,-115049166.94732091,297.70966340678234,289.8561590249223,0.7498556380183876,3.7009217768827978,
2016-09-01,34735568.594796896,-58483.49678689151,-114201.57067603027,155171817.25522113,-134216163.5950431,297.90215190937306,291.75622080441184,0.7595806753941359,3.923770186621278,
2016-10-01,36371026.53266285,-171715.2806289899,-270630.5525880194,185937670.38204122,-149541981.7906437,298.21446139781494,292.9126881075649,0.7694062050092186,3.991499543706746,
2016-11-01,65527358.84896188,-149875.0990841721,-250723.96485402505,221766519.02498376,-153267388.47565407,297.6295437210949,293.57969962122104,0.779621701407381,4.02436238131065,
2016-12-01,30864179.65920119,-103028.86262923165,-103359.56711603655,193496095.71975166,-150554831.68282396,297.61325466664124,292.8028837356393,0.7856503727615858,3.8739139931087725,
2017-01-01,-6907392.815752462,-237949.96400426648,42963.43651839209,140474612.17746544,-145283380.83433014,298.2202425468722,292.05561344978656,0.7905749239919182,3.7964399744870168,
2017-02-01,36680948.04881711,-14148.937191733217,139452.4967812358,179095108.70306104,-145104081.97142947,298.1941504266585,292.0992354858299,0.7969155559873143,3.899672345038798,
2017-03-01,60574307.52778566,286376.40572806116,-212565.87119299523,207063139.19856858,-155555258.9721277,298.090711305119,293.63238904867904,0.8006403212946875,4.071709375410313,
2017-04-01,48133432.90083775,394144.97479741415,-287630.2206716403,216832094.06395608,-163707197.8686287,297.78400664611445,294.12935153947836,0.8009932107884451,4.2465350109737745,
2017-05-01,-30307382.63640143,-13327.396213691914,48113.053899838655,114951494.06826738,-146712938.57386738,297.9740302431248,292.86540095383907,0.7857565384654503,4.176371307938456,
2017-06-01,-31717015.722900555,26016.784239142376,-28277.719892404733,87731595.92624222,-116926904.5195422,297.49544379582983,290.6538566687265,0.7644172479702798,3.86227499826176,
2017-07-01,-3289176.867765859,-57226.18998390624,138434.0907441899,94986096.68134175,-107296075.27952452,297.0373797468847,289.7778787847424,0.7494094320193064,3.619894465969883,
2017-08-01,22889828.40070288,-18546.170367167542,63133.117589912436,131960760.71025378,-113649814.87713832,297.27797800547796,290.3982974600759,0.7498556380183876,3.7009217768827978,
2017-09-01,44046120.32340215,-29168.341429183427,-47039.169347132425,168492978.35653925,-133881106.32058762,297.67829917295467,291.7813765121669,0.7595806753941359,3.923770186621278,
2017-10-01,75454434.50236633,48658.83395274708,-365793.33235749224,231959921.4389159,-153724386.3879861,297.65766417914926,293.4762926317832,0.7694062050092186,3.991499543706746,
2017-11-01,90842914.69331823,105114.81275720595,-226899.38856155996,247323566.1442897,-156615796.5781349,297.0719876579906,293.4935664726802,0.779621701407381,4.02436238131065,
2017-12-01,38111554.27596322,-109544.17076596903,-74204.22240588976,193589623.9570626,-145436656.9674484,297.60609689032884,292.9505368793527,0.7856503727615858,3.8739139931087725,
2018-01-01,12468828.034936197,-100496.3706531206,149461.55350748444,164330330.23976535,-136115332.4009856,297.1967025983267,290.5524423797071,0.7905749239919182,3.7964399744870168,
2018-02-01,52964368.92774351,-125064.42563595026,-272249.20603191236,192007446.32462066,-148062359.00171688,298.3345927686261,292.96398896411876,0.7969155559873143,3.899672345038798,
2018-03-01,51865920.309545524,50139.94955938305,170793.8863225611,208263439.4281597,-162207374.63820064,297.659188408937,293.83197454435395,0.8006403212946875,4.071709375410313,
2018-04-01,66733272.6246611,185704.82292379945,-119529.74138986661,224445603.7826907,-156201042.89359668,297.3311888640267,293.69570310721053,0.8009932107884451,4.2465350109737745,
2018-05-01,-11474256.069981068,3121.730181382998,-69857.45683931852,135103083.48225048,-143886841.5136771,297.46154200088245,293.04999720218666,0.7857565384654503,4.176371307938456,
2018-06-01,-46389065.47859131,-24685.336116964943,22801.23321413486,71155363.46650162,-118003738.12586883,297.0646852140746,289.68266226562776,0.7644172479702798,3.86227499826176,
2018-07-01,-33269411.549395487,61988.099167973705,65945.03764631905,70678679.78821333,-104469774.89644487,296.9157013583927,288.73213812944556,0.7494094320193064,3.619894465969883,
2018-08-01,16185477.45567818,-143899.3764429454,138660.71820636868,120959045.91631962,-114368872.29577552,297.5079455613083,290.3695718178158,0.7498556380183876,3.7009217768827978,
2018-09-01,27680281.505399555,-317782.8165802733,-93049.11568277495,156694596.0325738,-137530739.17997965,297.8655872437718,292.20832613869584,0.7595806753941359,3.923770186621278,
2018-10-01,63234267.53963548,149097.78524878446,-145981.28712888793,205104964.3227927,-148543573.28175637,297.67508088235877,292.933418445652,0.7694062050092186,3.991499543706746,
2018-11-01,66956071.92094552,20068.08479468165,-202004.2828826842,214675685.16971785,-154435391.55569446,297.7877687229378,293.5376875578746,0.779621701407381,4.02436238131065,
2018-12-01,62460237.68311259,13213.191518401334,57143.56089226696,204536514.25088114,-142113661.71017078,297.2825079852231,292.7060805102059,0.7856503727615858,3.8739139931087725,
2019-01-01,18490696.732896537,-140651.18850814516,143646.8773650854,159254010.98074004,-144598937.5740998,298.1018852743327,292.8518878078276,0.7905749239919182,3.7964399744870168,
2019-02-01,41784635.12738797,-269889.3525623323,-63751.60438595273,176310946.5732317,-146694163.62238073,298.69945508815454,292.6499834412697,0.7969155559873143,3.899672345038798,
2019-03-01,12915522.634881854,7786.3666952921485,-155249.59782388058,156467016.45035744,-159462895.3185173,298.716524086971,293.69525259017973,0.8006403212946875,4.071709375410313,
2019-04-01,38379363.51617716,206788.83163592714,-218589.5753276347,189915531.42605457,-160353496.20159203,298.52109006483215,294.4405454946184,0.8009932107884451,4.2465350109737745,
2019-05-01,-3643373.6344564334,192178.4090441216,-30604.97037151076,141839002.06735635,-143593154.964218,298.0844529477189,293.51806761418527,0.7857565384654503,4.176371307938456,
2019-06-01,-43929001.98252743,40944.64316933704,118734.31051681898,76489714.17637572,-115802333.40820685,297.12216657787604,289.76804280143443,0.7644172479702798,3.86227499826176,
2019-07-01,-4764057.010351345,-2380.475355904553,72160.25457811059,91060187.26567642,-106270815.94169119,297.0797489394111,289.3049526286139,0.7494094320193064,3.619894465969883,
2019-08-01,26958839.636806026,-108889.41685537246,46961.62883715755,129717862.09623407,-115225145.44976601,297.41047000695454,290.5702323974609,0.7498556380183876,3.7009217768827978,
2019-09-01,50838565.84019791,-69607.7545575213,-100897.30408756022,172982931.49083,-131960120.98260911,297.90058862307706,292.1276234585105,0.7595806753941359,3.923770186621278,
2019-10-01,118080352.2952762,371791.9610475505,-590356.3766050434,277763155.4714198,-146112277.12512952,297.106331129843,293.34458704169316,0.7694062050092186,3.991499543706746,
2019-11-01,82872340.81466325,10550.85772129256,-72466.49769872113,232293665.1786463,-153203965.12703866,297.5665715021962,293.7929600687603,0.779621701407381,4.02436238131065,
2019-12-01,72333008.75350796,138427.22360489337,134246.66921987626,229789085.0198822,-143643383.00574267,297.2909295177335,292.9819764313856,0.7856503727615858,3.8739139931087725,
2020-01-01,17284679.417041857,-70226.1167735587,243051.19690194965,165692221.82533157,-140572471.66003737,298.04385342258666,291.1108868715755,0.7905749239919182,3.7964399744870168,
2020-02-01,63571836.0626986,-126355.80624834524,42516.69294009046,196786221.10166574,-142727360.82499254,298.76993004107516,292.16669769649275,0.7969723225957936,3.9015966562374738,
2020-03-01,100843317.17360511,118421.22413578679,-61164.369554979756,229935121.04356632,-150731474.7718811,298.55568211051224,293.8984361964004,0.8006519718739615,4.07234865273017,
2020-04-01,80640024.43744642,158467.2378865601,-145396.66412815085,215069184.80412418,-158359758.9174587,298.2395021896484,293.9067276274445,0.8009932107884451,4.2465350109737745,
2020-05-01,-13555483.522891492,-36786.86460982921,29678.274817845588,121660832.09221682,-144615799.84745026,298.13801752492753,292.65599290513757,0.7857565384654503,4.176371307938456,
2020-06-01,-31929440.25823714,133612.27821689768,858.7321115906525,78230923.32294719,-116203974.49864447,297.39412783665733,290.24065318842787,0.7644172479702798,3.86227499826176,
2020-07-01,-10863250.88269183,101433.99612068437,131635.0807019926,88961582.53296374,-102475180.4665915,296.7414463867071,289.03362389413957,0.7494094320193064,3.619894465969883,
2020-08-01,19216432.398960046,-57798.99200732981,85546.53839988471,114644299.91704634,-113436014.7697148,297.6521275173569,290.7289122831204,0.7498556380183876,3.7009217768827978,
2020-09-01,44170011.473410964,1130.9408677053725,-94605.37864203597,174316955.0038646,-132650097.08835438,297.65528429879936,291.5769794262546,0.7595806753941359,3.923770186621278,
2020-10-01,62304196.31059389,49005.47754757275,-296998.7607179176,206846800.37785822,-147683504.45222336,297.7837732299255,292.9942485236591,0.7694062050092186,3.991499543706746,
2020-11-01,70571905.50971532,-139097.56330926134,-283652.37048646936,225301831.35645548,-153659527.22616464,297.56282230819926,293.1411203532826,0.779621701407381,4.02436238131065,
2020-12-01,43446274.900549844,-134995.4022552708,21465.039447725285,186027071.4657544,-142122124.36178935,297.637729699114,292.4321009622553,0.7856503727615858,3.8739139931087725,
