"VAPOR_WATER_FLUX_KG/S","CLOUD_LIQUID_WATER_FLUX_KG/S","CLOUD_FROZEN_WATER_FLUX_KG/S","PRECIPITATION_KG/S","EVAPORATION_KG/S","2M_TEMPERATURE_K"
130005466.24,97182.16,-207091.35,24563413882.82,-12314653724.51,296.42
136312827.17,256682.44,-141221.03,24509761668.97,-12627275497.37,296.70
121695525.26,339344.94,-475299.25,24839492936.47,-13645392039.12,296.81
126417861.14,540120.10,-240249.90,25360048130.17,-13341927142.65,296.69
8195271.30,254813.04,2045.11,15031353797.39,-12664098083.92,296.65
-34028246.51,-44678.54,40075.78,9981706555.91,-10547773200.50,296.02
-34797731.93,-231251.86,106588.81,8288879304.04,-9619320272.61,296.05
26101042.74,-182672.17,105415.35,12691392091.03,-9996378891.78,296.65
20942058.12,-337492.81,-130289.05,14499821222.49,-11996112476.27,297.01
124865556.53,-65302.92,-488005.14,24083107494.13,-12682388561.56,296.75
149935996.68,199618.23,-356254.31,26942650487.99,-12908544427.94,296.16
94038361.51,11275.35,-104272.85,22225860471.17,-12659612274.17,296.12
52649864.02,-181789.41,-30372.02,17833423054.34,-12717047397.40,296.93
88220049.42,-262135.57,-235076.53,20140828378.09,-13005769370.24,297.28
97704126.53,118511.14,-185683.58,22349015426.29,-13880004214.41,297.21
88656945.17,312492.29,-130219.28,22294189557.79,-13708112209.40,296.94
10445275.68,125791.62,111989.95,14080373618.48,-12117944199.87,296.75
-40689969.72,-156323.38,134191.05,8148019340.51,-10387835310.46,296.46
11628250.99,-150873.95,197275.35,11671451610.42,-8812081167.00,295.96
29889562.49,-200692.22,27711.85,13030633191.43,-9743955266.02,296.64
87778654.02,-43886.76,-123362.94,19356613380.28,-11586022992.30,296.75
118055218.39,105486.62,-337151.19,24056707925.57,-12951012880.98,296.64
146038920.19,164622.44,-340962.33,26338090351.83,-12853045437.66,295.98
77391645.21,72059.39,-6442.03,20610624027.12,-12843508422.67,295.99
59786248.40,-204875.55,-102351.56,18441364750.53,-12565546721.72,296.41
31019134.08,-158958.43,169558.28,15916648445.12,-13243565583.10,297.27
152722922.90,383933.56,-382849.01,26100292900.31,-13384010694.41,296.90
34888758.94,129810.60,-81621.49,17573798490.18,-14083602037.17,297.17
1254214.26,-38361.26,-68776.78,13638178627.76,-12039351837.27,296.70
-41885248.43,-111825.50,-33410.70,9300432527.16,-10371302539.56,296.45
-7840308.67,-80186.83,120897.87,9997885897.19,-9288719458.34,295.80
45096637.65,-154595.13,113146.56,14163317576.95,-9932703365.86,296.40
80421694.54,4630.26,-126991.60,18970568418.77,-11681187200.38,296.54
133051083.41,189258.98,-350728.01,25541720290.31,-12626646940.55,296.46
78924676.33,-136764.59,-244826.65,21218780873.98,-13149376566.70,296.40
85554154.37,-41980.24,-59163.84,20784232123.50,-12688787798.05,296.50
81814920.20,-29065.13,54085.32,20138428225.03,-12694060612.98,296.51
49464373.65,9432.53,30823.92,17647618814.70,-13516445048.83,296.98
76077914.98,54696.82,-460405.34,21188157960.31,-14271093736.98,297.21
85186181.98,254296.83,-148588.20,20875468273.80,-13793079381.38,297.00
45237243.06,142036.19,-155107.84,17759261818.92,-12480521901.79,296.56
-25243657.10,-113075.71,-36747.09,10538889584.36,-10570070128.00,296.37
-26892201.28,-178272.42,63417.75,9215849314.69,-9538059245.14,295.95
35604147.84,-104677.38,21990.86,13755069716.34,-9871080673.03,296.42
93275157.30,-83934.09,-63892.59,20167272374.84,-11354623594.73,296.65
162262785.28,332324.09,-430990.35,27149999106.59,-12349038059.41,296.02
133101230.18,189820.00,-116853.39,24972284914.93,-12950002108.64,296.01
52935794.97,-176977.77,-68005.37,18149734730.35,-12408426206.25,296.38
-3691211.53,87781.29,222263.07,13955210954.60,-12437766877.49,297.18
39141720.50,-190778.27,93943.36,15905410622.45,-12647007458.15,298.31
82330863.63,12386.16,-248347.23,19850888090.38,-13258534917.87,298.33
49405243.57,73855.40,-370265.63,18761315594.86,-14251121470.95,297.78
-7353928.08,6916.95,-62948.43,12859869730.20,-12756336996.92,297.72
-19706826.41,-213140.06,52759.49,10524688390.54,-10611636913.08,296.82
-8307269.59,-147245.94,83679.20,9843240192.70,-9596621835.62,296.50
19245614.06,-89358.05,89447.54,12758245086.28,-9935532284.63,296.53
36900592.32,-289522.98,-87684.24,15112396943.43,-11405150880.35,297.16
130671474.20,4500.50,-286588.68,24577373237.58,-12609038935.51,296.38
123726399.05,30722.71,-317219.52,24327552007.67,-12992224068.63,296.29
64986666.29,6185.74,85862.19,19710753325.75,-12900935960.77,295.85
32559248.09,13441.12,90621.88,16736206182.92,-12404735292.14,295.90
57959117.66,-41354.10,196851.72,17765787545.31,-13277877293.92,296.95
86105022.25,291304.97,-327929.47,21886230447.27,-14213566291.00,296.99
45182996.76,369457.55,-169931.04,18901085793.82,-14136792952.44,296.89
-23301925.43,-38348.45,-52684.10,11650185457.82,-12545356146.13,296.76
-34284412.34,-116686.91,48597.73,7862947369.90,-10350687721.39,296.38
-1168135.07,-165110.41,70501.67,10212295781.40,-9176449493.68,296.00
32055359.03,-126771.08,56320.66,13059599214.24,-9766676026.58,296.66
58410075.03,-164213.11,-54972.06,17123703284.31,-11395483777.00,296.57
113928544.84,51968.33,-324255.86,23199379597.47,-12888717817.02,296.59
154117722.46,319611.36,-492766.43,26938548141.33,-12760746402.18,295.82
89649161.27,-74891.22,-105979.36,20758983238.95,-12538804703.07,296.01
68316282.61,-193641.89,26820.44,19001518288.67,-12825949154.87,296.64
29284945.42,-85206.49,294033.43,15787676873.88,-12691312795.10,296.63
112349984.06,332198.52,-192055.46,22131468824.22,-12989592659.64,297.34
106690301.91,492281.22,-489824.23,23648082203.95,-13264045409.97,296.26
28398091.24,223347.41,-114769.93,16157812593.77,-12401912107.34,296.32
-40239413.59,-80995.69,177135.15,8424888971.28,-10265547084.46,295.92
-9800393.26,-174111.77,-16779.44,10289255249.16,-9235074634.75,295.60
32383939.70,-78740.70,-26877.88,12586381231.11,-9686043693.36,296.27
96229351.60,20869.32,-157121.16,19600898341.71,-11137463927.88,296.29
143201224.39,161279.16,-404800.29,25675958951.98,-12126976369.39,296.34
137030846.80,164609.15,-600400.12,25163778376.51,-13154572057.85,296.05
89059711.28,-54577.51,-106472.24,21392210107.16,-12748001212.34,296.18
58360204.89,-40005.35,141307.24,17599677478.60,-12394450864.46,296.59
95586225.50,165214.98,-162083.37,21036010219.11,-13304175836.67,296.87
139360446.24,422795.69,-471988.89,25548689432.72,-13698917238.53,296.40
69244479.80,403164.12,-354777.89,20610628086.08,-14004876015.35,296.99
4970831.81,182298.69,-132494.88,14057748851.42,-12877434699.40,297.08
-35794117.13,-82814.55,62119.36,9530021167.50,-10704966713.88,296.11
5989501.51,-40889.22,281805.54,10687307777.48,-9146540951.79,295.80
8476213.26,-374636.59,-25827.12,12191405798.60,-10317907188.43,296.83
92665637.96,35514.98,-102457.35,20165999443.48,-11597226717.13,296.70
185172454.00,292628.57,-508338.28,29659200980.92,-12637894021.56,296.27
158614782.70,204867.23,-444328.22,27306388761.12,-13203802544.99,296.17
88251413.60,63419.48,123539.83,22429845700.50,-12702700832.94,296.14
73381134.57,-118460.85,157442.66,19218820277.18,-12441057195.06,296.86
112271082.96,-27959.42,-135079.04,22419039704.29,-12820408840.53,297.27
125861179.37,121591.86,-358704.00,25186231941.58,-13902076119.36,297.57
71656390.59,65979.95,-306513.55,20869454186.05,-14176134215.26,297.45
14821053.03,96593.81,-40177.72,14979600931.78,-12654673585.82,297.54
-39886592.68,-50961.69,87214.52,9277051051.35,-10636082972.24,296.55
-43418952.26,-242561.08,41752.36,7948463090.56,-9791810335.34,296.96
33423274.42,-198693.15,101438.72,13648753816.94,-10325157106.88,297.15
87136256.61,-9337.42,-126049.75,20134663630.46,-12015381513.18,297.13
123260996.01,206760.82,-306859.28,25101874335.98,-13242754066.50,296.95
119557936.87,79663.72,-275606.75,23655057966.87,-13334080558.22,296.87
42124438.29,-158400.38,-139874.36,18312122007.53,-13301615597.90,297.20
86241432.30,204549.08,153864.50,19925702455.27,-12278675537.96,297.03
62532677.38,-40550.37,-111615.48,18439859707.96,-13421123613.57,297.96
95550464.24,205315.57,-258502.05,21885787988.71,-14108753632.34,297.54
70304714.17,287942.47,-255930.61,20556039466.97,-13950477328.29,297.48
-26507187.67,30769.23,-28294.75,12150769851.40,-12879490798.32,297.27
-12970628.61,-34414.36,-44024.11,10746710701.52,-10739935437.21,296.60
-2883670.68,-50321.95,171255.30,10830578463.31,-9736612286.49,296.06
58272357.75,-42193.03,39334.01,15704649780.00,-10287908213.65,296.48
90363667.03,-63074.36,-213513.87,20707233069.89,-11823179606.95,296.60
143434549.40,43399.17,-362125.84,25618262070.35,-12772027215.90,296.67
142321262.91,126029.80,-261929.59,26140974578.02,-12895338042.89,296.30
109215162.99,288760.44,-233403.76,22263880150.34,-12561971419.61,296.20
-6151927.02,-163152.25,377487.23,13064382702.93,-12303932903.82,296.31
21144213.84,-23698.03,166616.99,14497281098.10,-11833342478.74,297.25
125497543.18,345981.72,-290730.52,23083256956.27,-13119052262.58,296.75
59289760.35,380619.56,-101892.40,19121949651.73,-13853258268.25,296.94
30984560.32,178106.23,-79296.62,16136428533.98,-12352151637.43,296.38
-51646340.80,-130859.10,30225.28,7713805898.97,-10891670903.82,296.49
-21693947.29,-226911.11,132591.87,8447604327.19,-9555289925.60,296.06
42691051.14,-228352.08,-30341.75,14064998304.69,-10360714642.39,296.33
58507704.55,-18427.95,-108960.37,17627050098.52,-12016096677.94,296.86
137798827.59,151471.75,-303552.23,25053544463.26,-12693203668.07,296.47
94325254.85,-164141.61,-363722.29,21318934969.86,-13461837870.62,296.94
62672312.51,16094.34,65763.21,19498273553.46,-12784788185.30,296.59
37319749.01,-250534.92,113749.44,16365462317.41,-12934338016.95,297.14
94707815.61,133710.42,-97059.75,21640124900.60,-12937066147.54,297.18
79373408.55,13438.80,-88428.29,19472669686.16,-13532982674.94,297.65
34103862.75,185445.64,-124756.88,17457350674.84,-13957530284.09,297.71
35617595.14,233311.41,-116375.28,17400280456.96,-12820695430.70,296.85
-48888122.44,-175171.60,5420.37,7711043019.00,-11090890282.13,296.96
-29643270.40,-204105.13,145704.83,8713108817.69,-9768399462.43,296.32
49927300.49,-138652.82,-32098.31,14402892277.65,-10008559479.79,296.56
85086840.20,-40495.94,-237841.27,19560507563.92,-11644967712.20,296.75
102500340.67,-8390.53,-431338.71,22721972274.94,-13040672764.01,296.85
88919696.54,56912.31,-354629.80,21518270246.74,-13454353216.48,296.85
112950141.16,221472.11,-165440.38,23204150133.49,-12920313305.20,296.53
53014092.36,-259229.82,-12615.38,18226361675.67,-13055000165.27,296.99
47452230.78,-79654.29,-17493.72,17144892316.44,-13551470649.28,297.65
67116992.69,98371.38,-258464.88,19752626583.26,-14187577233.98,297.72
88931727.74,350543.46,-364067.09,22089857925.65,-13932194912.30,296.77
67282823.83,74737.94,-57602.41,18453949840.49,-12163922153.71,296.97
-36711988.28,-188787.03,73372.04,9597659680.16,-11096728119.09,296.82
-3611511.40,-92699.24,191597.86,9958401689.18,-9888394094.90,296.10
20612663.89,-113946.66,87859.30,13192625953.99,-10563814336.50,296.39
56039744.99,-206316.91,-71410.91,16545151370.47,-11805944001.84,296.94
141764109.72,272823.07,-303694.39,25505600018.19,-12584899225.20,295.84
109569638.09,-24814.75,-264082.31,22639485127.43,-13235075291.74,296.25
42281488.45,-110520.75,169464.55,17056909825.88,-12696201106.79,296.53
41682639.03,-80244.96,-85811.56,16412101081.85,-12358759440.60,296.84
12306252.92,-79323.96,-56932.09,15577454206.33,-13209848389.29,297.24
78379789.91,35921.23,-266471.81,20117763712.44,-13502231720.99,297.88
99890760.05,259713.06,-240595.66,22230887460.60,-13892601638.06,297.16
22652233.23,-49247.10,38637.27,15581572652.26,-12626601776.39,296.81
-13745418.67,-192551.16,88826.85,10639005108.09,-10557217657.87,296.20
-10079988.94,-132646.21,107348.50,10028631206.50,-9579940173.76,295.67
15221950.77,-166561.43,140365.94,11815909145.28,-9833461149.05,296.24
63868439.89,-174284.32,-102109.92,17293146777.71,-11324718605.62,296.69
134753123.46,142587.73,-333975.58,24682804487.13,-12307129365.32,296.39
99710853.15,-111310.97,-306127.28,22856837812.91,-13054713024.25,296.14
40504028.09,-367348.98,111780.32,17753619763.02,-12758172022.17,296.39
54912189.10,-48641.29,74635.49,18489687765.77,-12703344457.33,296.41
45399907.42,-56029.18,32717.54,17537047146.07,-13054353645.96,296.89
92394389.54,173523.18,-283776.88,21730411196.41,-13908813382.24,297.04
81949814.65,335626.21,-367845.89,21172665703.72,-13827785558.04,296.95
1091597.05,-70802.32,15982.81,13533660448.09,-12819914707.57,297.24
-7027894.45,-79898.87,-23375.51,11109934792.23,-10499834279.48,296.44
-15029781.30,-178676.49,5603.62,8942759887.59,-9455651306.00,296.36
39410631.25,-157575.07,-47971.18,13868319424.39,-10153844315.18,296.48
48823194.02,-206705.45,-121786.77,16117559238.80,-11595467979.51,296.75
96813244.08,9518.36,-297508.83,21595004229.98,-12754581993.92,296.98
121318590.39,74012.82,-332684.18,24255824200.01,-13196335653.88,296.58
48365097.71,-196907.23,-192955.03,18896382535.60,-13019476906.80,296.82
46048212.90,-187528.78,224735.54,17585465018.74,-13056041052.72,296.94
24555757.62,-60187.89,147155.58,16139140299.95,-13175983464.59,297.24
60173103.01,194663.95,-280278.93,18935879655.23,-13982857741.22,297.61
69360678.89,212729.94,-440596.31,20576876167.53,-13983209737.80,297.25
16454300.72,53398.64,-42485.27,14986198654.41,-12421999538.81,297.03
-25109.06,-29141.64,43218.49,10791696576.89,-10242823929.61,296.25
-1959370.75,-75038.66,99962.38,10812052665.57,-9570207719.60,295.99
55034659.52,-50832.12,79357.43,14834569259.09,-10024726749.59,296.47
95735818.34,-12488.85,-96501.15,20263830078.01,-11454824170.83,296.87
157925723.52,320659.58,-499219.65,27007519732.89,-12528931723.19,296.26
134917365.31,211314.66,-320600.33,25672246162.58,-12767906002.52,296.29
76719058.48,27833.08,-135038.20,20873927805.20,-12765498826.49,296.55
38739391.27,52975.84,-47661.43,17051742038.93,-12540750972.90,296.98
84526703.26,-23834.90,-64191.69,20463221206.31,-12749094214.23,296.88
98751456.47,178881.83,-455021.80,22318151655.28,-13865499021.56,297.35
56334363.61,398005.52,-302600.82,19221674505.24,-14100552282.29,297.42
2749829.52,112613.28,-76405.25,14108913356.90,-12487383234.35,297.26
-24667694.39,-116862.05,-16819.04,9780857216.26,-10567548200.38,296.66
-2184256.57,-37569.73,-10045.59,9714600374.41,-9515097999.69,296.38
7993140.80,-338074.48,-19913.31,12062696486.32,-10365231710.70,297.10
69847111.51,-128714.32,-112335.09,17507271197.91,-11498049501.95,297.19
126228637.25,192362.86,-441065.92,24460709799.84,-12379071260.22,296.65
82440620.42,-129941.96,-210470.11,21578090300.46,-12970324178.38,296.79
36571905.10,-170405.56,-70118.51,16836035088.11,-12683941499.77,296.64
30703379.95,-71736.69,78852.18,15159978517.94,-12606204542.98,297.06
75631225.42,53750.74,-24848.52,19261282712.83,-13095543212.05,297.19
139862249.48,427228.34,-635254.42,25395633846.03,-13715472288.87,296.92
36200778.25,234677.91,-190596.27,18159182217.20,-14285694019.57,297.02
22957709.71,24948.03,-67783.33,14675012451.69,-12020042305.76,297.04
-40052785.83,-110846.63,123989.82,7976560639.64,-10439268744.68,296.38
-24425574.19,-167772.21,229432.29,7630364763.22,-9290698727.16,296.33
15076196.14,-247967.33,122906.87,11150076321.13,-9913725580.31,297.09
62863437.59,-160573.64,9887.41,17641837097.95,-11612922034.47,296.96
109492971.96,-4972.04,-283402.54,23100610530.17,-12409374091.02,296.68
110569613.28,-252803.49,-268891.38,23137149003.60,-12680399372.20,296.46
51079762.35,-356113.50,-120989.05,17831979313.65,-12775329279.13,296.47
30484586.58,-118093.21,80500.57,16595376545.70,-12724015962.55,296.72
1032801.49,-155136.42,336763.08,12581476215.38,-12718742190.85,297.23
100606215.86,117216.88,-520259.52,21593568998.31,-13406000501.29,297.65
107734673.38,450190.56,-206093.01,23369367725.63,-13495192565.53,296.53
-20106599.91,-143671.55,-108131.85,11683094727.96,-12884998820.76,296.86
-29270763.02,-333954.79,143193.83,8997525766.55,-10449853150.73,296.89
-28613734.88,-224412.17,148459.70,7687011942.42,-9500818203.08,296.84
8345324.31,-401313.76,128906.60,10230193610.85,-9986390744.02,297.52
36987592.53,-403884.11,-49259.37,15624448519.00,-11758854569.14,297.62
139604898.81,263591.48,-358690.19,24429916036.08,-12563458309.09,297.10
189184115.64,456985.21,-226519.92,29322571838.63,-12406630373.95,296.47
163590528.78,359445.44,-121328.21,27444955805.20,-12137476384.51,296.27
79109894.82,82587.30,249100.67,20481604820.74,-12948093181.68,297.24
50551123.55,-46396.80,190743.00,18320523138.01,-13191547573.74,298.40
87663746.06,-106354.50,-379111.42,21669705635.67,-13664447484.03,298.39
56590815.87,338061.48,-221132.97,18903974036.76,-14344425642.69,298.33
-33433692.06,-144961.54,67377.17,10827597030.70,-12824629645.06,298.09
-44422400.05,-216717.82,27485.80,7494723676.69,-10382196952.22,297.44
-1677558.06,-12819.17,123274.95,9584898604.04,-9107476153.58,296.76
38325501.60,-98521.01,182571.13,13772716082.87,-9951039834.50,296.99
87551799.79,-16280.98,-243982.76,19405747398.03,-11506647250.84,297.13
87653557.98,-1633.11,-119586.28,21023679217.35,-12776841572.27,297.22
43437967.49,-414911.71,-233137.17,18233349481.24,-13238978859.91,297.22
43606892.01,-269239.62,-231038.61,17056205224.49,-12984960734.68,296.92
45217101.95,-64963.14,20894.86,17368944477.50,-12795918279.02,296.70
24538137.76,-336791.88,-164577.80,15734325197.59,-13829131863.37,297.63
90491950.32,410478.55,-54818.98,21343465375.86,-13795388781.91,297.11
52791597.58,511890.87,-217564.60,18967337160.56,-13987757627.74,297.00
-8346714.22,-4304.05,-95339.29,12309472808.26,-12433868944.57,296.70
-45714481.50,-142901.27,60435.95,7617073244.09,-10339473334.38,296.70
8254987.92,-18869.22,62866.41,10023978868.30,-9210823462.70,296.04
64063471.47,-100378.00,82378.82,15423739132.16,-9704413543.31,296.30
73788509.13,-97008.61,-103664.37,17640144916.89,-11486635938.50,296.63
111180544.18,20390.74,-371538.34,23632939651.19,-12402913107.35,296.29
151610755.94,56598.70,-387633.89,26151608118.35,-12652652399.41,296.15
46681484.24,-347574.78,-124288.93,17676320254.80,-12954508226.20,296.42
18623927.04,-327632.81,-93793.48,15292825222.19,-12901556221.72,296.85
17131356.28,-163175.52,141201.77,14717578884.71,-13087556278.13,296.83
58497322.07,156119.25,-125237.93,18103050525.02,-13452622247.97,297.26
60631383.67,335064.90,-384461.46,18831024194.22,-13907973178.45,296.96
-39038899.06,-62659.39,-22903.89,9849845339.38,-12257541666.83,297.32
-19262843.38,-72461.43,103315.87,8607027295.34,-9840491293.38,296.66
-23374539.42,-122272.88,245923.30,7326566075.16,-8870042830.88,296.34
29819512.70,-244249.07,147913.64,11931086326.05,-9297009117.74,296.58
61966702.72,-230484.24,-194161.18,16196432380.00,-11040049768.14,297.03
109021768.52,-91306.97,-256526.32,22010105272.87,-12093691004.90,296.70
118309070.77,2814.97,-252493.66,23242947394.60,-13120880148.16,296.33
74330943.84,-86398.46,87599.07,19054664588.58,-12592134242.18,296.10
51462703.76,-83192.17,264895.38,17036731464.72,-12181739589.37,295.99
41528352.12,-191443.72,257363.41,15288808047.47,-12998186034.42,297.21
98290476.84,179432.78,-290248.21,21279996618.16,-13604167458.14,296.80
30789922.61,218831.92,-232807.67,16969208586.62,-14138899690.78,296.93
-33286753.53,-95430.44,-7576.63,9934177314.76,-12410819456.60,297.28
-30242939.41,-154355.32,41934.82,7305790774.70,-10031400018.14,296.41
-12007992.67,-64129.93,228958.70,8299541536.21,-9212882002.99,296.31
4310924.29,-70296.08,247197.65,9275833253.10,-9714291594.15,297.02
38960556.54,-243902.43,-42434.73,15101554053.19,-11669804409.53,297.00
85274899.32,-202368.88,-133602.57,19383173683.22,-12650462032.70,296.98
76867815.85,-198197.25,-159201.23,20185813370.39,-13476725667.16,296.57
53426394.68,-252300.13,-97389.96,17233580226.01,-12840926957.01,296.90
37406179.01,-57985.24,184474.18,16535829464.94,-12320232189.82,296.49
47021202.90,-235216.49,53703.13,15966399970.94,-12821925756.57,297.72
103036273.13,286827.99,-267895.45,22357522320.28,-13848734147.62,297.11
65610197.72,333564.43,-233149.96,19202612023.73,-14126837759.62,297.18
-61536602.34,-82728.87,59642.37,7486255526.00,-12935142806.38,297.57
-50887584.71,-77741.63,11806.97,6476867815.64,-10126450968.94,296.90
-16924712.05,-189120.74,34612.06,7383055175.33,-9179418454.88,297.19
30754724.61,-192491.94,59378.92,11855884674.28,-9680974700.11,296.90
40886413.62,-193729.25,-60274.41,15155188052.59,-11761552329.63,297.04
99687081.63,-171460.63,-284732.89,20694948093.62,-12202939217.56,296.79
101969705.99,74168.85,-439431.86,22445782509.93,-13234348963.04,296.36
62540313.99,-141291.52,46201.59,18584599475.44,-12800761386.94,296.66
23817115.16,-248608.12,-33397.18,14719240755.04,-12456559080.58,297.33
12680726.55,-207844.26,-12846.11,13837493962.93,-13137597979.55,298.07
69765463.55,-129029.89,-152665.08,18979223820.73,-13826516522.95,297.58
22935940.32,188485.92,-87503.93,16599163393.29,-14042260028.86,297.18
-30574821.30,3528.45,75538.87,9333889315.37,-12272941233.20,297.55
-28244593.61,-111659.62,134641.37,8819532876.53,-10088826208.51,296.42
-29342905.36,-59662.09,124684.84,7376430462.33,-9333261515.62,296.27
4908980.28,-142843.89,287928.57,9717236561.70,-9788430682.60,297.05
59355134.25,-171239.67,-22450.32,16280855803.13,-11539239678.45,296.99
64722516.40,-143726.60,-250252.74,17822883820.39,-12791158996.85,297.33
81394103.68,-134870.85,-253678.33,19753889949.88,-13185271414.34,296.94
38211004.20,-160821.47,-31289.06,17111489346.75,-12996782215.64,296.93
43343770.00,-93990.12,72241.45,16467036994.52,-12718349295.22,297.52
25273506.74,-158288.15,84805.10,14733352426.70,-13100128518.14,297.48
31836986.90,-203147.14,-2523.56,15379918160.92,-13288823831.67,298.18
45664719.06,201858.80,-147582.94,17821408093.25,-13528565340.60,297.16
-69376377.49,-68686.53,26424.02,6475502885.52,-12124913258.23,297.41
-35535962.49,-127136.66,36196.52,6883554309.53,-9396743224.17,296.73
-11262209.36,-90061.99,55926.08,7243223695.40,-8772037667.93,296.59
28850246.69,-138663.81,90963.42,12172094998.75,-9851604958.90,296.93
64260280.40,-71480.70,-168825.49,16882098017.65,-11514510945.40,296.89
96930702.10,15640.78,-304187.96,20225228485.82,-12571546125.98,297.04
102104401.93,185877.88,-247146.63,22001042054.76,-13085946085.34,296.59
64148469.08,651.47,122199.78,17384869157.61,-12603798146.35,296.91
370171.37,-32815.91,132395.90,12685283665.34,-12332219641.26,297.72
13830080.24,-319992.49,-70717.98,13460117398.55,-12965210306.17,299.13
70679270.67,116344.74,-252679.70,19645771362.49,-14127354676.12,297.91
25032292.95,10892.06,-176962.06,15227682212.11,-14099785074.12,297.95
-13246854.81,-29000.71,-84171.02,11717227497.93,-12506177803.46,297.17
-31891515.63,-109648.02,76272.64,7488086919.84,-10155177159.09,296.81
-19369366.65,-105092.42,160610.43,7050026002.46,-9206509760.71,296.69
29329346.34,-206303.87,118282.66,12291084594.47,-9721283025.89,297.02
76727772.73,-108869.76,-131702.99,16823897194.59,-11032437132.47,297.43
96755036.82,30611.88,-251852.02,21776153844.85,-12431797394.30,296.89
55167988.77,-297295.31,-154878.03,18005408176.22,-13340692642.66,297.10
42708329.14,-264742.60,-245446.62,16720927194.79,-12777455260.19,297.06
24339057.21,-152976.55,-15621.05,15242997707.44,-12779667176.84,297.50
56802280.75,-121384.67,-169464.40,18181897547.50,-13060003290.69,297.90
72074364.69,169083.13,-115788.29,19805676405.98,-13730683883.71,297.28
32414784.28,275665.04,-211817.07,17455257006.01,-14168252409.92,297.22
1618990.84,-16570.45,72337.35,12950053292.54,-11838464739.79,296.82
-61091130.28,-67935.17,77393.67,6210929371.46,-10303275205.15,296.85
-15921688.13,-81557.11,128790.85,7312928797.63,-9171870487.69,296.79
26876702.39,-148249.94,139465.91,11373711913.17,-9968514985.69,297.04
60243646.88,-116175.02,-148123.81,16878489193.17,-11526313612.38,296.91
83179362.46,-137485.28,-239520.37,19940867735.53,-12746939613.27,297.39
121704840.66,201815.19,-253386.64,24484758582.34,-13000043252.66,296.32
56892699.19,79400.20,233992.76,17873460306.46,-12404785572.15,296.50
28661389.52,22455.01,264081.71,13930335330.69,-12025879222.66,297.43
31585623.62,-76431.51,132794.59,14567825350.91,-12638673426.82,297.97
31336620.90,-61861.32,-224374.19,15436861495.73,-13836556982.87,298.05
37315460.48,155514.28,-125348.58,16977785986.63,-13729061000.39,297.65
-23477513.12,72217.23,-20172.14,10556878764.87,-12233382188.70,297.63
-19736341.24,-40985.73,66830.09,9179552750.96,-10331996112.55,296.35
-8843822.95,38074.06,203995.39,8371497474.99,-9164607680.51,296.53
37443157.41,-27026.79,29081.09,12451299022.56,-9677312630.80,296.80
74280284.43,-101808.30,-176885.63,16537152564.99,-11157941329.64,297.11
86676159.79,-24028.64,-346281.55,20630151789.92,-12800393515.02,296.73
95856690.53,72592.00,-358774.20,21703998436.56,-13145872730.80,296.63
41710844.96,-147679.25,189816.83,16553041928.03,-12667853107.53,296.62
29350939.69,38278.35,162569.47,15618065058.00,-12594606045.99,296.99
15500461.04,-51966.58,134471.92,14129241862.73,-12845462953.41,297.29
74017073.07,221483.26,-230273.01,19013379029.03,-13861290660.14,297.17
52396389.08,278648.11,-310025.45,19461106255.67,-13956410600.75,296.85
-28319456.60,-50509.48,-56844.22,10276827124.03,-12183632723.93,297.11
-53763914.40,-27651.22,90477.79,6853844592.48,-10096157854.35,296.34
-16835602.05,-105818.52,164887.29,6994797492.18,-9053478551.87,296.29
25261941.27,-142476.22,-2448.23,11336742714.19,-9562773764.02,296.91
16386200.71,-268907.89,-49720.09,11768563645.17,-10992243973.29,297.82
76261272.19,-41974.64,-195886.21,18655611981.81,-12384382117.37,297.42
84627707.04,-202290.33,-270599.43,20515823390.04,-13305833687.27,297.04
44801952.14,-72692.77,-8389.77,17003594564.20,-12847198724.75,296.90
42374711.05,-111172.14,57720.26,16367615858.98,-12970204591.35,297.13
74546213.47,-43568.76,-121020.83,19628405748.86,-13610003382.56,297.33
36518468.16,38761.01,-125617.53,16511629747.62,-14196494374.89,297.88
36851994.24,300523.54,-138419.94,16900820689.91,-13876763796.16,297.28
-9603671.86,46329.10,-33097.28,12373893917.16,-12745752236.75,297.12
-29972400.26,-108651.81,-2637.64,7878936649.14,-10328120865.14,297.13
-38265148.66,-85988.36,161855.10,5878767194.46,-9259556402.19,296.83
22983598.48,-212306.74,35305.17,11135025868.35,-9634960962.63,297.56
41294642.40,-115794.19,-72241.66,13906408148.78,-11308608268.22,297.94
109246866.59,-18811.60,-281797.77,22374291686.24,-12642945626.93,297.26
92866526.45,-34150.03,-159472.26,21865081923.96,-13413494328.07,296.81
74992500.59,-64210.47,25423.71,19299755759.16,-12569568726.92,296.89
22993322.15,-238262.79,145801.79,15164645921.02,-13017241434.22,297.64
91793861.05,-149370.64,-55799.66,19782916622.63,-13175991651.41,298.32
84824285.22,68665.00,-212014.72,21463385667.84,-14160082192.72,297.92
34688047.17,259245.78,-353865.32,16941091932.35,-14347656152.73,298.25
-29427256.34,31305.42,-137861.51,10473521721.19,-12767985198.98,297.89
-36458178.88,49899.72,57671.01,7495410325.96,-9993813820.15,297.06
-13202834.00,-46797.49,163425.67,8011815022.12,-9200107772.34,296.88
2069094.83,57672.02,191777.83,9240174821.21,-9675528527.31,297.43
42053023.35,-238809.04,-165201.67,15212070562.38,-11283163492.65,297.58
66102347.52,-165785.81,-236722.52,18013009156.69,-12362261481.93,297.70
95173894.15,-107084.30,-263480.26,21659083087.74,-13164941578.22,297.04
48050051.15,-197426.75,146508.42,17033597589.72,-13049213396.96,296.63
21728425.10,-139108.40,163896.72,14328223839.00,-12567571337.38,296.73
47469864.80,-125108.79,-31759.18,16973554559.88,-13248488307.49,297.37
49817419.02,53523.83,-25272.41,16981610381.69,-13656013086.59,297.69
38608922.79,270800.23,-245234.86,17081899002.58,-14113482801.65,297.54
-31925002.36,-51487.36,4239.49,9296616713.75,-12368365808.20,297.89
-42799994.78,-139566.51,166019.64,6851571210.16,-9887716552.05,297.24
-26048794.59,-160522.25,162609.84,6439395866.65,-9258293919.08,296.93
23850442.55,-39853.91,255227.29,9820446745.45,-9432047115.43,297.18
62035948.17,-78937.18,-65969.79,15292901098.45,-10946283152.69,297.38
99478080.62,111063.81,-306563.79,22266706893.41,-12743196430.74,296.82
94968411.97,161862.35,-143550.14,21744639499.41,-13394097451.71,296.58
43808939.51,-67174.38,36101.52,16331626842.34,-12784580458.55,296.76
-3384054.86,-341657.84,146354.51,12061795806.93,-12360103184.06,297.26
43327125.79,-285634.86,73995.49,16137466264.94,-13063993613.41,297.42
38976130.77,-44817.83,-127524.05,15943022812.81,-13587095026.52,297.86
-2579281.73,157919.29,-137283.46,12982313925.94,-13643368609.92,297.53
-3556718.25,48980.35,21053.41,11739367549.67,-11780709257.06,297.20
-34845036.94,-57625.82,68414.87,7229245663.97,-10053981731.61,296.84
-26225609.64,-155587.42,244229.70,7190854149.86,-8985365873.44,296.66
37424243.90,-68009.17,134321.84,11246630912.36,-9545464714.09,297.13
58602747.75,-119281.37,-51420.89,16175182079.15,-11278189118.36,297.27
86454542.14,40408.10,-268876.38,20030701350.32,-12686905651.82,297.28
79487090.93,33259.38,-199634.03,20572662928.00,-13453155667.28,296.88
74076761.45,79161.91,15126.29,19254207627.56,-12811866691.20,296.84
28461079.81,45496.05,296569.04,15015870116.16,-12578059797.90,297.85
-387394.21,-154096.85,55415.13,13434472847.27,-13387374576.89,298.22
113363194.19,409683.81,-289144.56,22110499539.40,-13372529123.08,297.63
18150159.14,274721.87,6378.34,15279129771.44,-13730619840.92,297.52
-58253382.64,-35681.20,21513.46,8004911886.24,-12129600061.06,297.64
-54309908.63,-64349.58,49521.63,5010970717.55,-9639314981.35,297.29
-9521029.45,-34327.36,113908.53,6745868350.10,-8617169154.13,296.87
22809049.74,-109615.56,177119.32,9595384200.24,-9100442073.76,297.42
43265394.47,-120808.36,-80341.89,13907340678.53,-11066669824.55,297.60
55850154.13,-59890.18,-281763.82,17929603640.09,-12449123196.57,297.24
77508301.52,-60583.67,-333691.33,19335218197.30,-13022823585.56,297.04
43792763.33,1355.53,-103320.73,16761173037.41,-12559327709.57,296.90
11145178.77,-154050.06,148053.20,12545287720.31,-11869683633.92,297.82
9107587.93,-194934.61,150308.77,12937163722.38,-12194479422.94,298.04
70216204.35,146196.58,-223139.98,19104784390.18,-13479310645.18,297.66
73650958.68,374996.06,-396547.72,19862660481.69,-13479950476.95,297.12
-34806497.30,50429.96,-14102.94,9819529313.99,-12408329161.41,297.65
-41094147.74,-55071.12,33528.88,6067962553.99,-9983235075.75,297.49
-24611300.12,113759.21,100089.92,5619536801.70,-8990931189.06,297.28
42083828.10,-26685.63,208063.59,11444371880.83,-9554186393.39,297.30
46172070.14,-143893.82,-35928.18,15006677577.72,-11151089641.70,297.35
69132060.65,-35142.61,-185465.84,17874465980.41,-12697578281.48,297.45
72367505.40,-136601.81,-462138.39,19892385537.20,-13242134057.63,297.20
16318651.35,-311448.70,72039.69,14645165784.16,-12696221758.77,297.33
-21725900.94,-228601.69,225587.96,10605029398.29,-11864342257.36,297.53
42371405.41,-112891.42,-209594.66,15074549669.00,-12434804858.75,298.24
54329982.59,45403.42,-317988.89,17062728781.13,-13608988568.94,298.00
57681837.98,163771.30,-77173.24,18698107322.77,-13630000246.74,297.28
-27115720.20,56228.23,5993.13,10908275425.70,-12701073240.63,297.62
-36360191.30,-57994.27,116757.99,7192973854.37,-10280714581.81,297.03
-34343050.92,-80246.13,60290.12,6022883913.03,-9448338377.83,297.56
-295.75,-119752.12,85682.47,8535075775.46,-9817761399.10,297.86
41347894.21,-209930.51,-100291.31,13570353378.96,-11444354489.22,298.12
94704475.60,50591.57,-168817.00,21270851459.17,-12887126809.11,297.57
97291809.94,175726.67,-410423.63,22498666870.59,-13587366974.23,297.16
35928326.74,53175.11,187090.69,16967500528.08,-12746148303.99,297.22
11513506.29,-215108.30,152083.26,14113577506.88,-11799052398.52,298.21
34307770.20,-380571.39,-26648.12,13990750059.06,-12104335174.50,299.04
65053715.53,-56779.03,-327021.48,19539800616.51,-14094300945.62,298.79
71021618.55,430344.23,-186900.12,20403302088.17,-14040082157.19,298.03
-26589557.45,82671.98,-22365.45,10694572359.69,-12798907193.11,297.60
-57353319.80,-12089.44,18518.37,6143518322.01,-10233969674.27,297.15
-24268394.56,41575.42,144799.93,6894757722.68,-9120288587.59,297.06
15936481.32,-101024.39,63279.64,9831235018.08,-9940257298.45,297.71
34735568.59,-58483.50,-114201.57,13406857693.37,-11596249539.35,297.90
36371026.53,-171715.28,-270630.55,16065096613.60,-12920419428.48,298.21
65527358.85,-149875.10,-250723.96,19160753760.58,-13242306094.09,297.63
30864179.66,-103028.86,-103359.57,16718139051.46,-13007935689.89,297.61
-6907392.82,-237949.96,42963.44,12136928158.44,-12552496457.87,298.22
36680948.05,-14148.94,139452.50,15473854264.83,-12536990500.46,298.19
60574307.53,286376.41,-212565.87,17890463339.73,-13439948276.72,298.09
48133432.90,394144.97,-287630.22,18734498649.58,-14144292733.59,297.78
-30307382.64,-13327.40,48113.05,9932193326.03,-12675972141.20,297.97
-31717015.72,26016.78,-28277.72,7580306788.91,-10102455289.45,297.50
-3289176.87,-57226.19,138434.09,8207170998.83,-9270349973.39,297.04
22889828.40,-18546.17,63133.12,11401661677.85,-9819320721.78,297.28
44046120.32,-29168.34,-47039.17,14558002981.77,-11567290921.13,297.68
75454434.50,48658.83,-365793.33,20041608865.96,-13281727521.20,297.66
90842914.69,105114.81,-226899.39,21368961960.07,-13531591143.18,297.07
38111554.28,-109544.17,-74204.22,16726312773.37,-12565692425.60,297.61
12468828.03,-100496.37,149461.55,14198318042.88,-11760325884.60,297.20
52964368.93,-125064.43,-272249.21,16589659170.90,-12792582909.83,298.33
51865920.31,50139.95,170793.89,17994091455.37,-14014681367.84,297.66
66733272.62,185704.82,-119529.74,19392409032.87,-13495741824.45,297.33
-11474256.07,3121.73,-69857.46,11673221725.42,-12431784964.22,297.46
-46389065.48,-24685.34,22801.23,6147754405.70,-10195486563.09,297.06
-33269411.55,61988.10,65945.04,6106772049.26,-9026165753.65,296.92
16185477.46,-143899.38,138660.72,10450872544.11,-9881451170.43,297.51
27680281.51,-317782.82,-93049.12,13538563052.65,-11882642214.89,297.87
63234267.54,149097.79,-145981.29,17721381645.80,-12834107553.13,297.68
66956071.92,20068.08,-202004.28,18548301082.30,-13343202633.08,297.79
62460237.68,13213.19,57143.56,17672254681.46,-12278605633.83,297.28
18490696.73,-140651.19,143646.88,13759847004.73,-12493334880.81,298.10
41784635.13,-269889.35,-63751.60,15233544028.17,-12674347987.99,298.70
12915522.63,7786.37,-155249.60,13518949329.61,-13777541010.99,298.72
38379363.52,206788.83,-218589.58,16409077160.78,-13854497582.77,298.52
-3643373.63,192178.41,-30604.97,12255194970.90,-12406415628.76,298.08
-43929001.98,40944.64,118734.31,6608852557.02,-10005292935.13,297.12
-4764057.01,-2380.48,72160.25,7867672847.60,-9181793928.22,297.08
26958839.64,-108889.42,46961.63,11207773298.91,-9955445681.87,297.41
50838565.84,-69607.75,-100897.30,14945778604.03,-11401341065.93,297.90
118080352.30,371791.96,-590356.38,23998977774.32,-12624067409.81,297.11
82872340.81,10550.86,-72466.50,20070498357.36,-13236777986.98,297.57
72333008.75,138427.22,134246.67,19854141811.24,-12410770185.57,297.29
17284679.42,-70226.12,243051.20,14315874540.49,-12145445469.67,298.04
63571836.06,-126355.81,42516.69,17002593403.33,-12331604492.14,298.77
100843317.17,118421.22,-61164.37,19866727712.78,-13023175036.24,298.56
80640024.44,158467.24,-145396.66,18582266092.61,-13682244204.56,298.24
-13555483.52,-36786.86,29678.27,10511918211.54,-12494762377.20,298.14
-31929440.26,133612.28,858.73,6759303955.99,-10039998836.92,297.39
-10863250.88,101434.00,131635.08,7686605005.91,-8853833525.64,296.74
19216432.40,-57798.99,85546.54,9905534511.46,-9800849622.59,297.65
44170011.47,1130.94,-94605.38,15061146799.37,-11460908866.38,297.66
62304196.31,49005.48,-296998.76,17871716259.92,-12759832442.36,297.78
70571905.51,-139097.56,-283652.37,19466292585.64,-13276148548.75,297.56
43446274.90,-134995.40,21465.04,16073139167.00,-12279312830.64,297.64
