Date,Discharge [ft^3/s]
2008-01-01,754000
2008-01-02,715000
2008-01-03,682000
2008-01-04,651000
2008-01-05,623000
2008-01-06,595000
2008-01-07,570000
2008-01-08,545000
2008-01-09,518000
2008-01-10,505000
2008-01-11,498000
2008-01-12,490000
2008-01-13,487000
2008-01-14,486000
2008-01-15,493000
2008-01-16,526000
2008-01-17,585000
2008-01-18,647000
2008-01-19,700000
2008-01-20,738000
2008-01-21,759000
2008-01-22,765000
2008-01-23,763000
2008-01-24,747000
2008-01-25,714000
2008-01-26,669000
2008-01-27,623000
2008-01-28,577000
2008-01-29,535000
2008-01-30,491000
2008-01-31,456000
2008-02-01,442000
2008-02-02,440000
2008-02-03,441000
2008-02-04,436000
2008-02-05,433000
2008-02-06,440000
2008-02-07,451000
2008-02-08,485000
2008-02-09,530000
2008-02-10,586000
2008-02-11,665000
2008-02-12,739000
2008-02-13,798000
2008-02-14,860000
2008-02-15,914000
2008-02-16,952000
2008-02-17,984000
2008-02-18,1010000
2008-02-19,1030000
2008-02-20,1060000
2008-02-21,1080000
2008-02-22,1110000
2008-02-23,1120000
2008-02-24,1140000
2008-02-25,1140000
2008-02-26,1150000
2008-02-27,1140000
2008-02-28,1120000
2008-02-29,1090000
2008-03-01,1050000
2008-03-02,1000000
2008-03-03,950000
2008-03-04,911000
2008-03-05,887000
2008-03-06,895000
2008-03-07,916000
2008-03-08,947000
2008-03-09,980000
2008-03-10,1020000
2008-03-11,1060000
2008-03-12,1090000
2008-03-13,1130000
2008-03-14,1160000
2008-03-15,1180000
2008-03-16,1200000
2008-03-17,1210000
2008-03-18,1220000
2008-03-19,1230000
2008-03-20,1250000
2008-03-21,1280000
2008-03-22,1300000
2008-03-23,1320000
2008-03-24,1350000
2008-03-25,1380000
2008-03-26,1410000
2008-03-27,1430000
2008-03-28,1450000
2008-03-29,1470000
2008-03-30,1490000
2008-03-31,1520000
2008-04-01,1540000
2008-04-02,1570000
2008-04-03,1600000
2008-04-04,1630000
2008-04-05,1670000
2008-04-06,1680000
2008-04-07,1700000
2008-04-08,1710000
2008-04-09,1720000
2008-04-10,1730000
2008-04-11,1740000
2008-04-12,1750000
2008-04-13,1760000
2008-04-14,1770000
2008-04-15,1780000
2008-04-16,1790000
2008-04-17,1800000
2008-04-18,1800000
2008-04-19,1810000
2008-04-20,1810000
2008-04-21,1810000
2008-04-22,1810000
2008-04-23,1810000
2008-04-24,1810000
2008-04-25,1800000
2008-04-26,1790000
2008-04-27,1770000
2008-04-28,1720000
2008-04-29,1660000
2008-04-30,1590000
2008-05-01,1500000
2008-05-02,1430000
2008-05-03,1400000
2008-05-04,1360000
2008-05-05,1330000
2008-05-06,1300000
2008-05-07,1270000
2008-05-08,1240000
2008-05-09,1220000
2008-05-10,1210000
2008-05-11,1200000
2008-05-12,1190000
2008-05-13,1180000
2008-05-14,1170000
2008-05-15,1170000
2008-05-16,1160000
2008-05-17,1160000
2008-05-18,1150000
2008-05-19,1160000
2008-05-20,1160000
2008-05-21,1170000
2008-05-22,1170000
2008-05-23,1170000
2008-05-24,1170000
2008-05-25,1170000
2008-05-26,1170000
2008-05-27,1160000
2008-05-28,1160000
2008-05-29,1150000
2008-05-30,1140000
2008-05-31,1140000
2008-06-01,1130000
2008-06-02,1120000
2008-06-03,1110000
2008-06-04,1090000
2008-06-05,1070000
2008-06-06,1050000
2008-06-07,1020000
2008-06-08,988000
2008-06-09,961000
2008-06-10,940000
2008-06-11,927000
2008-06-12,926000
2008-06-13,936000
2008-06-14,953000
2008-06-15,974000
2008-06-16,994000
2008-06-17,1010000
2008-06-18,1030000
2008-06-19,1040000
2008-06-20,1050000
2008-06-21,1060000
2008-06-22,1070000
2008-06-23,1070000
2008-06-24,1080000
2008-06-25,1090000
2008-06-26,1090000
2008-06-27,1090000
2008-06-28,1090000
2008-06-29,1090000
2008-06-30,1090000
2008-07-01,1080000
2008-07-02,1070000
2008-07-03,1060000
2008-07-04,1050000
2008-07-05,1050000
2008-07-06,1040000
2008-07-07,1040000
2008-07-08,1040000
2008-07-09,1040000
2008-07-10,1040000
2008-07-11,1040000
2008-07-12,1040000
2008-07-13,1040000
2008-07-14,1040000
2008-07-15,1030000
2008-07-16,1020000
2008-07-17,993000
2008-07-18,967000
2008-07-19,937000
2008-07-20,901000
2008-07-21,861000
2008-07-22,815000
2008-07-23,765000
2008-07-24,719000
2008-07-25,693000
2008-07-26,673000
2008-07-27,653000
2008-07-28,633000
2008-07-29,615000
2008-07-30,600000
2008-07-31,590000
2008-08-01,586000
2008-08-02,588000
2008-08-03,598000
2008-08-04,608000
2008-08-05,621000
2008-08-06,633000
2008-08-07,644000
2008-08-08,652000
2008-08-09,656000
2008-08-10,658000
2008-08-11,655000
2008-08-12,633000
2008-08-13,613000
2008-08-14,589000
2008-08-15,561000
2008-08-16,537000
2008-08-17,511000
2008-08-18,486000
2008-08-19,461000
2008-08-20,440000
2008-08-21,425000
2008-08-22,416000
2008-08-23,409000
2008-08-24,399000
2008-08-25,398000
2008-08-26,392000
2008-08-27,380000
2008-08-28,366000
2008-08-29,354000
2008-08-30,345000
2008-08-31,338000
2008-09-01,327000
2008-09-02,322000
2008-09-03,334000
2008-09-04,356000
2008-09-05,379000
2008-09-06,407000
2008-09-07,434000
2008-09-08,445000
2008-09-09,430000
2008-09-10,410000
2008-09-11,390000
2008-09-12,394000
2008-09-13,416000
2008-09-14,444000
2008-09-15,466000
2008-09-16,469000
2008-09-17,465000
2008-09-18,464000
2008-09-19,465000
2008-09-20,483000
2008-09-21,540000
2008-09-22,597000
2008-09-23,640000
2008-09-24,670000
2008-09-25,690000
2008-09-26,705000
2008-09-27,711000
2008-09-28,709000
2008-09-29,696000
2008-09-30,675000
2008-10-01,648000
2008-10-02,616000
2008-10-03,586000
2008-10-04,558000
2008-10-05,522000
2008-10-06,484000
2008-10-07,442000
2008-10-08,416000
2008-10-09,409000
2008-10-10,413000
2008-10-11,408000
2008-10-12,392000
2008-10-13,378000
2008-10-14,366000
2008-10-15,351000
2008-10-16,338000
2008-10-17,333000
2008-10-18,336000
2008-10-19,335000
2008-10-20,326000
2008-10-21,315000
2008-10-22,306000
2008-10-23,302000
2008-10-24,305000
2008-10-25,303000
2008-10-26,304000
2008-10-27,308000
2008-10-28,308000
2008-10-29,308000
2008-10-30,303000
2008-10-31,297000
2008-11-01,294000
2008-11-02,295000
2008-11-03,306000
2008-11-04,321000
2008-11-05,334000
2008-11-06,338000
2008-11-07,338000
2008-11-08,330000
2008-11-09,323000
2008-11-10,315000
2008-11-11,312000
2008-11-12,309000
2008-11-13,300000
2008-11-14,298000
2008-11-15,297000
2008-11-16,292000
2008-11-17,295000
2008-11-18,293000
2008-11-19,291000
2008-11-20,294000
2008-11-21,288000
2008-11-22,287000
2008-11-23,290000
2008-11-24,289000
2008-11-25,284000
2008-11-26,286000
2008-11-27,288000
2008-11-28,287000
2008-11-29,289000
2008-11-30,282000
2008-12-01,273000
2008-12-02,266000
2008-12-03,267000
2008-12-04,268000
2008-12-05,269000
2008-12-06,276000
2008-12-07,276000
2008-12-08,270000
2008-12-09,263000
2008-12-10,270000
2008-12-11,293000
2008-12-12,323000
2008-12-13,337000
2008-12-14,339000
2008-12-15,335000
2008-12-16,331000
2008-12-17,345000
2008-12-18,368000
2008-12-19,400000
2008-12-20,455000
2008-12-21,502000
2008-12-22,537000
2008-12-23,557000
2008-12-24,562000
2008-12-25,562000
2008-12-26,564000
2008-12-27,578000
2008-12-28,602000
2008-12-29,621000
2008-12-30,649000
2008-12-31,681000
2009-01-01,704000
2009-01-02,740000
2009-01-03,778000
2009-01-04,819000
2009-01-05,853000
2009-01-06,897000
2009-01-07,934000
2009-01-08,947000
2009-01-09,938000
2009-01-10,913000
2009-01-11,879000
2009-01-12,851000
2009-01-13,825000
2009-01-14,804000
2009-01-15,791000
2009-01-16,788000
2009-01-17,790000
2009-01-18,803000
2009-01-19,808000
2009-01-20,804000
2009-01-21,795000
2009-01-22,765000
2009-01-23,725000
2009-01-24,673000
2009-01-25,618000
2009-01-26,562000
2009-01-27,508000
2009-01-28,460000
2009-01-29,433000
2009-01-30,433000
2009-01-31,452000
2009-02-01,457000
2009-02-02,442000
2009-02-03,439000
2009-02-04,464000
2009-02-05,512000
2009-02-06,575000
2009-02-07,636000
2009-02-08,675000
2009-02-09,676000
2009-02-10,657000
2009-02-11,630000
2009-02-12,610000
2009-02-13,599000
2009-02-14,612000
2009-02-15,633000
2009-02-16,657000
2009-02-17,696000
2009-02-18,740000
2009-02-19,787000
2009-02-20,821000
2009-02-21,847000
2009-02-22,864000
2009-02-23,878000
2009-02-24,883000
2009-02-25,876000
2009-02-26,856000
2009-02-27,834000
2009-02-28,809000
2009-03-01,782000
2009-03-02,759000
2009-03-03,727000
2009-03-04,700000
2009-03-05,684000
2009-03-06,687000
2009-03-07,694000
2009-03-08,702000
2009-03-09,710000
2009-03-10,704000
2009-03-11,692000
2009-03-12,683000
2009-03-13,663000
2009-03-14,669000
2009-03-15,676000
2009-03-16,677000
2009-03-17,686000
2009-03-18,712000
2009-03-19,751000
2009-03-20,787000
2009-03-21,811000
2009-03-22,824000
2009-03-23,829000
2009-03-24,834000
2009-03-25,840000
2009-03-26,858000
2009-03-27,869000
2009-03-28,875000
2009-03-29,879000
2009-03-30,880000
2009-03-31,882000
2009-04-01,889000
2009-04-02,891000
2009-04-03,899000
2009-04-04,912000
2009-04-05,934000
2009-04-06,963000
2009-04-07,983000
2009-04-08,997000
2009-04-09,1010000
2009-04-10,1010000
2009-04-11,1020000
2009-04-12,1020000
2009-04-13,1030000
2009-04-14,1040000
2009-04-15,1040000
2009-04-16,1050000
2009-04-17,1060000
2009-04-18,1060000
2009-04-19,1060000
2009-04-20,1060000
2009-04-21,1050000
2009-04-22,1050000
2009-04-23,1060000
2009-04-24,1060000
2009-04-25,1060000
2009-04-26,1060000
2009-04-27,1060000
2009-04-28,1060000
2009-04-29,1060000
2009-04-30,1050000
2009-05-01,1040000
2009-05-02,1030000
2009-05-03,1030000
2009-05-04,1030000
2009-05-05,1050000
2009-05-06,1080000
2009-05-07,1120000
2009-05-08,1150000
2009-05-09,1200000
2009-05-10,1240000
2009-05-11,1280000
2009-05-12,1320000
2009-05-13,1360000
2009-05-14,1390000
2009-05-15,1420000
2009-05-16,1440000
2009-05-17,1470000
2009-05-18,1490000
2009-05-19,1510000
2009-05-20,1530000
2009-05-21,1540000
2009-05-22,1550000
2009-05-23,1550000
2009-05-24,1550000
2009-05-25,1540000
2009-05-26,1540000
2009-05-27,1530000
2009-05-28,1520000
2009-05-29,1520000
2009-05-30,1510000
2009-05-31,1490000
2009-06-01,1460000
2009-06-02,1400000
2009-06-03,1320000
2009-06-04,1280000
2009-06-05,1230000
2009-06-06,1170000
2009-06-07,1110000
2009-06-08,1060000
2009-06-09,1030000
2009-06-10,1010000
2009-06-11,978000
2009-06-12,947000
2009-06-13,916000
2009-06-14,885000
2009-06-15,856000
2009-06-16,834000
2009-06-17,821000
2009-06-18,813000
2009-06-19,812000
2009-06-20,822000
2009-06-21,835000
2009-06-22,849000
2009-06-23,863000
2009-06-24,870000
2009-06-25,873000
2009-06-26,876000
2009-06-27,879000
2009-06-28,882000
2009-06-29,880000
2009-06-30,866000
2009-07-01,842000
2009-07-02,814000
2009-07-03,785000
2009-07-04,754000
2009-07-05,719000
2009-07-06,682000
2009-07-07,647000
2009-07-08,607000
2009-07-09,574000
2009-07-10,552000
2009-07-11,539000
2009-07-12,535000
2009-07-13,532000
2009-07-14,528000
2009-07-15,521000
2009-07-16,508000
2009-07-17,496000
2009-07-18,488000
2009-07-19,483000
2009-07-20,478000
2009-07-21,478000
2009-07-22,484000
2009-07-23,495000
2009-07-24,502000
2009-07-25,502000
2009-07-26,489000
2009-07-27,477000
2009-07-28,471000
2009-07-29,475000
2009-07-30,481000
2009-07-31,487000
2009-08-01,491000
2009-08-02,503000
2009-08-03,510000
2009-08-04,516000
2009-08-05,527000
2009-08-06,545000
2009-08-07,564000
2009-08-08,583000
2009-08-09,595000
2009-08-10,602000
2009-08-11,603000
2009-08-12,600000
2009-08-13,593000
2009-08-14,574000
2009-08-15,548000
2009-08-16,514000
2009-08-17,477000
2009-08-18,444000
2009-08-19,427000
2009-08-20,420000
2009-08-21,418000
2009-08-22,421000
2009-08-23,428000
2009-08-24,427000
2009-08-25,419000
2009-08-26,413000
2009-08-27,419000
2009-08-28,430000
2009-08-29,445000
2009-08-30,450000
2009-08-31,446000
2009-09-01,434000
2009-09-02,415000
2009-09-03,395000
2009-09-04,378000
2009-09-05,368000
2009-09-06,374000
2009-09-07,386000
2009-09-08,401000
2009-09-09,414000
2009-09-10,415000
2009-09-11,407000
2009-09-12,394000
2009-09-13,385000
2009-09-14,384000
2009-09-15,384000
2009-09-16,381000
2009-09-17,373000
2009-09-18,377000
2009-09-19,393000
2009-09-20,410000
2009-09-21,422000
2009-09-22,424000
2009-09-23,425000
2009-09-24,427000
2009-09-25,436000
2009-09-26,459000
2009-09-27,482000
2009-09-28,493000
2009-09-29,498000
2009-09-30,500000
2009-10-01,490000
2009-10-02,500000
2009-10-03,512000
2009-10-04,537000
2009-10-05,573000
2009-10-06,587000
2009-10-07,585000
2009-10-08,571000
2009-10-09,554000
2009-10-10,534000
2009-10-11,519000
2009-10-12,526000
2009-10-13,562000
2009-10-14,626000
2009-10-15,711000
2009-10-16,797000
2009-10-17,863000
2009-10-18,905000
2009-10-19,922000
2009-10-20,922000
2009-10-21,911000
2009-10-22,892000
2009-10-23,875000
2009-10-24,851000
2009-10-25,831000
2009-10-26,816000
2009-10-27,803000
2009-10-28,789000
2009-10-29,781000
2009-10-30,809000
2009-10-31,864000
2009-11-01,927000
2009-11-02,989000
2009-11-03,1050000
2009-11-04,1080000
2009-11-05,1110000
2009-11-06,1140000
2009-11-07,1160000
2009-11-08,1180000
2009-11-09,1190000
2009-11-10,1190000
2009-11-11,1200000
2009-11-12,1190000
2009-11-13,1180000
2009-11-14,1170000
2009-11-15,1150000
2009-11-16,1130000
2009-11-17,1100000
2009-11-18,1080000
2009-11-19,1050000
2009-11-20,1020000
2009-11-21,977000
2009-11-22,945000
2009-11-23,925000
2009-11-24,912000
2009-11-25,909000
2009-11-26,909000
2009-11-27,906000
2009-11-28,902000
2009-11-29,884000
2009-11-30,860000
2009-12-01,825000
2009-12-02,793000
2009-12-03,754000
2009-12-04,719000
2009-12-05,698000
2009-12-06,676000
2009-12-07,663000
2009-12-08,650000
2009-12-09,652000
2009-12-10,656000
2009-12-11,675000
2009-12-12,698000
2009-12-13,726000
2009-12-14,755000
2009-12-15,795000
2009-12-16,834000
2009-12-17,869000
2009-12-18,902000
2009-12-19,926000
2009-12-20,940000
2009-12-21,954000
2009-12-22,956000
2009-12-23,948000
2009-12-24,934000
2009-12-25,932000
2009-12-26,948000
2009-12-27,967000
2009-12-28,980000
2009-12-29,993000
2009-12-30,1010000
2009-12-31,1030000
2010-01-01,1040000
2010-01-02,1060000
2010-01-03,1080000
2010-01-04,1100000
2010-01-05,1110000
2010-01-06,1120000
2010-01-07,1100000
2010-01-08,1080000
2010-01-09,1040000
2010-01-10,994000
2010-01-11,941000
2010-01-12,884000
2010-01-13,831000
2010-01-14,781000
2010-01-15,734000
2010-01-16,690000
2010-01-17,661000
2010-01-18,633000
2010-01-19,611000
2010-01-20,590000
2010-01-21,589000
2010-01-22,596000
2010-01-23,616000
2010-01-24,653000
2010-01-25,702000
2010-01-26,766000
2010-01-27,829000
2010-01-28,891000
2010-01-29,943000
2010-01-30,995000
2010-01-31,1050000
2010-02-01,1090000
2010-02-02,1140000
2010-02-03,1170000
2010-02-04,1190000
2010-02-05,1230000
2010-02-06,1250000
2010-02-07,1260000
2010-02-08,1270000
2010-02-09,1280000
2010-02-10,1280000
2010-02-11,1280000
2010-02-12,1280000
2010-02-13,1280000
2010-02-14,1280000
2010-02-15,1270000
2010-02-16,1260000
2010-02-17,1260000
2010-02-18,1230000
2010-02-19,1200000
2010-02-20,1170000
2010-02-21,1130000
2010-02-22,1080000
2010-02-23,1030000
2010-02-24,983000
2010-02-25,942000
2010-02-26,904000
2010-02-27,869000
2010-02-28,838000
2010-03-01,820000
2010-03-02,811000
2010-03-03,816000
2010-03-04,815000
2010-03-05,813000
2010-03-06,805000
2010-03-07,790000
2010-03-08,767000
2010-03-09,737000
2010-03-10,707000
2010-03-11,677000
2010-03-12,653000
2010-03-13,640000
2010-03-14,636000
2010-03-15,639000
2010-03-16,649000
2010-03-17,677000
2010-03-18,720000
2010-03-19,771000
2010-03-20,816000
2010-03-21,851000
2010-03-22,894000
2010-03-23,935000
2010-03-24,971000
2010-03-25,1010000
2010-03-26,1040000
2010-03-27,1070000
2010-03-28,1100000
2010-03-29,1120000
2010-03-30,1130000
2010-03-31,1150000
2010-04-01,1160000
2010-04-02,1160000
2010-04-03,1170000
2010-04-04,1170000
2010-04-05,1170000
2010-04-06,1160000
2010-04-07,1160000
2010-04-08,1160000
2010-04-09,1160000
2010-04-10,1150000
2010-04-11,1140000
2010-04-12,1130000
2010-04-13,1110000
2010-04-14,1080000
2010-04-15,1050000
2010-04-16,1020000
2010-04-17,990000
2010-04-18,952000
2010-04-19,910000
2010-04-20,864000
2010-04-21,820000
2010-04-22,786000
2010-04-23,755000
2010-04-24,725000
2010-04-25,702000
2010-04-26,686000
2010-04-27,666000
2010-04-28,645000
2010-04-29,626000
2010-04-30,620000
2010-05-01,630000
2010-05-02,656000
2010-05-03,718000
2010-05-04,796000
2010-05-05,859000
2010-05-06,911000
2010-05-07,959000
2010-05-08,1000000
2010-05-09,1040000
2010-05-10,1080000
2010-05-11,1110000
2010-05-12,1140000
2010-05-13,1180000
2010-05-14,1200000
2010-05-15,1230000
2010-05-16,1250000
2010-05-17,1270000
2010-05-18,1290000
2010-05-19,1300000
2010-05-20,1310000
2010-05-21,1320000
2010-05-22,1300000
2010-05-23,1290000
2010-05-24,1280000
2010-05-25,1270000
2010-05-26,1260000
2010-05-27,1250000
2010-05-28,1240000
2010-05-29,1240000
2010-05-30,1230000
2010-05-31,1210000
2010-06-01,1200000
2010-06-02,1170000
2010-06-03,1150000
2010-06-04,1120000
2010-06-05,1080000
2010-06-06,1030000
2010-06-07,979000
2010-06-08,917000
2010-06-09,856000
2010-06-10,801000
2010-06-11,780000
2010-06-12,779000
2010-06-13,791000
2010-06-14,810000
2010-06-15,810000
2010-06-16,810000
2010-06-17,818000
2010-06-18,832000
2010-06-19,846000
2010-06-20,862000
2010-06-21,880000
2010-06-22,900000
2010-06-23,919000
2010-06-24,935000
2010-06-25,943000
2010-06-26,946000
2010-06-27,945000
2010-06-28,938000
2010-06-29,934000
2010-06-30,931000
2010-07-01,930000
2010-07-02,930000
2010-07-03,928000
2010-07-04,924000
2010-07-05,919000
2010-07-06,917000
2010-07-07,918000
2010-07-08,918000
2010-07-09,917000
2010-07-10,912000
2010-07-11,906000
2010-07-12,897000
2010-07-13,886000
2010-07-14,870000
2010-07-15,858000
2010-07-16,855000
2010-07-17,852000
2010-07-18,846000
2010-07-19,839000
2010-07-20,838000
2010-07-21,835000
2010-07-22,819000
2010-07-23,798000
2010-07-24,772000
2010-07-25,744000
2010-07-26,725000
2010-07-27,720000
2010-07-28,724000
2010-07-29,733000
2010-07-30,744000
2010-07-31,750000
2010-08-01,748000
2010-08-02,741000
2010-08-03,731000
2010-08-04,717000
2010-08-05,701000
2010-08-06,693000
2010-08-07,687000
2010-08-08,684000
2010-08-09,679000
2010-08-10,675000
2010-08-11,669000
2010-08-12,659000
2010-08-13,646000
2010-08-14,634000
2010-08-15,623000
2010-08-16,611000
2010-08-17,601000
2010-08-18,595000
2010-08-19,588000
2010-08-20,583000
2010-08-21,582000
2010-08-22,583000
2010-08-23,587000
2010-08-24,586000
2010-08-25,588000
2010-08-26,596000
2010-08-27,608000
2010-08-28,614000
2010-08-29,612000
2010-08-30,605000
2010-08-31,592000
2010-09-01,578000
2010-09-02,564000
2010-09-03,545000
2010-09-04,522000
2010-09-05,499000
2010-09-06,478000
2010-09-07,455000
2010-09-08,436000
2010-09-09,425000
2010-09-10,418000
2010-09-11,424000
2010-09-12,447000
2010-09-13,469000
2010-09-14,463000
2010-09-15,442000
2010-09-16,426000
2010-09-17,416000
2010-09-18,406000
2010-09-19,400000
2010-09-20,406000
2010-09-21,413000
2010-09-22,409000
2010-09-23,399000
2010-09-24,390000
2010-09-25,387000
2010-09-26,392000
2010-09-27,400000
2010-09-28,407000
2010-09-29,416000
2010-09-30,430000
2010-10-01,446000
2010-10-02,461000
2010-10-03,471000
2010-10-04,481000
2010-10-05,484000
2010-10-06,481000
2010-10-07,475000
2010-10-08,465000
2010-10-09,454000
2010-10-10,445000
2010-10-11,436000
2010-10-12,425000
2010-10-13,417000
2010-10-14,415000
2010-10-15,418000
2010-10-16,417000
2010-10-17,418000
2010-10-18,418000
2010-10-19,417000
2010-10-20,415000
2010-10-21,410000
2010-10-22,403000
2010-10-23,396000
2010-10-24,388000
2010-10-25,381000
2010-10-26,377000
2010-10-27,374000
2010-10-28,367000
2010-10-29,361000
2010-10-30,350000
2010-10-31,337000
2010-11-01,328000
2010-11-02,326000
2010-11-03,326000
2010-11-04,325000
2010-11-05,325000
2010-11-06,323000
2010-11-07,322000
2010-11-08,321000
2010-11-09,315000
2010-11-10,306000
2010-11-11,303000
2010-11-12,302000
2010-11-13,304000
2010-11-14,308000
2010-11-15,315000
2010-11-16,319000
2010-11-17,317000
2010-11-18,317000
2010-11-19,316000
2010-11-20,317000
2010-11-21,313000
2010-11-22,311000
2010-11-23,314000
2010-11-24,322000
2010-11-25,334000
2010-11-26,343000
2010-11-27,356000
2010-11-28,366000
2010-11-29,371000
2010-11-30,381000
2010-12-01,392000
2010-12-02,422000
2010-12-03,452000
2010-12-04,472000
2010-12-05,485000
2010-12-06,497000
2010-12-07,515000
2010-12-08,541000
2010-12-09,570000
2010-12-10,598000
2010-12-11,619000
2010-12-12,627000
2010-12-13,621000
2010-12-14,604000
2010-12-15,573000
2010-12-16,539000
2010-12-17,507000
2010-12-18,481000
2010-12-19,456000
2010-12-20,435000
2010-12-21,416000
2010-12-22,405000
2010-12-23,398000
2010-12-24,397000
2010-12-25,392000
2010-12-26,388000
2010-12-27,389000
2010-12-28,384000
2010-12-29,373000
2010-12-30,365000
2010-12-31,359000
2011-01-01,365000
2011-01-02,353000
2011-01-03,345000
2011-01-04,336000
2011-01-05,325000
2011-01-06,320000
2011-01-07,325000
2011-01-08,340000
2011-01-09,366000
2011-01-10,416000
2011-01-11,466000
2011-01-12,505000
2011-01-13,532000
2011-01-14,539000
2011-01-15,531000
2011-01-16,509000
2011-01-17,481000
2011-01-18,451000
2011-01-19,420000
2011-01-20,388000
2011-01-21,362000
2011-01-22,349000
2011-01-23,342000
2011-01-24,333000
2011-01-25,324000
2011-01-26,327000
2011-01-27,324000
2011-01-28,322000
2011-01-29,318000
2011-01-30,314000
2011-01-31,315000
2011-02-01,310000
2011-02-02,305000
2011-02-03,314000
2011-02-04,330000
2011-02-05,352000
2011-02-06,359000
2011-02-07,359000
2011-02-08,362000
2011-02-09,384000
2011-02-10,421000
2011-02-11,462000
2011-02-12,497000
2011-02-13,519000
2011-02-14,522000
2011-02-15,507000
2011-02-16,487000
2011-02-17,464000
2011-02-18,441000
2011-02-19,419000
2011-02-20,399000
2011-02-21,379000
2011-02-22,356000
2011-02-23,350000
2011-02-24,367000
2011-02-25,413000
2011-02-26,485000
2011-02-27,565000
2011-02-28,648000
2011-03-01,727000
2011-03-02,795000
2011-03-03,852000
2011-03-04,900000
2011-03-05,947000
2011-03-06,988000
2011-03-07,1020000
2011-03-08,1050000
2011-03-09,1100000
2011-03-10,1140000
2011-03-11,1170000
2011-03-12,1190000
2011-03-13,1210000
2011-03-14,1230000
2011-03-15,1250000
2011-03-16,1260000
2011-03-17,1280000
2011-03-18,1300000
2011-03-19,1310000
2011-03-20,1330000
2011-03-21,1340000
2011-03-22,1350000
2011-03-23,1370000
2011-03-24,1390000
2011-03-25,1390000
2011-03-26,1400000
2011-03-27,1420000
2011-03-28,1420000
2011-03-29,1410000
2011-03-30,1410000
2011-03-31,1410000
2011-04-01,1400000
2011-04-02,1380000
2011-04-03,1350000
2011-04-04,1320000
2011-04-05,1310000
2011-04-06,1270000
2011-04-07,1220000
2011-04-08,1170000
2011-04-09,1140000
2011-04-10,1100000
2011-04-11,1060000
2011-04-12,1030000
2011-04-13,1010000
2011-04-14,991000
2011-04-15,980000
2011-04-16,983000
2011-04-17,992000
2011-04-18,1000000
2011-04-19,1010000
2011-04-20,1020000
2011-04-21,1050000
2011-04-22,1090000
2011-04-23,1130000
2011-04-24,1160000
2011-04-25,1200000
2011-04-26,1240000
2011-04-27,1290000
2011-04-28,1340000
2011-04-29,1390000
2011-04-30,1440000
2011-05-01,1490000
2011-05-02,1540000
2011-05-03,1590000
2011-05-04,1650000
2011-05-05,1700000
2011-05-06,1760000
2011-05-07,1820000
2011-05-08,1890000
2011-05-09,1960000
2011-05-10,2020000
2011-05-11,2080000
2011-05-12,2140000
2011-05-13,2200000
2011-05-14,2230000
2011-05-15,2270000
2011-05-16,2290000
2011-05-17,2310000
2011-05-18,2310000
2011-05-19,2280000
2011-05-20,2250000
2011-05-21,2230000
2011-05-22,2200000
2011-05-23,2150000
2011-05-24,2100000
2011-05-25,2050000
2011-05-26,2010000
2011-05-27,1970000
2011-05-28,1930000
2011-05-29,1880000
2011-05-30,1830000
2011-05-31,1780000
2011-06-01,1740000
2011-06-02,1690000
2011-06-03,1650000
2011-06-04,1610000
2011-06-05,1580000
2011-06-06,1540000
2011-06-07,1500000
2011-06-08,1470000
2011-06-09,1430000
2011-06-10,1390000
2011-06-11,1350000
2011-06-12,1310000
2011-06-13,1260000
2011-06-14,1210000
2011-06-15,1170000
2011-06-16,1130000
2011-06-17,1090000
2011-06-18,1040000
2011-06-19,1000000
2011-06-20,962000
2011-06-21,928000
2011-06-22,906000
2011-06-23,887000
2011-06-24,874000
2011-06-25,869000
2011-06-26,870000
2011-06-27,873000
2011-06-28,882000
2011-06-29,896000
2011-06-30,910000
2011-07-01,925000
2011-07-02,938000
2011-07-03,952000
2011-07-04,964000
2011-07-05,979000
2011-07-06,982000
2011-07-07,982000
2011-07-08,978000
2011-07-09,972000
2011-07-10,964000
2011-07-11,953000
2011-07-12,939000
2011-07-13,926000
2011-07-14,916000
2011-07-15,901000
2011-07-16,886000
2011-07-17,870000
2011-07-18,851000
2011-07-19,831000
2011-07-20,812000
2011-07-21,790000
2011-07-22,766000
2011-07-23,740000
2011-07-24,716000
2011-07-25,694000
2011-07-26,677000
2011-07-27,660000
2011-07-28,642000
2011-07-29,625000
2011-07-30,614000
2011-07-31,603000
2011-08-01,594000
2011-08-02,588000
2011-08-03,585000
2011-08-04,587000
2011-08-05,586000
2011-08-06,583000
2011-08-07,578000
2011-08-08,573000
2011-08-09,572000
2011-08-10,572000
2011-08-11,574000
2011-08-12,579000
2011-08-13,586000
2011-08-14,585000
2011-08-15,579000
2011-08-16,570000
2011-08-17,558000
2011-08-18,543000
2011-08-19,531000
2011-08-20,518000
2011-08-21,509000
2011-08-22,501000
2011-08-23,494000
2011-08-24,492000
2011-08-25,488000
2011-08-26,482000
2011-08-27,477000
2011-08-28,470000
2011-08-29,463000
2011-08-30,455000
2011-08-31,450000
2011-09-01,449000
2011-09-02,450000
2011-09-03,449000
2011-09-04,447000
2011-09-05,446000
2011-09-06,437000
2011-09-07,422000
2011-09-08,412000
2011-09-09,403000
2011-09-10,395000
2011-09-11,394000
2011-09-12,400000
2011-09-13,412000
2011-09-14,426000
2011-09-15,437000
2011-09-16,446000
2011-09-17,448000
2011-09-18,441000
2011-09-19,430000
2011-09-20,419000
2011-09-21,408000
2011-09-22,396000
2011-09-23,384000
2011-09-24,374000
2011-09-25,365000
2011-09-26,363000
2011-09-27,359000
2011-09-28,360000
2011-09-29,360000
2011-09-30,359000
2011-10-01,385000
2011-10-02,401000
2011-10-03,415000
2011-10-04,422000
2011-10-05,422000
2011-10-06,415000
2011-10-07,405000
2011-10-08,392000
2011-10-09,380000
2011-10-10,372000
2011-10-11,367000
2011-10-12,364000
2011-10-13,358000
2011-10-14,349000
2011-10-15,335000
2011-10-16,322000
2011-10-17,309000
2011-10-18,296000
2011-10-19,285000
2011-10-20,276000
2011-10-21,271000
2011-10-22,273000
2011-10-23,280000
2011-10-24,288000
2011-10-25,295000
2011-10-26,300000
2011-10-27,308000
2011-10-28,321000
2011-10-29,337000
2011-10-30,349000
2011-10-31,355000
2011-11-01,357000
2011-11-02,356000
2011-11-03,352000
2011-11-04,349000
2011-11-05,351000
2011-11-06,353000
2011-11-07,357000
2011-11-08,358000
2011-11-09,360000
2011-11-10,365000
2011-11-11,382000
2011-11-12,381000
2011-11-13,364000
2011-11-14,345000
2011-11-15,328000
2011-11-16,319000
2011-11-17,326000
2011-11-18,339000
2011-11-19,351000
2011-11-20,368000
2011-11-21,383000
2011-11-22,408000
2011-11-23,463000
2011-11-24,536000
2011-11-25,608000
2011-11-26,661000
2011-11-27,699000
2011-11-28,733000
2011-11-29,759000
2011-11-30,782000
2011-12-01,795000
2011-12-02,816000
2011-12-03,836000
2011-12-04,860000
2011-12-05,895000
2011-12-06,936000
2011-12-07,987000
2011-12-08,1030000
2011-12-09,1070000
2011-12-10,1100000
2011-12-11,1120000
2011-12-12,1130000
2011-12-13,1140000
2011-12-14,1150000
2011-12-15,1160000
2011-12-16,1170000
2011-12-17,1170000
2011-12-18,1180000
2011-12-19,1180000
2011-12-20,1180000
2011-12-21,1180000
2011-12-22,1180000
2011-12-23,1190000
2011-12-24,1180000
2011-12-25,1170000
2011-12-26,1170000
2011-12-27,1150000
2011-12-28,1140000
2011-12-29,1120000
2011-12-30,1100000
2011-12-31,1090000
2012-01-01,1070000
2012-01-02,1060000
2012-01-03,1050000
2012-01-04,1030000
2012-01-05,1020000
2012-01-06,1000000
2012-01-07,988000
2012-01-08,973000
2012-01-09,961000
2012-01-10,939000
2012-01-11,911000
2012-01-12,877000
2012-01-13,836000
2012-01-14,788000
2012-01-15,741000
2012-01-16,692000
2012-01-17,658000
2012-01-18,638000
2012-01-19,629000
2012-01-20,639000
2012-01-21,656000
2012-01-22,673000
2012-01-23,698000
2012-01-24,710000
2012-01-25,726000
2012-01-26,757000
2012-01-27,797000
2012-01-28,845000
2012-01-29,894000
2012-01-30,925000
2012-01-31,939000
2012-02-01,948000
2012-02-02,957000
2012-02-03,968000
2012-02-04,987000
2012-02-05,1000000
2012-02-06,1020000
2012-02-07,1030000
2012-02-08,1050000
2012-02-09,1050000
2012-02-10,1060000
2012-02-11,1060000
2012-02-12,1060000
2012-02-13,1050000
2012-02-14,1020000
2012-02-15,983000
2012-02-16,950000
2012-02-17,908000
2012-02-18,861000
2012-02-19,816000
2012-02-20,774000
2012-02-21,728000
2012-02-22,684000
2012-02-23,651000
2012-02-24,635000
2012-02-25,625000
2012-02-26,613000
2012-02-27,603000
2012-02-28,589000
2012-02-29,573000
2012-03-01,564000
2012-03-02,554000
2012-03-03,552000
2012-03-04,547000
2012-03-05,543000
2012-03-06,542000
2012-03-07,546000
2012-03-08,552000
2012-03-09,586000
2012-03-10,652000
2012-03-11,722000
2012-03-12,793000
2012-03-13,862000
2012-03-14,924000
2012-03-15,961000
2012-03-16,975000
2012-03-17,982000
2012-03-18,987000
2012-03-19,988000
2012-03-20,984000
2012-03-21,980000
2012-03-22,980000
2012-03-23,984000
2012-03-24,996000
2012-03-25,1010000
2012-03-26,1020000
2012-03-27,1030000
2012-03-28,1030000
2012-03-29,1020000
2012-03-30,1020000
2012-03-31,1020000
2012-04-01,1000000
2012-04-02,980000
2012-04-03,951000
2012-04-04,914000
2012-04-05,866000
2012-04-06,823000
2012-04-07,787000
2012-04-08,749000
2012-04-09,713000
2012-04-10,682000
2012-04-11,661000
2012-04-12,647000
2012-04-13,629000
2012-04-14,609000
2012-04-15,586000
2012-04-16,564000
2012-04-17,546000
2012-04-18,533000
2012-04-19,520000
2012-04-20,508000
2012-04-21,496000
2012-04-22,499000
2012-04-23,515000
2012-04-24,531000
2012-04-25,539000
2012-04-26,537000
2012-04-27,532000
2012-04-28,525000
2012-04-29,509000
2012-04-30,490000
2012-05-01,471000
2012-05-02,453000
2012-05-03,443000
2012-05-04,450000
2012-05-05,472000
2012-05-06,505000
2012-05-07,545000
2012-05-08,586000
2012-05-09,616000
2012-05-10,636000
2012-05-11,649000
2012-05-12,671000
2012-05-13,700000
2012-05-14,722000
2012-05-15,725000
2012-05-16,719000
2012-05-17,712000
2012-05-18,708000
2012-05-19,700000
2012-05-20,682000
2012-05-21,668000
2012-05-22,649000
2012-05-23,623000
2012-05-24,590000
2012-05-25,565000
2012-05-26,543000
2012-05-27,519000
2012-05-28,498000
2012-05-29,471000
2012-05-30,445000
2012-05-31,425000
2012-06-01,405000
2012-06-02,385000
2012-06-03,366000
2012-06-04,347000
2012-06-05,335000
2012-06-06,334000
2012-06-07,343000
2012-06-08,349000
2012-06-09,346000
2012-06-10,342000
2012-06-11,340000
2012-06-12,342000
2012-06-13,349000
2012-06-14,357000
2012-06-15,355000
2012-06-16,348000
2012-06-17,340000
2012-06-18,333000
2012-06-19,326000
2012-06-20,318000
2012-06-21,313000
2012-06-22,308000
2012-06-23,303000
2012-06-24,301000
2012-06-25,299000
2012-06-26,297000
2012-06-27,294000
2012-06-28,287000
2012-06-29,279000
2012-06-30,273000
2012-07-01,274000
2012-07-02,275000
2012-07-03,274000
2012-07-04,267000
2012-07-05,263000
2012-07-06,261000
2012-07-07,260000
2012-07-08,262000
2012-07-09,266000
2012-07-10,270000
2012-07-11,275000
2012-07-12,278000
2012-07-13,282000
2012-07-14,286000
2012-07-15,288000
2012-07-16,289000
2012-07-17,288000
2012-07-18,282000
2012-07-19,275000
2012-07-20,261000
2012-07-21,248000
2012-07-22,240000
2012-07-23,235000
2012-07-24,230000
2012-07-25,228000
2012-07-26,229000
2012-07-27,229000
2012-07-28,229000
2012-07-29,229000
2012-07-30,225000
2012-07-31,222000
2012-08-01,218000
2012-08-02,219000
2012-08-03,228000
2012-08-04,245000
2012-08-05,257000
2012-08-06,263000
2012-08-07,261000
2012-08-08,249000
2012-08-09,234000
2012-08-10,225000
2012-08-11,221000
2012-08-12,215000
2012-08-13,209000
2012-08-14,209000
2012-08-15,211000
2012-08-16,212000
2012-08-17,214000
2012-08-18,213000
2012-08-19,213000
2012-08-20,212000
2012-08-21,213000
2012-08-22,210000
2012-08-23,207000
2012-08-24,204000
2012-08-25,203000
2012-08-26,199000
2012-08-27,195000
2012-08-28,191000
2012-08-29,191000
2012-08-30,195000
2012-08-31,200000
2012-09-01,205000
2012-09-02,211000
2012-09-03,212000
2012-09-04,210000
2012-09-05,213000
2012-09-06,216000
2012-09-07,221000
2012-09-08,226000
2012-09-09,231000
2012-09-10,233000
2012-09-11,234000
2012-09-12,232000
2012-09-13,230000
2012-09-14,229000
2012-09-15,227000
2012-09-16,226000
2012-09-17,227000
2012-09-18,226000
2012-09-19,225000
2012-09-20,224000
2012-09-21,219000
2012-09-22,213000
2012-09-23,204000
2012-09-24,201000
2012-09-25,203000
2012-09-26,214000
2012-09-27,226000
2012-09-28,234000
2012-09-29,238000
2012-09-30,241000
2012-10-01,252000
2012-10-02,260000
2012-10-03,266000
2012-10-04,269000
2012-10-05,268000
2012-10-06,264000
2012-10-07,258000
2012-10-08,250000
2012-10-09,244000
2012-10-10,239000
2012-10-11,232000
2012-10-12,227000
2012-10-13,223000
2012-10-14,221000
2012-10-15,222000
2012-10-16,226000
2012-10-17,222000
2012-10-18,212000
2012-10-19,207000
2012-10-20,207000
2012-10-21,207000
2012-10-22,209000
2012-10-23,212000
2012-10-24,216000
2012-10-25,218000
2012-10-26,215000
2012-10-27,212000
2012-10-28,210000
2012-10-29,209000
2012-10-30,211000
2012-10-31,215000
2012-11-01,223000
2012-11-02,229000
2012-11-03,233000
2012-11-04,234000
2012-11-05,234000
2012-11-06,236000
2012-11-07,245000
2012-11-08,264000
2012-11-09,287000
2012-11-10,306000
2012-11-11,321000
2012-11-12,330000
2012-11-13,329000
2012-11-14,322000
2012-11-15,309000
2012-11-16,294000
2012-11-17,282000
2012-11-18,271000
2012-11-19,262000
2012-11-20,256000
2012-11-21,252000
2012-11-22,249000
2012-11-23,249000
2012-11-24,250000
2012-11-25,252000
2012-11-26,249000
2012-11-27,244000
2012-11-28,240000
2012-11-29,233000
2012-11-30,226000
2012-12-01,221000
2012-12-02,217000
2012-12-03,211000
2012-12-04,204000
2012-12-05,200000
2012-12-06,200000
2012-12-07,204000
2012-12-08,204000
2012-12-09,201000
2012-12-10,202000
2012-12-11,206000
2012-12-12,213000
2012-12-13,223000
2012-12-14,236000
2012-12-15,254000
2012-12-16,278000
2012-12-17,314000
2012-12-18,360000
2012-12-19,401000
2012-12-20,431000
2012-12-21,452000
2012-12-22,458000
2012-12-23,455000
2012-12-24,441000
2012-12-25,425000
2012-12-26,423000
2012-12-27,423000
2012-12-28,431000
2012-12-29,449000
2012-12-30,478000
2012-12-31,501000
2013-01-01,526000
2013-01-02,554000
2013-01-03,569000
2013-01-04,574000
2013-01-05,576000
2013-01-06,577000
2013-01-07,574000
2013-01-08,562000
2013-01-09,546000
2013-01-10,548000
2013-01-11,560000
2013-01-12,565000
2013-01-13,564000
2013-01-14,571000
2013-01-15,596000
2013-01-16,627000
2013-01-17,664000
2013-01-18,713000
2013-01-19,766000
2013-01-20,815000
2013-01-21,855000
2013-01-22,889000
2013-01-23,917000
2013-01-24,939000
2013-01-25,955000
2013-01-26,967000
2013-01-27,973000
2013-01-28,978000
2013-01-29,973000
2013-01-30,972000
2013-01-31,958000
2013-02-01,930000
2013-02-02,878000
2013-02-03,820000
2013-02-04,770000
2013-02-05,745000
2013-02-06,737000
2013-02-07,738000
2013-02-08,742000
2013-02-09,753000
2013-02-10,785000
2013-02-11,822000
2013-02-12,873000
2013-02-13,917000
2013-02-14,935000
2013-02-15,931000
2013-02-16,908000
2013-02-17,865000
2013-02-18,817000
2013-02-19,777000
2013-02-20,745000
2013-02-21,720000
2013-02-22,709000
2013-02-23,698000
2013-02-24,687000
2013-02-25,670000
2013-02-26,651000
2013-02-27,639000
2013-02-28,632000
2013-03-01,621000
2013-03-02,604000
2013-03-03,586000
2013-03-04,569000
2013-03-05,561000
2013-03-06,562000
2013-03-07,573000
2013-03-08,583000
2013-03-09,590000
2013-03-10,599000
2013-03-11,618000
2013-03-12,638000
2013-03-13,657000
2013-03-14,671000
2013-03-15,680000
2013-03-16,709000
2013-03-17,762000
2013-03-18,826000
2013-03-19,886000
2013-03-20,924000
2013-03-21,946000
2013-03-22,962000
2013-03-23,975000
2013-03-24,991000
2013-03-25,1010000
2013-03-26,1030000
2013-03-27,1040000
2013-03-28,1040000
2013-03-29,1030000
2013-03-30,1020000
2013-03-31,999000
2013-04-01,977000
2013-04-02,953000
2013-04-03,922000
2013-04-04,892000
2013-04-05,861000
2013-04-06,828000
2013-04-07,790000
2013-04-08,745000
2013-04-09,704000
2013-04-10,670000
2013-04-11,645000
2013-04-12,651000
2013-04-13,660000
2013-04-14,670000
2013-04-15,679000
2013-04-16,692000
2013-04-17,709000
2013-04-18,740000
2013-04-19,793000
2013-04-20,847000
2013-04-21,900000
2013-04-22,948000
2013-04-23,988000
2013-04-24,1030000
2013-04-25,1060000
2013-04-26,1080000
2013-04-27,1100000
2013-04-28,1120000
2013-04-29,1140000
2013-04-30,1160000
2013-05-01,1180000
2013-05-02,1200000
2013-05-03,1210000
2013-05-04,1230000
2013-05-05,1240000
2013-05-06,1260000
2013-05-07,1270000
2013-05-08,1290000
2013-05-09,1300000
2013-05-10,1310000
2013-05-11,1330000
2013-05-12,1340000
2013-05-13,1350000
2013-05-14,1360000
2013-05-15,1370000
2013-05-16,1370000
2013-05-17,1370000
2013-05-18,1380000
2013-05-19,1380000
2013-05-20,1380000
2013-05-21,1380000
2013-05-22,1370000
2013-05-23,1360000
2013-05-24,1330000
2013-05-25,1300000
2013-05-26,1270000
2013-05-27,1230000
2013-05-28,1190000
2013-05-29,1160000
2013-05-30,1130000
2013-05-31,1100000
2013-06-01,1060000
2013-06-02,1030000
2013-06-03,1000000
2013-06-04,971000
2013-06-05,959000
2013-06-06,976000
2013-06-07,1000000
2013-06-08,1030000
2013-06-09,1060000
2013-06-10,1090000
2013-06-11,1110000
2013-06-12,1130000
2013-06-13,1150000
2013-06-14,1160000
2013-06-15,1170000
2013-06-16,1180000
2013-06-17,1190000
2013-06-18,1180000
2013-06-19,1160000
2013-06-20,1140000
2013-06-21,1120000
2013-06-22,1090000
2013-06-23,1070000
2013-06-24,1050000
2013-06-25,1040000
2013-06-26,1030000
2013-06-27,1010000
2013-06-28,996000
2013-06-29,974000
2013-06-30,941000
2013-07-01,904000
2013-07-02,866000
2013-07-03,833000
2013-07-04,809000
2013-07-05,789000
2013-07-06,777000
2013-07-07,771000
2013-07-08,771000
2013-07-09,783000
2013-07-10,804000
2013-07-11,833000
2013-07-12,866000
2013-07-13,896000
2013-07-14,925000
2013-07-15,953000
2013-07-16,975000
2013-07-17,996000
2013-07-18,1010000
2013-07-19,1020000
2013-07-20,1020000
2013-07-21,1020000
2013-07-22,1010000
2013-07-23,989000
2013-07-24,965000
2013-07-25,929000
2013-07-26,874000
2013-07-27,819000
2013-07-28,761000
2013-07-29,699000
2013-07-30,645000
2013-07-31,604000
2013-08-01,576000
2013-08-02,562000
2013-08-03,549000
2013-08-04,535000
2013-08-05,510000
2013-08-06,487000
2013-08-07,469000
2013-08-08,450000
2013-08-09,433000
2013-08-10,417000
2013-08-11,405000
2013-08-12,403000
2013-08-13,418000
2013-08-14,447000
2013-08-15,488000
2013-08-16,542000
2013-08-17,596000
2013-08-18,643000
2013-08-19,676000
2013-08-20,692000
2013-08-21,694000
2013-08-22,685000
2013-08-23,664000
2013-08-24,634000
2013-08-25,598000
2013-08-26,557000
2013-08-27,514000
2013-08-28,485000
2013-08-29,465000
2013-08-30,449000
2013-08-31,436000
2013-09-01,427000
2013-09-02,415000
2013-09-03,399000
2013-09-04,382000
2013-09-05,372000
2013-09-06,371000
2013-09-07,369000
2013-09-08,363000
2013-09-09,363000
2013-09-10,361000
2013-09-11,347000
2013-09-12,331000
2013-09-13,317000
2013-09-14,308000
2013-09-15,299000
2013-09-16,290000
2013-09-17,284000
2013-09-18,274000
2013-09-19,267000
2013-09-20,265000
2013-09-21,267000
2013-09-22,268000
2013-09-23,270000
2013-09-24,271000
2013-09-25,271000
2013-09-26,270000
2013-09-27,271000
2013-09-28,270000
2013-09-29,273000
2013-09-30,281000
2013-10-01,289000
2013-10-02,287000
2013-10-03,285000
2013-10-04,283000
2013-10-05,278000
2013-10-06,273000
2013-10-07,268000
2013-10-08,266000
2013-10-09,262000
2013-10-10,257000
2013-10-11,265000
2013-10-12,286000
2013-10-13,321000
2013-10-14,349000
2013-10-15,362000
2013-10-16,355000
2013-10-17,343000
2013-10-18,329000
2013-10-19,308000
2013-10-20,289000
2013-10-21,275000
2013-10-22,260000
2013-10-23,249000
2013-10-24,242000
2013-10-25,234000
2013-10-26,230000
2013-10-27,226000
2013-10-28,224000
2013-10-29,220000
2013-10-30,220000
2013-10-31,225000
2013-11-01,237000
2013-11-02,248000
2013-11-03,255000
2013-11-04,253000
2013-11-05,253000
2013-11-06,251000
2013-11-07,258000
2013-11-08,278000
2013-11-09,293000
2013-11-10,306000
2013-11-11,316000
2013-11-12,320000
2013-11-13,319000
2013-11-14,313000
2013-11-15,306000
2013-11-16,301000
2013-11-17,304000
2013-11-18,305000
2013-11-19,300000
2013-11-20,293000
2013-11-21,286000
2013-11-22,283000
2013-11-23,293000
2013-11-24,326000
2013-11-25,366000
2013-11-26,401000
2013-11-27,424000
2013-11-28,435000
2013-11-29,428000
2013-11-30,409000
2013-12-01,388000
2013-12-02,367000
2013-12-03,349000
2013-12-04,342000
2013-12-05,340000
2013-12-06,344000
2013-12-07,358000
2013-12-08,378000
2013-12-09,386000
2013-12-10,385000
2013-12-11,379000
2013-12-12,377000
2013-12-13,382000
2013-12-14,406000
2013-12-15,457000
2013-12-16,528000
2013-12-17,587000
2013-12-18,627000
2013-12-19,653000
2013-12-20,668000
2013-12-21,665000
2013-12-22,675000
2013-12-23,685000
2013-12-24,704000
2013-12-25,720000
2013-12-26,740000
2013-12-27,768000
2013-12-28,800000
2013-12-29,828000
2013-12-30,850000
2013-12-31,868000
2014-01-01,884000
2014-01-02,896000
2014-01-03,903000
2014-01-04,907000
2014-01-05,909000
2014-01-06,909000
2014-01-07,907000
2014-01-08,898000
2014-01-09,884000
2014-01-10,868000
2014-01-11,852000
2014-01-12,830000
2014-01-13,804000
2014-01-14,775000
2014-01-15,748000
2014-01-16,727000
2014-01-17,713000
2014-01-18,702000
2014-01-19,701000
2014-01-20,706000
2014-01-21,717000
2014-01-22,737000
2014-01-23,758000
2014-01-24,769000
2014-01-25,769000
2014-01-26,764000
2014-01-27,733000
2014-01-28,693000
2014-01-29,654000
2014-01-30,606000
2014-01-31,560000
2014-02-01,517000
2014-02-02,474000
2014-02-03,438000
2014-02-04,416000
2014-02-05,411000
2014-02-06,423000
2014-02-07,445000
2014-02-08,463000
2014-02-09,480000
2014-02-10,503000
2014-02-11,539000
2014-02-12,600000
2014-02-13,659000
2014-02-14,710000
2014-02-15,739000
2014-02-16,756000
2014-02-17,754000
2014-02-18,731000
2014-02-19,690000
2014-02-20,643000
2014-02-21,602000
2014-02-22,564000
2014-02-23,535000
2014-02-24,515000
2014-02-25,509000
2014-02-26,516000
2014-02-27,552000
2014-02-28,603000
2014-03-01,663000
2014-03-02,714000
2014-03-03,761000
2014-03-04,805000
2014-03-05,840000
2014-03-06,861000
2014-03-07,866000
2014-03-08,863000
2014-03-09,852000
2014-03-10,836000
2014-03-11,818000
2014-03-12,799000
2014-03-13,782000
2014-03-14,763000
2014-03-15,740000
2014-03-16,717000
2014-03-17,693000
2014-03-18,676000
2014-03-19,670000
2014-03-20,679000
2014-03-21,685000
2014-03-22,683000
2014-03-23,680000
2014-03-24,684000
2014-03-25,672000
2014-03-26,648000
2014-03-27,624000
2014-03-28,612000
2014-03-29,619000
2014-03-30,628000
2014-03-31,625000
2014-04-01,616000
2014-04-02,603000
2014-04-03,587000
2014-04-04,578000
2014-04-05,574000
2014-04-06,582000
2014-04-07,614000
2014-04-08,657000
2014-04-09,729000
2014-04-10,800000
2014-04-11,859000
2014-04-12,901000
2014-04-13,934000
2014-04-14,966000
2014-04-15,993000
2014-04-16,1010000
2014-04-17,1030000
2014-04-18,1040000
2014-04-19,1040000
2014-04-20,1040000
2014-04-21,1030000
2014-04-22,1020000
2014-04-23,1000000
2014-04-24,977000
2014-04-25,950000
2014-04-26,911000
2014-04-27,864000
2014-04-28,813000
2014-04-29,772000
2014-04-30,739000
2014-05-01,711000
2014-05-02,694000
2014-05-03,702000
2014-05-04,738000
2014-05-05,775000
2014-05-06,811000
2014-05-07,841000
2014-05-08,861000
2014-05-09,881000
2014-05-10,899000
2014-05-11,910000
2014-05-12,908000
2014-05-13,898000
2014-05-14,886000
2014-05-15,869000
2014-05-16,844000
2014-05-17,814000
2014-05-18,795000
2014-05-19,782000
2014-05-20,776000
2014-05-21,778000
2014-05-22,790000
2014-05-23,804000
2014-05-24,817000
2014-05-25,831000
2014-05-26,842000
2014-05-27,846000
2014-05-28,853000
2014-05-29,861000
2014-05-30,867000
2014-05-31,864000
2014-06-01,850000
2014-06-02,828000
2014-06-03,799000
2014-06-04,763000
2014-06-05,725000
2014-06-06,689000
2014-06-07,660000
2014-06-08,636000
2014-06-09,627000
2014-06-10,639000
2014-06-11,675000
2014-06-12,716000
2014-06-13,756000
2014-06-14,783000
2014-06-15,801000
2014-06-16,820000
2014-06-17,838000
2014-06-18,851000
2014-06-19,848000
2014-06-20,835000
2014-06-21,815000
2014-06-22,789000
2014-06-23,752000
2014-06-24,713000
2014-06-25,681000
2014-06-26,648000
2014-06-27,618000
2014-06-28,596000
2014-06-29,584000
2014-06-30,581000
2014-07-01,590000
2014-07-02,610000
2014-07-03,631000
2014-07-04,649000
2014-07-05,661000
2014-07-06,672000
2014-07-07,674000
2014-07-08,673000
2014-07-09,670000
2014-07-10,664000
2014-07-11,654000
2014-07-12,647000
2014-07-13,639000
2014-07-14,631000
2014-07-15,628000
2014-07-16,628000
2014-07-17,628000
2014-07-18,630000
2014-07-19,642000
2014-07-20,650000
2014-07-21,651000
2014-07-22,647000
2014-07-23,634000
2014-07-24,624000
2014-07-25,612000
2014-07-26,597000
2014-07-27,576000
2014-07-28,553000
2014-07-29,528000
2014-07-30,505000
2014-07-31,485000
2014-08-01,467000
2014-08-02,457000
2014-08-03,445000
2014-08-04,431000
2014-08-05,416000
2014-08-06,405000
2014-08-07,391000
2014-08-08,374000
2014-08-09,358000
2014-08-10,345000
2014-08-11,335000
2014-08-12,333000
2014-08-13,341000
2014-08-14,347000
2014-08-15,350000
2014-08-16,348000
2014-08-17,347000
2014-08-18,342000
2014-08-19,339000
2014-08-20,342000
2014-08-21,348000
2014-08-22,356000
2014-08-23,363000
2014-08-24,368000
2014-08-25,372000
2014-08-26,375000
2014-08-27,376000
2014-08-28,380000
2014-08-29,386000
2014-08-30,394000
2014-08-31,401000
2014-09-01,406000
2014-09-02,410000
2014-09-03,411000
2014-09-04,403000
2014-09-05,394000
2014-09-06,382000
2014-09-07,371000
2014-09-08,368000
2014-09-09,376000
2014-09-10,392000
2014-09-11,405000
2014-09-12,415000
2014-09-13,423000
2014-09-14,435000
2014-09-15,439000
2014-09-16,439000
2014-09-17,440000
2014-09-18,451000
2014-09-19,478000
2014-09-20,514000
2014-09-21,545000
2014-09-22,562000
2014-09-23,564000
2014-09-24,555000
2014-09-25,542000
2014-09-26,524000
2014-09-27,503000
2014-09-28,483000
2014-09-29,465000
2014-09-30,446000
2014-10-01,425000
2014-10-02,408000
2014-10-03,394000
2014-10-04,379000
2014-10-05,363000
2014-10-06,347000
2014-10-07,334000
2014-10-08,325000
2014-10-09,331000
2014-10-10,353000
2014-10-11,387000
2014-10-12,424000
2014-10-13,465000
2014-10-14,
2014-10-15,518000
2014-10-16,535000
2014-10-17,552000
2014-10-18,559000
2014-10-19,571000
2014-10-20,599000
2014-10-21,638000
2014-10-22,673000
2014-10-23,703000
2014-10-24,719000
2014-10-25,723000
2014-10-26,712000
2014-10-27,683000
2014-10-28,646000
2014-10-29,610000
2014-10-30,574000
2014-10-31,540000
2014-11-01,511000
2014-11-02,484000
2014-11-03,463000
2014-11-04,440000
2014-11-05,422000
2014-11-06,413000
2014-11-07,408000
2014-11-08,400000
2014-11-09,392000
2014-11-10,384000
2014-11-11,377000
2014-11-12,369000
2014-11-13,362000
2014-11-14,358000
2014-11-15,360000
2014-11-16,369000
2014-11-17,382000
2014-11-18,394000
2014-11-19,401000
2014-11-20,394000
2014-11-21,379000
2014-11-22,365000
2014-11-23,356000
2014-11-24,350000
2014-11-25,353000
2014-11-26,366000
2014-11-27,377000
2014-11-28,381000
2014-11-29,381000
2014-11-30,377000
2014-12-01,376000
2014-12-02,384000
2014-12-03,395000
2014-12-04,407000
2014-12-05,416000
2014-12-06,425000
2014-12-07,430000
2014-12-08,437000
2014-12-09,443000
2014-12-10,445000
2014-12-11,451000
2014-12-12,473000
2014-12-13,511000
2014-12-14,556000
2014-12-15,593000
2014-12-16,622000
2014-12-17,643000
2014-12-18,654000
2014-12-19,640000
2014-12-20,613000
2014-12-21,579000
2014-12-22,540000
2014-12-23,500000
2014-12-24,464000
2014-12-25,436000
2014-12-26,415000
2014-12-27,402000
2014-12-28,398000
2014-12-29,407000
2014-12-30,418000
2014-12-31,422000
2015-01-01,429000
2015-01-02,449000
2015-01-03,479000
2015-01-04,519000
2015-01-05,565000
2015-01-06,607000
2015-01-07,625000
2015-01-08,626000
2015-01-09,626000
2015-01-10,631000
2015-01-11,637000
2015-01-12,642000
2015-01-13,638000
2015-01-14,630000
2015-01-15,618000
2015-01-16,600000
2015-01-17,577000
2015-01-18,555000
2015-01-19,530000
2015-01-20,509000
2015-01-21,490000
2015-01-22,475000
2015-01-23,471000
2015-01-24,468000
2015-01-25,461000
2015-01-26,449000
2015-01-27,428000
2015-01-28,405000
2015-01-29,385000
2015-01-30,374000
2015-01-31,372000
2015-02-01,373000
2015-02-02,375000
2015-02-03,384000
2015-02-04,396000
2015-02-05,401000
2015-02-06,406000
2015-02-07,408000
2015-02-08,407000
2015-02-09,408000
2015-02-10,415000
2015-02-11,434000
2015-02-12,452000
2015-02-13,470000
2015-02-14,475000
2015-02-15,467000
2015-02-16,447000
2015-02-17,429000
2015-02-18,419000
2015-02-19,412000
2015-02-20,405000
2015-02-21,402000
2015-02-22,408000
2015-02-23,423000
2015-02-24,449000
2015-02-25,466000
2015-02-26,478000
2015-02-27,492000
2015-02-28,523000
2015-03-01,561000
2015-03-02,599000
2015-03-03,632000
2015-03-04,650000
2015-03-05,658000
2015-03-06,669000
2015-03-07,679000
2015-03-08,690000
2015-03-09,706000
2015-03-10,746000
2015-03-11,805000
2015-03-12,862000
2015-03-13,914000
2015-03-14,959000
2015-03-15,999000
2015-03-16,1040000
2015-03-17,1080000
2015-03-18,1120000
2015-03-19,1140000
2015-03-20,1170000
2015-03-21,1190000
2015-03-22,1210000
2015-03-23,1230000
2015-03-24,1250000
2015-03-25,1270000
2015-03-26,1280000
2015-03-27,1290000
2015-03-28,1300000
2015-03-29,1310000
2015-03-30,1320000
2015-03-31,1320000
2015-04-01,1320000
2015-04-02,1310000
2015-04-03,1290000
2015-04-04,1270000
2015-04-05,1250000
2015-04-06,1210000
2015-04-07,1170000
2015-04-08,1120000
2015-04-09,1080000
2015-04-10,1050000
2015-04-11,1030000
2015-04-12,1010000
2015-04-13,1000000
2015-04-14,1000000
2015-04-15,1000000
2015-04-16,1020000
2015-04-17,1050000
2015-04-18,1070000
2015-04-19,1100000
2015-04-20,1120000
2015-04-21,1130000
2015-04-22,1150000
2015-04-23,1160000
2015-04-24,1170000
2015-04-25,1180000
2015-04-26,1200000
2015-04-27,1210000
2015-04-28,1220000
2015-04-29,1230000
2015-04-30,1230000
2015-05-01,1220000
2015-05-02,1210000
2015-05-03,1190000
2015-05-04,1170000
2015-05-05,1140000
2015-05-06,1110000
2015-05-07,1060000
2015-05-08,994000
2015-05-09,923000
2015-05-10,850000
2015-05-11,784000
2015-05-12,728000
2015-05-13,691000
2015-05-14,683000
2015-05-15,690000
2015-05-16,698000
2015-05-17,703000
2015-05-18,716000
2015-05-19,727000
2015-05-20,727000
2015-05-21,731000
2015-05-22,736000
2015-05-23,742000
2015-05-24,754000
2015-05-25,773000
2015-05-26,799000
2015-05-27,819000
2015-05-28,835000
2015-05-29,846000
2015-05-30,859000
2015-05-31,872000
2015-06-01,890000
2015-06-02,910000
2015-06-03,932000
2015-06-04,953000
2015-06-05,973000
2015-06-06,990000
2015-06-07,996000
2015-06-08,987000
2015-06-09,969000
2015-06-10,951000
2015-06-11,929000
2015-06-12,910000
2015-06-13,893000
2015-06-14,881000
2015-06-15,875000
2015-06-16,873000
2015-06-17,874000
2015-06-18,873000
2015-06-19,866000
2015-06-20,860000
2015-06-21,862000
2015-06-22,881000
2015-06-23,915000
2015-06-24,957000
2015-06-25,1000000
2015-06-26,1030000
2015-06-27,1060000
2015-06-28,1090000
2015-06-29,1110000
2015-06-30,1130000
2015-07-01,1150000
2015-07-02,1170000
2015-07-03,1180000
2015-07-04,1200000
2015-07-05,1220000
2015-07-06,1230000
2015-07-07,1250000
2015-07-08,1260000
2015-07-09,1270000
2015-07-10,1280000
2015-07-11,1290000
2015-07-12,1300000
2015-07-13,1310000
2015-07-14,1310000
2015-07-15,1330000
2015-07-16,1340000
2015-07-17,1340000
2015-07-18,1350000
2015-07-19,1350000
2015-07-20,1360000
2015-07-21,1360000
2015-07-22,1360000
2015-07-23,1360000
2015-07-24,1370000
2015-07-25,1370000
2015-07-26,1370000
2015-07-27,1370000
2015-07-28,1370000
2015-07-29,1370000
2015-07-30,1350000
2015-07-31,1340000
2015-08-01,1320000
2015-08-02,1300000
2015-08-03,1270000
2015-08-04,1240000
2015-08-05,1200000
2015-08-06,1150000
2015-08-07,1100000
2015-08-08,1040000
2015-08-09,994000
2015-08-10,937000
2015-08-11,883000
2015-08-12,830000
2015-08-13,773000
2015-08-14,718000
2015-08-15,671000
2015-08-16,633000
2015-08-17,598000
2015-08-18,564000
2015-08-19,540000
2015-08-20,523000
2015-08-21,506000
2015-08-22,494000
2015-08-23,482000
2015-08-24,468000
2015-08-25,454000
2015-08-26,444000
2015-08-27,436000
2015-08-28,426000
2015-08-29,416000
2015-08-30,412000
2015-08-31,407000
2015-09-01,406000
2015-09-02,401000
2015-09-03,390000
2015-09-04,377000
2015-09-05,360000
2015-09-06,343000
2015-09-07,329000
2015-09-08,319000
2015-09-09,315000
2015-09-10,316000
2015-09-11,324000
2015-09-12,333000
2015-09-13,328000
2015-09-14,316000
2015-09-15,306000
2015-09-16,303000
2015-09-17,306000
2015-09-18,312000
2015-09-19,318000
2015-09-20,323000
2015-09-21,328000
2015-09-22,329000
2015-09-23,327000
2015-09-24,324000
2015-09-25,319000
2015-09-26,310000
2015-09-27,300000
2015-09-28,293000
2015-09-29,291000
2015-09-30,290000
2015-10-01,293000
2015-10-02,295000
2015-10-03,291000
2015-10-04,285000
2015-10-05,282000
2015-10-06,285000
2015-10-07,299000
2015-10-08,323000
2015-10-09,344000
2015-10-10,354000
2015-10-11,350000
2015-10-12,335000
2015-10-13,322000
2015-10-14,311000
2015-10-15,302000
2015-10-16,292000
2015-10-17,284000
2015-10-18,274000
2015-10-19,266000
2015-10-20,260000
2015-10-21,258000
2015-10-22,257000
2015-10-23,252000
2015-10-24,246000
2015-10-25,243000
2015-10-26,250000
2015-10-27,255000
2015-10-28,252000
2015-10-29,252000
2015-10-30,250000
2015-10-31,251000
2015-11-01,260000
2015-11-02,270000
2015-11-03,283000
2015-11-04,294000
2015-11-05,306000
2015-11-06,315000
2015-11-07,326000
2015-11-08,349000
2015-11-09,362000
2015-11-10,357000
2015-11-11,347000
2015-11-12,341000
2015-11-13,344000
2015-11-14,345000
2015-11-15,341000
2015-11-16,333000
2015-11-17,326000
2015-11-18,347000
2015-11-19,385000
2015-11-20,440000
2015-11-21,489000
2015-11-22,510000
2015-11-23,530000
2015-11-24,560000
2015-11-25,601000
2015-11-26,640000
2015-11-27,669000
2015-11-28,676000
2015-11-29,679000
2015-11-30,693000
2015-12-01,727000
2015-12-02,767000
2015-12-03,801000
2015-12-04,829000
2015-12-05,859000
2015-12-06,896000
2015-12-07,932000
2015-12-08,967000
2015-12-09,1000000
2015-12-10,1030000
2015-12-11,1050000
2015-12-12,1060000
2015-12-13,1060000
2015-12-14,1050000
2015-12-15,1030000
2015-12-16,1020000
2015-12-17,1010000
2015-12-18,1000000
2015-12-19,989000
2015-12-20,967000
2015-12-21,951000
2015-12-22,953000
2015-12-23,960000
2015-12-24,981000
2015-12-25,996000
2015-12-26,1020000
2015-12-27,1050000
2015-12-28,1080000
2015-12-29,1120000
2015-12-30,1160000
2015-12-31,1220000
2016-01-01,1290000
2016-01-02,1350000
2016-01-03,1410000
2016-01-04,1480000
2016-01-05,1550000
2016-01-06,1620000
2016-01-07,1670000
2016-01-08,1710000
2016-01-09,1760000
2016-01-10,1800000
2016-01-11,1840000
2016-01-12,1880000
2016-01-13,1900000
2016-01-14,1900000
2016-01-15,1880000
2016-01-16,1850000
2016-01-17,1830000
2016-01-18,1790000
2016-01-19,1760000
2016-01-20,1720000
2016-01-21,1680000
2016-01-22,1640000
2016-01-23,1600000
2016-01-24,1540000
2016-01-25,1470000
2016-01-26,1400000
2016-01-27,1330000
2016-01-28,1260000
2016-01-29,1190000
2016-01-30,1110000
2016-01-31,1050000
2016-02-01,999000
2016-02-02,946000
2016-02-03,911000
2016-02-04,889000
2016-02-05,869000
2016-02-06,853000
2016-02-07,841000
2016-02-08,835000
2016-02-09,838000
2016-02-10,848000
2016-02-11,862000
2016-02-12,879000
2016-02-13,892000
2016-02-14,903000
2016-02-15,914000
2016-02-16,922000
2016-02-17,920000
2016-02-18,906000
2016-02-19,878000
2016-02-20,844000
2016-02-21,809000
2016-02-22,775000
2016-02-23,749000
2016-02-24,750000
2016-02-25,766000
2016-02-26,793000
2016-02-27,822000
2016-02-28,846000
2016-02-29,872000
2016-03-01,896000
2016-03-02,920000
2016-03-03,943000
2016-03-04,966000
2016-03-05,987000
2016-03-06,1000000
2016-03-07,1020000
2016-03-08,1020000
2016-03-09,1040000
2016-03-10,1080000
2016-03-11,1120000
2016-03-12,1160000
2016-03-13,1190000
2016-03-14,1210000
2016-03-15,1220000
2016-03-16,1220000
2016-03-17,1220000
2016-03-18,1220000
2016-03-19,1210000
2016-03-20,1210000
2016-03-21,1200000
2016-03-22,1180000
2016-03-23,1160000
2016-03-24,1140000
2016-03-25,1130000
2016-03-26,1110000
2016-03-27,1090000
2016-03-28,1070000
2016-03-29,1040000
2016-03-30,999000
2016-03-31,967000
2016-04-01,933000
2016-04-02,906000
2016-04-03,890000
2016-04-04,882000
2016-04-05,880000
2016-04-06,881000
2016-04-07,890000
2016-04-08,900000
2016-04-09,903000
2016-04-10,893000
2016-04-11,882000
2016-04-12,881000
2016-04-13,861000
2016-04-14,840000
2016-04-15,820000
2016-04-16,800000
2016-04-17,782000
2016-04-18,774000
2016-04-19,773000
2016-04-20,775000
2016-04-21,784000
2016-04-22,792000
2016-04-23,798000
2016-04-24,796000
2016-04-25,785000
2016-04-26,758000
2016-04-27,727000
2016-04-28,695000
2016-04-29,659000
2016-04-30,627000
2016-05-01,612000
2016-05-02,625000
2016-05-03,657000
2016-05-04,699000
2016-05-05,743000
2016-05-06,783000
2016-05-07,817000
2016-05-08,842000
2016-05-09,860000
2016-05-10,873000
2016-05-11,884000
2016-05-12,889000
2016-05-13,895000
2016-05-14,900000
2016-05-15,904000
2016-05-16,909000
2016-05-17,913000
2016-05-18,913000
2016-05-19,913000
2016-05-20,919000
2016-05-21,927000
2016-05-22,931000
2016-05-23,929000
2016-05-24,920000
2016-05-25,905000
2016-05-26,887000
2016-05-27,867000
2016-05-28,858000
2016-05-29,855000
2016-05-30,858000
2016-05-31,862000
2016-06-01,858000
2016-06-02,858000
2016-06-03,857000
2016-06-04,854000
2016-06-05,848000
2016-06-06,843000
2016-06-07,839000
2016-06-08,831000
2016-06-09,816000
2016-06-10,794000
2016-06-11,766000
2016-06-12,741000
2016-06-13,721000
2016-06-14,699000
2016-06-15,677000
2016-06-16,651000
2016-06-17,623000
2016-06-18,599000
2016-06-19,575000
2016-06-20,559000
2016-06-21,548000
2016-06-22,539000
2016-06-23,528000
2016-06-24,522000
2016-06-25,524000
2016-06-26,523000
2016-06-27,519000
2016-06-28,516000
2016-06-29,513000
2016-06-30,516000
2016-07-01,532000
2016-07-02,553000
2016-07-03,570000
2016-07-04,581000
2016-07-05,585000
2016-07-06,577000
2016-07-07,557000
2016-07-08,534000
2016-07-09,517000
2016-07-10,522000
2016-07-11,552000
2016-07-12,602000
2016-07-13,643000
2016-07-14,673000
2016-07-15,695000
2016-07-16,703000
2016-07-17,696000
2016-07-18,679000
2016-07-19,650000
2016-07-20,611000
2016-07-21,581000
2016-07-22,558000
2016-07-23,540000
2016-07-24,524000
2016-07-25,506000
2016-07-26,481000
2016-07-27,460000
2016-07-28,453000
2016-07-29,452000
2016-07-30,459000
2016-07-31,474000
2016-08-01,491000
2016-08-02,499000
2016-08-03,507000
2016-08-04,520000
2016-08-05,534000
2016-08-06,539000
2016-08-07,546000
2016-08-08,553000
2016-08-09,565000
2016-08-10,576000
2016-08-11,585000
2016-08-12,591000
2016-08-13,583000
2016-08-14,571000
2016-08-15,555000
2016-08-16,538000
2016-08-17,521000
2016-08-18,514000
2016-08-19,513000
2016-08-20,523000
2016-08-21,547000
2016-08-22,576000
2016-08-23,602000
2016-08-24,615000
2016-08-25,619000
2016-08-26,612000
2016-08-27,600000
2016-08-28,590000
2016-08-29,584000
2016-08-30,575000
2016-08-31,565000
2016-09-01,551000
2016-09-02,535000
2016-09-03,518000
2016-09-04,500000
2016-09-05,494000
2016-09-06,500000
2016-09-07,506000
2016-09-08,512000
2016-09-09,515000
2016-09-10,517000
2016-09-11,514000
2016-09-12,509000
2016-09-13,498000
2016-09-14,485000
2016-09-15,479000
2016-09-16,484000
2016-09-17,496000
2016-09-18,513000
2016-09-19,524000
2016-09-20,525000
2016-09-21,524000
2016-09-22,521000
2016-09-23,523000
2016-09-24,535000
2016-09-25,546000
2016-09-26,553000
2016-09-27,553000
2016-09-28,543000
2016-09-29,531000
2016-09-30,525000
2016-10-01,519000
2016-10-02,507000
2016-10-03,491000
2016-10-04,478000
2016-10-05,468000
2016-10-06,462000
2016-10-07,464000
2016-10-08,469000
2016-10-09,479000
2016-10-10,488000
2016-10-11,495000
2016-10-12,494000
2016-10-13,487000
2016-10-14,484000
2016-10-15,488000
2016-10-16,497000
2016-10-17,506000
2016-10-18,508000
2016-10-19,507000
2016-10-20,497000
2016-10-21,486000
2016-10-22,478000
2016-10-23,466000
2016-10-24,448000
2016-10-25,428000
2016-10-26,416000
2016-10-27,419000
2016-10-28,426000
2016-10-29,438000
2016-10-30,452000
2016-10-31,466000
2016-11-01,470000
2016-11-02,459000
2016-11-03,448000
2016-11-04,430000
2016-11-05,410000
2016-11-06,393000
2016-11-07,381000
2016-11-08,374000
2016-11-09,367000
2016-11-10,369000
2016-11-11,373000
2016-11-12,374000
2016-11-13,375000
2016-11-14,371000
2016-11-15,365000
2016-11-16,358000
2016-11-17,352000
2016-11-18,346000
2016-11-19,334000
2016-11-20,328000
2016-11-21,322000
2016-11-22,314000
2016-11-23,303000
2016-11-24,296000
2016-11-25,294000
2016-11-26,291000
2016-11-27,284000
2016-11-28,276000
2016-11-29,273000
2016-11-30,274000
2016-12-01,280000
2016-12-02,285000
2016-12-03,284000
2016-12-04,291000
2016-12-05,301000
2016-12-06,318000
2016-12-07,332000
2016-12-08,345000
2016-12-09,363000
2016-12-10,383000
2016-12-11,400000
2016-12-12,415000
2016-12-13,422000
2016-12-14,425000
2016-12-15,421000
2016-12-16,411000
2016-12-17,402000
2016-12-18,400000
2016-12-19,401000
2016-12-20,406000
2016-12-21,404000
2016-12-22,403000
2016-12-23,401000
2016-12-24,403000
2016-12-25,413000
2016-12-26,434000
2016-12-27,470000
2016-12-28,504000
2016-12-29,531000
2016-12-30,550000
2016-12-31,557000
2017-01-01,563000
2017-01-02,565000
2017-01-03,579000
2017-01-04,595000
2017-01-05,613000
2017-01-06,626000
2017-01-07,636000
2017-01-08,642000
2017-01-09,635000
2017-01-10,625000
2017-01-11,616000
2017-01-12,612000
2017-01-13,609000
2017-01-14,610000
2017-01-15,607000
2017-01-16,596000
2017-01-17,579000
2017-01-18,559000
2017-01-19,555000
2017-01-20,568000
2017-01-21,593000
2017-01-22,639000
2017-01-23,689000
2017-01-24,737000
2017-01-25,784000
2017-01-26,821000
2017-01-27,852000
2017-01-28,874000
2017-01-29,892000
2017-01-30,904000
2017-01-31,907000
2017-02-01,909000
2017-02-02,908000
2017-02-03,906000
2017-02-04,904000
2017-02-05,901000
2017-02-06,892000
2017-02-07,868000
2017-02-08,832000
2017-02-09,791000
2017-02-10,745000
2017-02-11,695000
2017-02-12,648000
2017-02-13,613000
2017-02-14,587000
2017-02-15,575000
2017-02-16,575000
2017-02-17,580000
2017-02-18,581000
2017-02-19,574000
2017-02-20,565000
2017-02-21,558000
2017-02-22,550000
2017-02-23,544000
2017-02-24,540000
2017-02-25,536000
2017-02-26,524000
2017-02-27,512000
2017-02-28,494000
2017-03-01,483000
2017-03-02,474000
2017-03-03,460000
2017-03-04,445000
2017-03-05,438000
2017-03-06,441000
2017-03-07,479000
2017-03-08,553000
2017-03-09,624000
2017-03-10,689000
2017-03-11,744000
2017-03-12,794000
2017-03-13,835000
2017-03-14,862000
2017-03-15,879000
2017-03-16,881000
2017-03-17,867000
2017-03-18,850000
2017-03-19,828000
2017-03-20,799000
2017-03-21,770000
2017-03-22,736000
2017-03-23,697000
2017-03-24,654000
2017-03-25,620000
2017-03-26,601000
2017-03-27,590000
2017-03-28,587000
2017-03-29,588000
2017-03-30,597000
2017-03-31,602000
2017-04-01,598000
2017-04-02,597000
2017-04-03,635000
2017-04-04,664000
2017-04-05,697000
2017-04-06,732000
2017-04-07,769000
2017-04-08,802000
2017-04-09,834000
2017-04-10,862000
2017-04-11,888000
2017-04-12,914000
2017-04-13,939000
2017-04-14,960000
2017-04-15,976000
2017-04-16,984000
2017-04-17,985000
2017-04-18,979000
2017-04-19,968000
2017-04-20,955000
2017-04-21,939000
2017-04-22,919000
2017-04-23,899000
2017-04-24,873000
2017-04-25,851000
2017-04-26,842000
2017-04-27,856000
2017-04-28,872000
2017-04-29,896000
2017-04-30,935000
2017-05-01,978000
2017-05-02,1020000
2017-05-03,1070000
2017-05-04,1130000
2017-05-05,1180000
2017-05-06,1230000
2017-05-07,1270000
2017-05-08,1310000
2017-05-09,1350000
2017-05-10,1380000
2017-05-11,1410000
2017-05-12,1450000
2017-05-13,1480000
2017-05-14,1520000
2017-05-15,1560000
2017-05-16,1590000
2017-05-17,1620000
2017-05-18,1640000
2017-05-19,1660000
2017-05-20,1670000
2017-05-21,1680000
2017-05-22,1690000
2017-05-23,1690000
2017-05-24,1700000
2017-05-25,1700000
2017-05-26,1690000
2017-05-27,1670000
2017-05-28,1650000
2017-05-29,1630000
2017-05-30,1600000
2017-05-31,1570000
2017-06-01,1540000
2017-06-02,1510000
2017-06-03,1480000
2017-06-04,1450000
2017-06-05,1420000
2017-06-06,1390000
2017-06-07,1360000
2017-06-08,1340000
2017-06-09,1310000
2017-06-10,1280000
2017-06-11,1250000
2017-06-12,1210000
2017-06-13,1170000
2017-06-14,1130000
2017-06-15,1100000
2017-06-16,1070000
2017-06-17,1030000
2017-06-18,991000
2017-06-19,949000
2017-06-20,904000
2017-06-21,859000
2017-06-22,816000
2017-06-23,782000
2017-06-24,767000
2017-06-25,755000
2017-06-26,749000
2017-06-27,749000
2017-06-28,754000
2017-06-29,761000
2017-06-30,763000
2017-07-01,763000
2017-07-02,772000
2017-07-03,778000
2017-07-04,780000
2017-07-05,770000
2017-07-06,752000
2017-07-07,729000
2017-07-08,708000
2017-07-09,701000
2017-07-10,715000
2017-07-11,738000
2017-07-12,761000
2017-07-13,772000
2017-07-14,773000
2017-07-15,766000
2017-07-16,747000
2017-07-17,719000
2017-07-18,687000
2017-07-19,655000
2017-07-20,626000
2017-07-21,604000
2017-07-22,587000
2017-07-23,580000
2017-07-24,578000
2017-07-25,576000
2017-07-26,566000
2017-07-27,546000
2017-07-28,521000
2017-07-29,506000
2017-07-30,500000
2017-07-31,502000
2017-08-01,505000
2017-08-02,518000
2017-08-03,534000
2017-08-04,548000
2017-08-05,559000
2017-08-06,571000
2017-08-07,583000
2017-08-08,596000
2017-08-09,608000
2017-08-10,603000
2017-08-11,581000
2017-08-12,545000
2017-08-13,509000
2017-08-14,481000
2017-08-15,463000
2017-08-16,466000
2017-08-17,476000
2017-08-18,494000
2017-08-19,506000
2017-08-20,504000
2017-08-21,496000
2017-08-22,472000
2017-08-23,449000
2017-08-24,433000
2017-08-25,420000
2017-08-26,414000
2017-08-27,406000
2017-08-28,398000
2017-08-29,388000
2017-08-30,380000
2017-08-31,393000
2017-09-01,411000
2017-09-02,434000
2017-09-03,461000
2017-09-04,478000
2017-09-05,491000
2017-09-06,506000
2017-09-07,518000
2017-09-08,531000
2017-09-09,541000
2017-09-10,537000
2017-09-11,520000
2017-09-12,496000
2017-09-13,470000
2017-09-14,449000
2017-09-15,434000
2017-09-16,421000
2017-09-17,407000
2017-09-18,390000
2017-09-19,373000
2017-09-20,359000
2017-09-21,347000
2017-09-22,331000
2017-09-23,316000
2017-09-24,304000
2017-09-25,298000
2017-09-26,292000
2017-09-27,285000
2017-09-28,279000
2017-09-29,274000
2017-09-30,267000
2017-10-01,263000
2017-10-02,257000
2017-10-03,250000
2017-10-04,242000
2017-10-05,236000
2017-10-06,237000
2017-10-07,236000
2017-10-08,240000
2017-10-09,245000
2017-10-10,243000
2017-10-11,242000
2017-10-12,250000
2017-10-13,263000
2017-10-14,274000
2017-10-15,287000
2017-10-16,311000
2017-10-17,344000
2017-10-18,368000
2017-10-19,386000
2017-10-20,402000
2017-10-21,406000
2017-10-22,410000
2017-10-23,414000
2017-10-24,423000
2017-10-25,433000
2017-10-26,429000
2017-10-27,427000
2017-10-28,425000
2017-10-29,422000
2017-10-30,418000
2017-10-31,424000
2017-11-01,431000
2017-11-02,441000
2017-11-03,457000
2017-11-04,467000
2017-11-05,467000
2017-11-06,468000
2017-11-07,464000
2017-11-08,463000
2017-11-09,468000
2017-11-10,472000
2017-11-11,478000
2017-11-12,484000
2017-11-13,497000
2017-11-14,526000
2017-11-15,560000
2017-11-16,589000
2017-11-17,609000
2017-11-18,617000
2017-11-19,610000
2017-11-20,587000
2017-11-21,558000
2017-11-22,526000
2017-11-23,497000
2017-11-24,471000
2017-11-25,448000
2017-11-26,432000
2017-11-27,424000
2017-11-28,425000
2017-11-29,433000
2017-11-30,444000
2017-12-01,453000
2017-12-02,455000
2017-12-03,453000
2017-12-04,440000
2017-12-05,426000
2017-12-06,411000
2017-12-07,395000
2017-12-08,383000
2017-12-09,371000
2017-12-10,360000
2017-12-11,345000
2017-12-12,329000
2017-12-13,317000
2017-12-14,308000
2017-12-15,297000
2017-12-16,288000
2017-12-17,281000
2017-12-18,276000
2017-12-19,269000
2017-12-20,267000
2017-12-21,276000
2017-12-22,288000
2017-12-23,304000
2017-12-24,324000
2017-12-25,356000
2017-12-26,390000
2017-12-27,416000
2017-12-28,443000
2017-12-29,478000
2017-12-30,525000
2017-12-31,572000
2018-01-01,609000
2018-01-02,628000
2018-01-03,628000
2018-01-04,611000
2018-01-05,584000
2018-01-06,554000
2018-01-07,520000
2018-01-08,489000
2018-01-09,454000
2018-01-10,418000
2018-01-11,384000
2018-01-12,358000
2018-01-13,344000
2018-01-14,344000
2018-01-15,338000
2018-01-16,328000
2018-01-17,327000
2018-01-18,338000
2018-01-19,361000
2018-01-20,383000
2018-01-21,414000
2018-01-22,457000
2018-01-23,506000
2018-01-24,549000
2018-01-25,575000
2018-01-26,581000
2018-01-27,572000
2018-01-28,555000
2018-01-29,537000
2018-01-30,527000
2018-01-31,524000
2018-02-01,530000
2018-02-02,544000
2018-02-03,556000
2018-02-04,574000
2018-02-05,589000
2018-02-06,593000
2018-02-07,599000
2018-02-08,613000
2018-02-09,615000
2018-02-10,610000
2018-02-11,610000
2018-02-12,609000
2018-02-13,622000
2018-02-14,652000
2018-02-15,695000
2018-02-16,750000
2018-02-17,803000
2018-02-18,849000
2018-02-19,884000
2018-02-20,913000
2018-02-21,941000
2018-02-22,982000
2018-02-23,1030000
2018-02-24,1090000
2018-02-25,1150000
2018-02-26,1200000
2018-02-27,1260000
2018-02-28,1310000
2018-03-01,1370000
2018-03-02,1410000
2018-03-03,1460000
2018-03-04,1510000
2018-03-05,1560000
2018-03-06,1620000
2018-03-07,1670000
2018-03-08,1720000
2018-03-09,1740000
2018-03-10,1760000
2018-03-11,1780000
2018-03-12,1790000
2018-03-13,1800000
2018-03-14,1810000
2018-03-15,1810000
2018-03-16,1810000
2018-03-17,1800000
2018-03-18,1790000
2018-03-19,1770000
2018-03-20,1740000
2018-03-21,1720000
2018-03-22,1680000
2018-03-23,1640000
2018-03-24,1590000
2018-03-25,1530000
2018-03-26,1460000
2018-03-27,1380000
2018-03-28,1310000
2018-03-29,1260000
2018-03-30,1210000
2018-03-31,1180000
2018-04-01,1170000
2018-04-02,1180000
2018-04-03,1180000
2018-04-04,1200000
2018-04-05,1210000
2018-04-06,1220000
2018-04-07,1230000
2018-04-08,1240000
2018-04-09,1250000
2018-04-10,1250000
2018-04-11,1260000
2018-04-12,1250000
2018-04-13,1250000
2018-04-14,1250000
2018-04-15,1250000
2018-04-16,1250000
2018-04-17,1250000
2018-04-18,1260000
2018-04-19,1250000
2018-04-20,1250000
2018-04-21,1240000
2018-04-22,1240000
2018-04-23,1230000
2018-04-24,1230000
2018-04-25,1220000
2018-04-26,1210000
2018-04-27,1190000
2018-04-28,1190000
2018-04-29,1180000
2018-04-30,1170000
2018-05-01,1170000
2018-05-02,1160000
2018-05-03,1160000
2018-05-04,1150000
2018-05-05,1150000
2018-05-06,1140000
2018-05-07,1130000
2018-05-08,1110000
2018-05-09,1090000
2018-05-10,1050000
2018-05-11,1010000
2018-05-12,973000
2018-05-13,935000
2018-05-14,904000
2018-05-15,881000
2018-05-16,868000
2018-05-17,860000
2018-05-18,854000
2018-05-19,839000
2018-05-20,817000
2018-05-21,791000
2018-05-22,769000
2018-05-23,761000
2018-05-24,770000
2018-05-25,783000
2018-05-26,797000
2018-05-27,813000
2018-05-28,824000
2018-05-29,829000
2018-05-30,826000
2018-05-31,826000
2018-06-01,824000
2018-06-02,817000
2018-06-03,811000
2018-06-04,804000
2018-06-05,798000
2018-06-06,791000
2018-06-07,783000
2018-06-08,774000
2018-06-09,759000
2018-06-10,738000
2018-06-11,713000
2018-06-12,684000
2018-06-13,649000
2018-06-14,620000
2018-06-15,590000
2018-06-16,564000
2018-06-17,546000
2018-06-18,536000
2018-06-19,540000
2018-06-20,553000
2018-06-21,570000
2018-06-22,585000
2018-06-23,601000
2018-06-24,604000
2018-06-25,593000
2018-06-26,584000
2018-06-27,576000
2018-06-28,566000
2018-06-29,569000
2018-06-30,587000
2018-07-01,621000
2018-07-02,664000
2018-07-03,702000
2018-07-04,736000
2018-07-05,765000
2018-07-06,784000
2018-07-07,795000
2018-07-08,795000
2018-07-09,787000
2018-07-10,772000
2018-07-11,754000
2018-07-12,738000
2018-07-13,718000
2018-07-14,697000
2018-07-15,672000
2018-07-16,647000
2018-07-17,622000
2018-07-18,597000
2018-07-19,573000
2018-07-20,548000
2018-07-21,529000
2018-07-22,517000
2018-07-23,504000
2018-07-24,490000
2018-07-25,478000
2018-07-26,469000
2018-07-27,464000
2018-07-28,462000
2018-07-29,461000
2018-07-30,455000
2018-07-31,450000
2018-08-01,445000
2018-08-02,438000
2018-08-03,428000
2018-08-04,420000
2018-08-05,410000
2018-08-06,402000
2018-08-07,397000
2018-08-08,400000
2018-08-09,407000
2018-08-10,409000
2018-08-11,408000
2018-08-12,405000
2018-08-13,399000
2018-08-14,391000
2018-08-15,382000
2018-08-16,377000
2018-08-17,381000
2018-08-18,400000
2018-08-19,422000
2018-08-20,436000
2018-08-21,447000
2018-08-22,450000
2018-08-23,448000
2018-08-24,442000
2018-08-25,438000
2018-08-26,434000
2018-08-27,430000
2018-08-28,423000
2018-08-29,415000
2018-08-30,408000
2018-08-31,398000
2018-09-01,394000
2018-09-02,392000
2018-09-03,388000
2018-09-04,385000
2018-09-05,378000
2018-09-06,376000
2018-09-07,385000
2018-09-08,394000
2018-09-09,404000
2018-09-10,415000
2018-09-11,422000
2018-09-12,434000
2018-09-13,465000
2018-09-14,527000
2018-09-15,604000
2018-09-16,673000
2018-09-17,732000
2018-09-18,783000
2018-09-19,823000
2018-09-20,855000
2018-09-21,877000
2018-09-22,893000
2018-09-23,906000
2018-09-24,914000
2018-09-25,916000
2018-09-26,909000
2018-09-27,896000
2018-09-28,880000
2018-09-29,868000
2018-09-30,853000
2018-10-01,841000
2018-10-02,837000
2018-10-03,843000
2018-10-04,851000
2018-10-05,863000
2018-10-06,874000
2018-10-07,883000
2018-10-08,891000
2018-10-09,897000
2018-10-10,902000
2018-10-11,895000
2018-10-12,877000
2018-10-13,854000
2018-10-14,831000
2018-10-15,815000
2018-10-16,810000
2018-10-17,821000
2018-10-18,840000
2018-10-19,865000
2018-10-20,891000
2018-10-21,917000
2018-10-22,944000
2018-10-23,968000
2018-10-24,983000
2018-10-25,990000
2018-10-26,989000
2018-10-27,977000
2018-10-28,956000
2018-10-29,927000
2018-10-30,891000
2018-10-31,859000
2018-11-01,837000
2018-11-02,821000
2018-11-03,815000
2018-11-04,824000
2018-11-05,845000
2018-11-06,872000
2018-11-07,899000
2018-11-08,926000
2018-11-09,953000
2018-11-10,974000
2018-11-11,990000
2018-11-12,1010000
2018-11-13,1030000
2018-11-14,1050000
2018-11-15,1060000
2018-11-16,1060000
2018-11-17,1060000
2018-11-18,1060000
2018-11-19,1050000
2018-11-20,1040000
2018-11-21,1040000
2018-11-22,1030000
2018-11-23,1010000
2018-11-24,1010000
2018-11-25,995000
2018-11-26,986000
2018-11-27,978000
2018-11-28,969000
2018-11-29,954000
2018-11-30,935000
2018-12-01,914000
2018-12-02,897000
2018-12-03,886000
2018-12-04,877000
2018-12-05,872000
2018-12-06,868000
2018-12-07,872000
2018-12-08,892000
2018-12-09,930000
2018-12-10,964000
2018-12-11,994000
2018-12-12,1020000
2018-12-13,1030000
2018-12-14,1050000
2018-12-15,1060000
2018-12-16,1060000
2018-12-17,1060000
2018-12-18,1050000
2018-12-19,1040000
2018-12-20,1030000
2018-12-21,1030000
2018-12-22,1030000
2018-12-23,1030000
2018-12-24,1020000
2018-12-25,1010000
2018-12-26,1010000
2018-12-27,1010000
2018-12-28,1030000
2018-12-29,1050000
2018-12-30,1060000
2018-12-31,1080000
2019-01-01,1100000
2019-01-02,1110000
2019-01-03,1140000
2019-01-04,1160000
2019-01-05,1180000
2019-01-06,1190000
2019-01-07,1210000
2019-01-08,1230000
2019-01-09,1260000
2019-01-10,1280000
2019-01-11,1290000
2019-01-12,1310000
2019-01-13,1320000
2019-01-14,1330000
2019-01-15,1330000
2019-01-16,1340000
2019-01-17,1340000
2019-01-18,1350000
2019-01-19,1350000
2019-01-20,1350000
2019-01-21,1330000
2019-01-22,1310000
2019-01-23,1290000
2019-01-24,1280000
2019-01-25,1260000
2019-01-26,1250000
2019-01-27,1250000
2019-01-28,1250000
2019-01-29,1250000
2019-01-30,1250000
2019-01-31,1250000
2019-02-01,1250000
2019-02-02,1250000
2019-02-03,1250000
2019-02-04,1250000
2019-02-05,1240000
2019-02-06,1240000
2019-02-07,1230000
2019-02-08,1230000
2019-02-09,1230000
2019-02-10,1230000
2019-02-11,1220000
2019-02-12,1230000
2019-02-13,1240000
2019-02-14,1270000
2019-02-15,1300000
2019-02-16,1330000
2019-02-17,1360000
2019-02-18,1390000
2019-02-19,1410000
2019-02-20,1450000
2019-02-21,1480000
2019-02-22,1520000
2019-02-23,1560000
2019-02-24,1600000
2019-02-25,1640000
2019-02-26,1670000
2019-02-27,1700000
2019-02-28,1730000
2019-03-01,1750000
2019-03-02,1770000
2019-03-03,1800000
2019-03-04,1820000
2019-03-05,1830000
2019-03-06,1850000
2019-03-07,1860000
2019-03-08,1870000
2019-03-09,1870000
2019-03-10,1880000
2019-03-11,1880000
2019-03-12,1880000
2019-03-13,1880000
2019-03-14,1880000
2019-03-15,1870000
2019-03-16,1870000
2019-03-17,1870000
2019-03-18,1860000
2019-03-19,1860000
2019-03-20,1860000
2019-03-21,1850000
2019-03-22,1850000
2019-03-23,1840000
2019-03-24,1840000
2019-03-25,1840000
2019-03-26,1830000
2019-03-27,1830000
2019-03-28,1820000
2019-03-29,1810000
2019-03-30,1780000
2019-03-31,1750000
2019-04-01,1720000
2019-04-02,1690000
2019-04-03,1650000
2019-04-04,1620000
2019-04-05,1590000
2019-04-06,1560000
2019-04-07,1530000
2019-04-08,1520000
2019-04-09,1500000
2019-04-10,1480000
2019-04-11,1460000
2019-04-12,1450000
2019-04-13,1440000
2019-04-14,1430000
2019-04-15,1420000
2019-04-16,1410000
2019-04-17,1410000
2019-04-18,1410000
2019-04-19,1420000
2019-04-20,1430000
2019-04-21,1440000
2019-04-22,1440000
2019-04-23,1450000
2019-04-24,1450000
2019-04-25,1450000
2019-04-26,1450000
2019-04-27,1450000
2019-04-28,1460000
2019-04-29,1460000
2019-04-30,1460000
2019-05-01,1470000
2019-05-02,1470000
2019-05-03,1470000
2019-05-04,1480000
2019-05-05,1480000
2019-05-06,1490000
2019-05-07,1500000
2019-05-08,1500000
2019-05-09,1520000
2019-05-10,1530000
2019-05-11,1540000
2019-05-12,1550000
2019-05-13,1550000
2019-05-14,1560000
2019-05-15,1560000
2019-05-16,1570000
2019-05-17,1570000
2019-05-18,1580000
2019-05-19,1590000
2019-05-20,1590000
2019-05-21,1590000
2019-05-22,1590000
2019-05-23,1590000
2019-05-24,1590000
2019-05-25,1580000
2019-05-26,1580000
2019-05-27,1570000
2019-05-28,1560000
2019-05-29,1560000
2019-05-30,1560000
2019-05-31,1550000
2019-06-01,1550000
2019-06-02,1550000
2019-06-03,1540000
2019-06-04,1540000
2019-06-05,1550000
2019-06-06,1550000
2019-06-07,1550000
2019-06-08,1560000
2019-06-09,1560000
2019-06-10,1570000
2019-06-11,1570000
2019-06-12,1580000
2019-06-13,1570000
2019-06-14,1570000
2019-06-15,1560000
2019-06-16,1550000
2019-06-17,1540000
2019-06-18,1530000
2019-06-19,1520000
2019-06-20,1510000
2019-06-21,1500000
2019-06-22,1490000
2019-06-23,1480000
2019-06-24,1480000
2019-06-25,1470000
2019-06-26,1470000
2019-06-27,1460000
2019-06-28,1470000
2019-06-29,1470000
2019-06-30,1470000
2019-07-01,1480000
2019-07-02,1480000
2019-07-03,1490000
2019-07-04,1490000
2019-07-05,1490000
2019-07-06,1490000
2019-07-07,1490000
2019-07-08,1490000
2019-07-09,1490000
2019-07-10,1480000
2019-07-11,1480000
2019-07-12,1480000
2019-07-13,1460000
2019-07-14,1460000
2019-07-15,1450000
2019-07-16,1440000
2019-07-17,1430000
2019-07-18,1410000
2019-07-19,1390000
2019-07-20,1370000
2019-07-21,1350000
2019-07-22,1330000
2019-07-23,1310000
2019-07-24,1290000
2019-07-25,1270000
2019-07-26,1240000
2019-07-27,1220000
2019-07-28,1190000
2019-07-29,1160000
2019-07-30,1140000
2019-07-31,1120000
2019-08-01,1100000
2019-08-02,1080000
2019-08-03,1060000
2019-08-04,1030000
2019-08-05,995000
2019-08-06,960000
2019-08-07,928000
2019-08-08,895000
2019-08-09,865000
2019-08-10,837000
2019-08-11,815000
2019-08-12,795000
2019-08-13,776000
2019-08-14,749000
2019-08-15,717000
2019-08-16,685000
2019-08-17,657000
2019-08-18,635000
2019-08-19,619000
2019-08-20,607000
2019-08-21,597000
2019-08-22,586000
2019-08-23,576000
2019-08-24,567000
2019-08-25,559000
2019-08-26,561000
2019-08-27,578000
2019-08-28,599000
2019-08-29,602000
2019-08-30,601000
2019-08-31,600000
2019-09-01,604000
2019-09-02,610000
2019-09-03,609000
2019-09-04,603000
2019-09-05,596000
2019-09-06,589000
2019-09-07,581000
2019-09-08,575000
2019-09-09,570000
2019-09-10,556000
2019-09-11,539000
2019-09-12,524000
2019-09-13,512000
2019-09-14,498000
2019-09-15,487000
2019-09-16,475000
2019-09-17,466000
2019-09-18,458000
2019-09-19,453000
2019-09-20,452000
2019-09-21,452000
2019-09-22,455000
2019-09-23,463000
2019-09-24,474000
2019-09-25,478000
2019-09-26,486000
2019-09-27,497000
2019-09-28,509000
2019-09-29,516000
2019-09-30,523000
2019-10-01,536000
2019-10-02,549000
2019-10-03,561000
2019-10-04,568000
2019-10-05,570000
2019-10-06,574000
2019-10-07,589000
2019-10-08,610000
2019-10-09,634000
2019-10-10,655000
2019-10-11,672000
2019-10-12,686000
2019-10-13,703000
2019-10-14,724000
2019-10-15,751000
2019-10-16,764000
2019-10-17,762000
2019-10-18,757000
2019-10-19,755000
2019-10-20,752000
2019-10-21,750000
2019-10-22,751000
2019-10-23,746000
2019-10-24,742000
2019-10-25,741000
2019-10-26,750000
2019-10-27,764000
2019-10-28,785000
2019-10-29,813000
2019-10-30,846000
2019-10-31,880000
2019-11-01,892000
2019-11-02,898000
2019-11-03,902000
2019-11-04,907000
2019-11-05,908000
2019-11-06,906000
2019-11-07,906000
2019-11-08,908000
2019-11-09,914000
2019-11-10,923000
2019-11-11,938000
2019-11-12,945000
2019-11-13,945000
2019-11-14,933000
2019-11-15,912000
2019-11-16,886000
2019-11-17,853000
2019-11-18,816000
2019-11-19,783000
2019-11-20,755000
2019-11-21,731000
2019-11-22,710000
2019-11-23,691000
2019-11-24,675000
2019-11-25,666000
2019-11-26,666000
2019-11-27,673000
2019-11-28,675000
2019-11-29,679000
2019-11-30,690000
2019-12-01,712000
2019-12-02,737000
2019-12-03,765000
2019-12-04,801000
2019-12-05,837000
2019-12-06,872000
2019-12-07,912000
2019-12-08,950000
2019-12-09,982000
2019-12-10,1010000
2019-12-11,1030000
2019-12-12,1040000
2019-12-13,1040000
2019-12-14,1020000
2019-12-15,995000
2019-12-16,966000
2019-12-17,938000
2019-12-18,917000
2019-12-19,904000
2019-12-20,892000
2019-12-21,881000
2019-12-22,870000
2019-12-23,875000
2019-12-24,881000
2019-12-25,891000
2019-12-26,905000
2019-12-27,914000
2019-12-28,921000
2019-12-29,930000
2019-12-30,938000
2019-12-31,941000
2020-01-01,933000
2020-01-02,923000
2020-01-03,928000
2020-01-04,940000
2020-01-05,956000
2020-01-06,981000
2020-01-07,1010000
2020-01-08,1040000
2020-01-09,1060000
2020-01-10,1080000
2020-01-11,1100000
2020-01-12,1130000
2020-01-13,1150000
2020-01-14,1190000
2020-01-15,1230000
2020-01-16,1260000
2020-01-17,1280000
2020-01-18,1300000
2020-01-19,1310000
2020-01-20,1330000
2020-01-21,1340000
2020-01-22,1350000
2020-01-23,1360000
2020-01-24,1380000
2020-01-25,1390000
2020-01-26,1400000
2020-01-27,1400000
2020-01-28,1400000
2020-01-29,1400000
2020-01-30,1390000
2020-01-31,1380000
2020-02-01,1370000
2020-02-02,1350000
2020-02-03,1340000
2020-02-04,1320000
2020-02-05,1300000
2020-02-06,1280000
2020-02-07,1270000
2020-02-08,1250000
2020-02-09,1240000
2020-02-10,1230000
2020-02-11,1230000
2020-02-12,1230000
2020-02-13,1240000
2020-02-14,1250000
2020-02-15,1270000
2020-02-16,1290000
2020-02-17,1310000
2020-02-18,1330000
2020-02-19,1350000
2020-02-20,1370000
2020-02-21,1380000
2020-02-22,1400000
2020-02-23,1410000
2020-02-24,1420000
2020-02-25,1430000
2020-02-26,1430000
2020-02-27,1440000
2020-02-28,1450000
2020-02-29,1450000
2020-03-01,1450000
2020-03-02,1450000
2020-03-03,1450000
2020-03-04,1450000
2020-03-05,1450000
2020-03-06,1440000
2020-03-07,1430000
2020-03-08,1410000
2020-03-09,1390000
2020-03-10,1370000
2020-03-11,1350000
2020-03-12,1330000
2020-03-13,1320000
2020-03-14,1300000
2020-03-15,1290000
2020-03-16,1280000
2020-03-17,1270000
2020-03-18,1260000
2020-03-19,1260000
2020-03-20,1270000
2020-03-21,1270000
2020-03-22,1280000
2020-03-23,1300000
2020-03-24,1310000
2020-03-25,1330000
2020-03-26,1340000
2020-03-27,1350000
2020-03-28,1360000
2020-03-29,1370000
2020-03-30,1380000
2020-03-31,1400000
2020-04-01,1410000
2020-04-02,1430000
2020-04-03,1440000
2020-04-04,1460000
2020-04-05,1480000
2020-04-06,1500000
2020-04-07,1510000
2020-04-08,1520000
2020-04-09,1540000
2020-04-10,1540000
2020-04-11,1540000
2020-04-12,1550000
2020-04-13,1560000
2020-04-14,1560000
2020-04-15,1550000
2020-04-16,1530000
2020-04-17,1520000
2020-04-18,1500000
2020-04-19,1480000
2020-04-20,1470000
2020-04-21,1450000
2020-04-22,1430000
2020-04-23,1430000
2020-04-24,1420000
2020-04-25,1410000
2020-04-26,1400000
2020-04-27,1390000
2020-04-28,1390000
2020-04-29,1380000
2020-04-30,1380000
2020-05-01,1370000
2020-05-02,1360000
2020-05-03,1350000
2020-05-04,1340000
2020-05-05,1330000
2020-05-06,1320000
2020-05-07,1310000
2020-05-08,1300000
2020-05-09,1300000
2020-05-10,1290000
2020-05-11,1290000
2020-05-12,1280000
2020-05-13,1270000
2020-05-14,1260000
2020-05-15,1260000
2020-05-16,1250000
2020-05-17,1240000
2020-05-18,1230000
2020-05-19,1220000
2020-05-20,1210000
2020-05-21,1200000
2020-05-22,1190000
2020-05-23,1170000
2020-05-24,1160000
2020-05-25,1160000
2020-05-26,1170000
2020-05-27,1170000
2020-05-28,1180000
2020-05-29,1200000
2020-05-30,1210000
2020-05-31,1220000
2020-06-01,1240000
2020-06-02,1250000
2020-06-03,1260000
2020-06-04,1270000
2020-06-05,1280000
2020-06-06,1290000
2020-06-07,1300000
2020-06-08,1300000
2020-06-09,1310000
2020-06-10,1310000
2020-06-11,1300000
2020-06-12,1290000
2020-06-13,1270000
2020-06-14,1250000
2020-06-15,1230000
2020-06-16,1200000
2020-06-17,1160000
2020-06-18,1120000
2020-06-19,1080000
2020-06-20,1040000
2020-06-21,993000
2020-06-22,953000
2020-06-23,914000
2020-06-24,878000
2020-06-25,844000
2020-06-26,814000
2020-06-27,785000
2020-06-28,760000
2020-06-29,738000
2020-06-30,716000
2020-07-01,695000
2020-07-02,675000
2020-07-03,667000
2020-07-04,675000
2020-07-05,696000
2020-07-06,724000
2020-07-07,752000
2020-07-08,780000
2020-07-09,803000
2020-07-10,810000
2020-07-11,804000
2020-07-12,782000
2020-07-13,745000
2020-07-14,698000
2020-07-15,647000
2020-07-16,608000
2020-07-17,579000
2020-07-18,565000
2020-07-19,551000
2020-07-20,537000
2020-07-21,526000
2020-07-22,514000
2020-07-23,502000
2020-07-24,491000
2020-07-25,485000
2020-07-26,486000
2020-07-27,486000
2020-07-28,488000
2020-07-29,489000
2020-07-30,489000
2020-07-31,489000
2020-08-01,490000
2020-08-02,487000
2020-08-03,474000
2020-08-04,466000
2020-08-05,477000
2020-08-06,508000
2020-08-07,544000
2020-08-08,579000
2020-08-09,611000
2020-08-10,633000
2020-08-11,627000
2020-08-12,608000
2020-08-13,583000
2020-08-14,565000
2020-08-15,556000
2020-08-16,549000
2020-08-17,537000
2020-08-18,521000
2020-08-19,504000
2020-08-20,495000
2020-08-21,486000
2020-08-22,472000
2020-08-23,460000
2020-08-24,444000
2020-08-25,429000
2020-08-26,411000
2020-08-27,394000
2020-08-28,387000
2020-08-29,391000
2020-08-30,394000
2020-08-31,391000
2020-09-01,393000
2020-09-02,404000
2020-09-03,429000
2020-09-04,460000
2020-09-05,488000
2020-09-06,501000
2020-09-07,490000
2020-09-08,483000
2020-09-09,486000
2020-09-10,492000
2020-09-11,499000
2020-09-12,500000
2020-09-13,497000
2020-09-14,482000
2020-09-15,457000
2020-09-16,433000
2020-09-17,418000
2020-09-18,402000
2020-09-19,399000
2020-09-20,405000
2020-09-21,416000
2020-09-22,428000
2020-09-23,434000
2020-09-24,450000
2020-09-25,464000
2020-09-26,456000
2020-09-27,437000
2020-09-28,416000
2020-09-29,397000
2020-09-30,380000
2020-10-01,366000
2020-10-02,357000
2020-10-03,351000
2020-10-04,337000
2020-10-05,322000
2020-10-06,317000
2020-10-07,311000
2020-10-08,305000
2020-10-09,306000
2020-10-10,311000
2020-10-11,317000
2020-10-12,319000
2020-10-13,325000
2020-10-14,330000
2020-10-15,333000
2020-10-16,327000
2020-10-17,316000
2020-10-18,306000
2020-10-19,299000
2020-10-20,293000
2020-10-21,293000
2020-10-22,291000
2020-10-23,285000
2020-10-24,286000
2020-10-25,299000
2020-10-26,312000
2020-10-27,313000
2020-10-28,313000
2020-10-29,317000
2020-10-30,334000
2020-10-31,368000
2020-11-01,408000
2020-11-02,438000
2020-11-03,467000
2020-11-04,516000
2020-11-05,566000
2020-11-06,601000
2020-11-07,620000
2020-11-08,623000
2020-11-09,609000
2020-11-10,581000
2020-11-11,550000
2020-11-12,516000
2020-11-13,485000
2020-11-14,456000
2020-11-15,432000
2020-11-16,410000
2020-11-17,393000
2020-11-18,381000
2020-11-19,377000
2020-11-20,387000
2020-11-21,399000
2020-11-22,412000
2020-11-23,423000
2020-11-24,426000
2020-11-25,422000
2020-11-26,419000
2020-11-27,420000
2020-11-28,426000
2020-11-29,432000
2020-11-30,450000
2020-12-01,473000
2020-12-02,500000
2020-12-03,522000
2020-12-04,537000
2020-12-05,545000
2020-12-06,545000
2020-12-07,536000
2020-12-08,524000
2020-12-09,517000
2020-12-10,512000
2020-12-11,501000
2020-12-12,493000
2020-12-13,478000
2020-12-14,473000
2020-12-15,476000
2020-12-16,482000
2020-12-17,483000
2020-12-18,475000
2020-12-19,467000
2020-12-20,462000
2020-12-21,460000
2020-12-22,460000
2020-12-23,461000
2020-12-24,474000
2020-12-25,485000
2020-12-26,490000
2020-12-27,486000
2020-12-28,481000
2020-12-29,473000
2020-12-30,467000
2020-12-31,464000
2021-01-01,474000
2021-01-02,518000
2021-01-03,580000
2021-01-04,645000
2021-01-05,697000
2021-01-06,728000
2021-01-07,750000
2021-01-08,773000
2021-01-09,800000
2021-01-10,823000
2021-01-11,838000
2021-01-12,840000
2021-01-13,836000
2021-01-14,825000
2021-01-15,809000
2021-01-16,769000
2021-01-17,725000
2021-01-18,679000
2021-01-19,625000
2021-01-20,575000
2021-01-21,531000
2021-01-22,498000
2021-01-23,470000
2021-01-24,441000
2021-01-25,416000
2021-01-26,397000
2021-01-27,384000
2021-01-28,380000
2021-01-29,395000
2021-01-30,419000
2021-01-31,457000
2021-02-01,516000
2021-02-02,583000
2021-02-03,640000
2021-02-04,685000
2021-02-05,733000
2021-02-06,771000
2021-02-07,799000
2021-02-08,812000
2021-02-09,810000
2021-02-10,805000
2021-02-11,799000
2021-02-12,785000
2021-02-13,758000
2021-02-14,726000
2021-02-15,691000
2021-02-16,653000
2021-02-17,616000
2021-02-18,593000
2021-02-19,580000
2021-02-20,566000
2021-02-21,556000
2021-02-22,553000
2021-02-23,558000
2021-02-24,573000
2021-02-25,592000
2021-02-26,610000
2021-02-27,630000
2021-02-28,657000
2021-03-01,697000
2021-03-02,752000
2021-03-03,820000
2021-03-04,884000
2021-03-05,943000
2021-03-06,993000
2021-03-07,1040000
2021-03-08,1070000
2021-03-09,1100000
2021-03-10,1130000
2021-03-11,1150000
2021-03-12,1170000
2021-03-13,1190000
2021-03-14,1200000
2021-03-15,1220000
2021-03-16,1230000
2021-03-17,1250000
2021-03-18,1270000
2021-03-19,1280000
2021-03-20,1300000
2021-03-21,1310000
2021-03-22,1320000
2021-03-23,1320000
2021-03-24,1330000
2021-03-25,1330000
2021-03-26,1340000
2021-03-27,1350000
2021-03-28,1360000
2021-03-29,1370000
2021-03-30,1390000
2021-03-31,1400000
2021-04-01,1410000
2021-04-02,1410000
2021-04-03,1420000
2021-04-04,1420000
2021-04-05,1420000
2021-04-06,1410000
2021-04-07,1410000
2021-04-08,1410000
2021-04-09,1410000
2021-04-10,1420000
2021-04-11,1420000
2021-04-12,1400000
2021-04-13,1380000
2021-04-14,1360000
2021-04-15,1340000
2021-04-16,1310000
2021-04-17,1270000
2021-04-18,1240000
2021-04-19,1200000
2021-04-20,1160000
2021-04-21,1120000
2021-04-22,1090000
2021-04-23,1060000
2021-04-24,1020000
2021-04-25,985000
2021-04-26,939000
2021-04-27,894000
2021-04-28,850000
2021-04-29,806000
2021-04-30,764000
2021-05-01,738000
2021-05-02,744000
2021-05-03,773000
2021-05-04,804000
2021-05-05,831000
2021-05-06,854000
2021-05-07,875000
2021-05-08,895000
2021-05-09,912000
2021-05-10,931000
2021-05-11,944000
2021-05-12,957000
2021-05-13,972000
2021-05-14,983000
2021-05-15,983000
2021-05-16,976000
2021-05-17,966000
2021-05-18,951000
2021-05-19,933000
2021-05-20,916000
2021-05-21,899000
2021-05-22,884000
2021-05-23,867000
2021-05-24,853000
2021-05-25,844000
2021-05-26,844000
2021-05-27,834000
2021-05-28,819000
2021-05-29,796000
2021-05-30,772000
2021-05-31,752000
2021-06-01,741000
2021-06-02,739000
2021-06-03,733000
2021-06-04,722000
2021-06-05,718000
2021-06-06,722000
2021-06-07,729000
2021-06-08,740000
2021-06-09,753000
2021-06-10,777000
2021-06-11,808000
2021-06-12,823000
2021-06-13,829000
2021-06-14,829000
2021-06-15,825000
2021-06-16,815000
2021-06-17,804000
2021-06-18,794000
2021-06-19,783000
2021-06-20,767000
2021-06-21,747000
2021-06-22,726000
2021-06-23,696000
2021-06-24,667000
2021-06-25,639000
2021-06-26,615000
2021-06-27,600000
2021-06-28,590000
2021-06-29,580000
2021-06-30,577000
2021-07-01,578000
2021-07-02,595000
2021-07-03,629000
2021-07-04,674000
2021-07-05,722000
2021-07-06,765000
2021-07-07,801000
2021-07-08,831000
2021-07-09,855000
2021-07-10,871000
2021-07-11,877000
2021-07-12,866000
2021-07-13,832000
2021-07-14,785000
2021-07-15,740000
2021-07-16,709000
2021-07-17,693000
2021-07-18,702000
2021-07-19,729000
2021-07-20,764000
2021-07-21,795000
2021-07-22,822000
2021-07-23,845000
2021-07-24,866000
2021-07-25,884000
2021-07-26,889000
2021-07-27,880000
2021-07-28,859000
2021-07-29,826000
2021-07-30,783000
2021-07-31,732000
2021-08-01,680000
2021-08-02,631000
2021-08-03,585000
2021-08-04,544000
2021-08-05,517000
2021-08-06,501000
2021-08-07,489000
2021-08-08,483000
2021-08-09,470000
2021-08-10,454000
2021-08-11,438000
2021-08-12,420000
2021-08-13,407000
2021-08-14,391000
2021-08-15,384000
2021-08-16,385000
2021-08-17,382000
2021-08-18,372000
2021-08-19,370000
2021-08-20,377000
2021-08-21,389000
2021-08-22,396000
2021-08-23,404000
2021-08-24,414000
2021-08-25,435000
2021-08-26,459000
2021-08-27,483000
2021-08-28,497000
2021-08-29,502000
2021-08-30,491000
2021-08-31,475000
2021-09-01,453000
2021-09-02,433000
2021-09-03,412000
2021-09-04,398000
2021-09-05,391000
2021-09-06,397000
2021-09-07,407000
2021-09-08,428000
2021-09-09,460000
2021-09-10,498000
2021-09-11,527000
2021-09-12,538000
2021-09-13,532000
2021-09-14,515000
2021-09-15,491000
2021-09-16,465000
2021-09-17,437000
2021-09-18,404000
2021-09-19,379000
2021-09-20,362000
2021-09-21,346000
2021-09-22,334000
2021-09-23,336000
2021-09-24,336000
2021-09-25,339000
2021-09-26,349000
2021-09-27,365000
2021-09-28,387000
2021-09-29,410000
2021-09-30,430000
2021-10-01,445000
2021-10-02,454000
2021-10-03,453000
2021-10-04,435000
2021-10-05,409000
2021-10-06,379000
2021-10-07,355000
2021-10-08,338000
2021-10-09,325000
2021-10-10,317000
2021-10-11,315000
2021-10-12,322000
2021-10-13,335000
2021-10-14,355000
2021-10-15,373000
2021-10-16,396000
2021-10-17,410000
2021-10-18,409000
2021-10-19,399000
2021-10-20,383000
2021-10-21,372000
2021-10-22,367000
2021-10-23,364000
2021-10-24,364000
2021-10-25,364000
2021-10-26,360000
2021-10-27,354000
2021-10-28,349000
2021-10-29,344000
2021-10-30,348000
2021-10-31,355000
2021-11-01,356000
2021-11-02,364000
2021-11-03,386000
2021-11-04,415000
2021-11-05,446000
2021-11-06,480000
2021-11-07,512000
2021-11-08,530000
2021-11-09,540000
2021-11-10,539000
2021-11-11,534000
2021-11-12,522000
2021-11-13,505000
2021-11-14,485000
2021-11-15,465000
2021-11-16,438000
2021-11-17,418000
2021-11-18,404000
2021-11-19,389000
2021-11-20,379000
2021-11-21,375000
2021-11-22,372000
2021-11-23,372000
2021-11-24,376000
2021-11-25,376000
2021-11-26,370000
2021-11-27,368000
2021-11-28,369000